ISO-10303-21;
HEADER;
/* Generated by software containing ST-Developer
 * from STEP Tools, Inc. (www.steptools.com) 
 */

FILE_DESCRIPTION(
/* description */ (''),
/* implementation_level */ '2;1');

FILE_NAME(
/* name */ 'Fan_Grid_screw.step',
/* time_stamp */ '2026-02-12T21:55:46+01:00',
/* author */ (''),
/* organization */ (''),
/* preprocessor_version */ 'ST-DEVELOPER v20.1',
/* originating_system */ 'Autodesk Translation Framework v14.24.0.0',
/* authorisation */ '');

FILE_SCHEMA (('AUTOMOTIVE_DESIGN { 1 0 10303 214 3 1 1 }'));
ENDSEC;

DATA;
#10=MECHANICAL_DESIGN_GEOMETRIC_PRESENTATION_REPRESENTATION('',(#13),#6623);
#11=SHAPE_REPRESENTATION_RELATIONSHIP('SRR','None',#6630,#12);
#12=ADVANCED_BREP_SHAPE_REPRESENTATION('',(#14),#6622);
#13=STYLED_ITEM('',(#6640),#14);
#14=MANIFOLD_SOLID_BREP('Body1',#2482);
#15=(
BOUNDED_SURFACE()
B_SPLINE_SURFACE(1,2,((#4887,#4888,#4889),(#4890,#4891,#4892)),
 .UNSPECIFIED.,.F.,.F.,.F.)
B_SPLINE_SURFACE_WITH_KNOTS((2,2),(3,3),(-0.707106781186551,0.679492543590092),
(0.0625483865942493,1.5707963267949),.UNSPECIFIED.)
GEOMETRIC_REPRESENTATION_ITEM()
RATIONAL_B_SPLINE_SURFACE(((1.,0.728871597021445,1.),(1.,0.728871597021445,
1.)))
REPRESENTATION_ITEM('')
SURFACE()
);
#16=(
BOUNDED_SURFACE()
B_SPLINE_SURFACE(1,2,((#5013,#5014,#5015),(#5016,#5017,#5018)),
 .UNSPECIFIED.,.F.,.F.,.F.)
B_SPLINE_SURFACE_WITH_KNOTS((2,2),(3,3),(-0.707106781186555,0.592280927951188),
(-1.570796184833,-0.0499555404536853),.UNSPECIFIED.)
GEOMETRIC_REPRESENTATION_ITEM()
RATIONAL_B_SPLINE_SURFACE(((1.,0.724546377750462,1.),(1.,0.724546377750462,
1.)))
REPRESENTATION_ITEM('')
SURFACE()
);
#17=(
BOUNDED_SURFACE()
B_SPLINE_SURFACE(1,2,((#5022,#5023,#5024),(#5025,#5026,#5027)),
 .UNSPECIFIED.,.F.,.F.,.F.)
B_SPLINE_SURFACE_WITH_KNOTS((2,2),(3,3),(-0.707106781186463,0.592280927951115),
(0.0499552498382446,1.57079583310183),.UNSPECIFIED.)
GEOMETRIC_REPRESENTATION_ITEM()
RATIONAL_B_SPLINE_SURFACE(((1.,0.724546398811738,1.),(1.,0.724546398811738,
1.)))
REPRESENTATION_ITEM('')
SURFACE()
);
#18=(
BOUNDED_SURFACE()
B_SPLINE_SURFACE(1,2,((#5028,#5029,#5030),(#5031,#5032,#5033)),
 .UNSPECIFIED.,.F.,.F.,.F.)
B_SPLINE_SURFACE_WITH_KNOTS((2,2),(3,3),(-0.707106781186548,0.679492543590084),
(1.5707963267949,3.07904426699554),.UNSPECIFIED.)
GEOMETRIC_REPRESENTATION_ITEM()
RATIONAL_B_SPLINE_SURFACE(((1.,0.728871597021448,1.),(1.,0.728871597021448,
1.)))
REPRESENTATION_ITEM('')
SURFACE()
);
#19=(
BOUNDED_SURFACE()
B_SPLINE_SURFACE(1,2,((#5157,#5158,#5159),(#5160,#5161,#5162)),
 .UNSPECIFIED.,.F.,.F.,.F.)
B_SPLINE_SURFACE_WITH_KNOTS((2,2),(3,3),(-0.707106781186551,0.679492543590087),
(0.0625483865942552,1.5707963267949),.UNSPECIFIED.)
GEOMETRIC_REPRESENTATION_ITEM()
RATIONAL_B_SPLINE_SURFACE(((1.,0.728871597021447,1.),(1.,0.728871597021447,
1.)))
REPRESENTATION_ITEM('')
SURFACE()
);
#20=(
BOUNDED_SURFACE()
B_SPLINE_SURFACE(1,2,((#5282,#5283,#5284),(#5285,#5286,#5287)),
 .UNSPECIFIED.,.F.,.F.,.F.)
B_SPLINE_SURFACE_WITH_KNOTS((2,2),(3,3),(-0.707106781186555,0.592280927951188),
(-1.570796184833,-0.0499555404536854),.UNSPECIFIED.)
GEOMETRIC_REPRESENTATION_ITEM()
RATIONAL_B_SPLINE_SURFACE(((1.,0.724546377750462,1.),(1.,0.724546377750462,
1.)))
REPRESENTATION_ITEM('')
SURFACE()
);
#21=(
BOUNDED_SURFACE()
B_SPLINE_SURFACE(1,2,((#5291,#5292,#5293),(#5294,#5295,#5296)),
 .UNSPECIFIED.,.F.,.F.,.F.)
B_SPLINE_SURFACE_WITH_KNOTS((2,2),(3,3),(-0.707106781186463,0.592280927951115),
(0.0499552498382425,1.57079583310183),.UNSPECIFIED.)
GEOMETRIC_REPRESENTATION_ITEM()
RATIONAL_B_SPLINE_SURFACE(((1.,0.724546398811738,1.),(1.,0.724546398811738,
1.)))
REPRESENTATION_ITEM('')
SURFACE()
);
#22=(
BOUNDED_SURFACE()
B_SPLINE_SURFACE(1,2,((#5297,#5298,#5299),(#5300,#5301,#5302)),
 .UNSPECIFIED.,.F.,.F.,.F.)
B_SPLINE_SURFACE_WITH_KNOTS((2,2),(3,3),(-0.707106781186548,0.679492543590084),
(1.5707963267949,3.07904426699554),.UNSPECIFIED.)
GEOMETRIC_REPRESENTATION_ITEM()
RATIONAL_B_SPLINE_SURFACE(((1.,0.728871597021449,1.),(1.,0.728871597021449,
1.)))
REPRESENTATION_ITEM('')
SURFACE()
);
#23=(
BOUNDED_SURFACE()
B_SPLINE_SURFACE(1,2,((#5415,#5416,#5417),(#5418,#5419,#5420)),
 .UNSPECIFIED.,.F.,.F.,.F.)
B_SPLINE_SURFACE_WITH_KNOTS((2,2),(3,3),(-0.70710678118655,0.679492543695009),
(0.0625483865939793,1.5707963267949),.UNSPECIFIED.)
GEOMETRIC_REPRESENTATION_ITEM()
RATIONAL_B_SPLINE_SURFACE(((1.,0.728871597021354,1.),(1.,0.728871597021354,
1.)))
REPRESENTATION_ITEM('')
SURFACE()
);
#24=(
BOUNDED_SURFACE()
B_SPLINE_SURFACE(1,2,((#5532,#5533,#5534),(#5535,#5536,#5537)),
 .UNSPECIFIED.,.F.,.F.,.F.)
B_SPLINE_SURFACE_WITH_KNOTS((2,2),(3,3),(-0.707106895273204,0.592280959710034),
(-1.57079662936237,-0.0499546296906383),.UNSPECIFIED.)
GEOMETRIC_REPRESENTATION_ITEM()
RATIONAL_B_SPLINE_SURFACE(((1.,0.724545910698878,1.),(1.,0.724545910698878,
1.)))
REPRESENTATION_ITEM('')
SURFACE()
);
#25=(
BOUNDED_SURFACE()
B_SPLINE_SURFACE(1,2,((#5541,#5542,#5543),(#5544,#5545,#5546)),
 .UNSPECIFIED.,.F.,.F.,.F.)
B_SPLINE_SURFACE_WITH_KNOTS((2,2),(3,3),(-0.707106856068035,0.592280949153771),
(0.0499552498384163,1.57079693192984),.UNSPECIFIED.)
GEOMETRIC_REPRESENTATION_ITEM()
RATIONAL_B_SPLINE_SURFACE(((1.,0.724546020141259,1.),(1.,0.724546020141259,
1.)))
REPRESENTATION_ITEM('')
SURFACE()
);
#26=(
BOUNDED_SURFACE()
B_SPLINE_SURFACE(1,2,((#5549,#5550,#5551),(#5552,#5553,#5554)),
 .UNSPECIFIED.,.F.,.F.,.F.)
B_SPLINE_SURFACE_WITH_KNOTS((2,2),(3,3),(-0.707106781186548,0.679492543695015),
(1.5707963267949,3.07904426699581),.UNSPECIFIED.)
GEOMETRIC_REPRESENTATION_ITEM()
RATIONAL_B_SPLINE_SURFACE(((1.,0.728871597021353,1.),(1.,0.728871597021353,
1.)))
REPRESENTATION_ITEM('')
SURFACE()
);
#27=(
BOUNDED_SURFACE()
B_SPLINE_SURFACE(1,2,((#5665,#5666,#5667),(#5668,#5669,#5670)),
 .UNSPECIFIED.,.F.,.F.,.F.)
B_SPLINE_SURFACE_WITH_KNOTS((2,2),(3,3),(-0.70710678118655,0.67949254369501),
(0.0625483865939764,1.5707963267949),.UNSPECIFIED.)
GEOMETRIC_REPRESENTATION_ITEM()
RATIONAL_B_SPLINE_SURFACE(((1.,0.728871597021353,1.),(1.,0.728871597021353,
1.)))
REPRESENTATION_ITEM('')
SURFACE()
);
#28=(
BOUNDED_SURFACE()
B_SPLINE_SURFACE(1,2,((#5782,#5783,#5784),(#5785,#5786,#5787)),
 .UNSPECIFIED.,.F.,.F.,.F.)
B_SPLINE_SURFACE_WITH_KNOTS((2,2),(3,3),(-0.707106895273204,0.592280959710035),
(-1.57079662936237,-0.0499546296906383),.UNSPECIFIED.)
GEOMETRIC_REPRESENTATION_ITEM()
RATIONAL_B_SPLINE_SURFACE(((1.,0.724545910698879,1.),(1.,0.724545910698879,
1.)))
REPRESENTATION_ITEM('')
SURFACE()
);
#29=(
BOUNDED_SURFACE()
B_SPLINE_SURFACE(1,2,((#5791,#5792,#5793),(#5794,#5795,#5796)),
 .UNSPECIFIED.,.F.,.F.,.F.)
B_SPLINE_SURFACE_WITH_KNOTS((2,2),(3,3),(-0.707106856068035,0.592280949153771),
(0.0499552498384164,1.57079693192984),.UNSPECIFIED.)
GEOMETRIC_REPRESENTATION_ITEM()
RATIONAL_B_SPLINE_SURFACE(((1.,0.724546020141259,1.),(1.,0.724546020141259,
1.)))
REPRESENTATION_ITEM('')
SURFACE()
);
#30=(
BOUNDED_SURFACE()
B_SPLINE_SURFACE(1,2,((#5799,#5800,#5801),(#5802,#5803,#5804)),
 .UNSPECIFIED.,.F.,.F.,.F.)
B_SPLINE_SURFACE_WITH_KNOTS((2,2),(3,3),(-0.707106781186548,0.679492543695015),
(1.5707963267949,3.07904426699582),.UNSPECIFIED.)
GEOMETRIC_REPRESENTATION_ITEM()
RATIONAL_B_SPLINE_SURFACE(((1.,0.728871597021352,1.),(1.,0.728871597021352,
1.)))
REPRESENTATION_ITEM('')
SURFACE()
);
#31=(
BOUNDED_SURFACE()
B_SPLINE_SURFACE(1,2,((#5915,#5916,#5917),(#5918,#5919,#5920)),
 .UNSPECIFIED.,.F.,.F.,.F.)
B_SPLINE_SURFACE_WITH_KNOTS((2,2),(3,3),(-0.70710678118655,0.67949254369501),
(0.0625483865939852,1.5707963267949),.UNSPECIFIED.)
GEOMETRIC_REPRESENTATION_ITEM()
RATIONAL_B_SPLINE_SURFACE(((1.,0.728871597021355,1.),(1.,0.728871597021355,
1.)))
REPRESENTATION_ITEM('')
SURFACE()
);
#32=(
BOUNDED_SURFACE()
B_SPLINE_SURFACE(1,2,((#6032,#6033,#6034),(#6035,#6036,#6037)),
 .UNSPECIFIED.,.F.,.F.,.F.)
B_SPLINE_SURFACE_WITH_KNOTS((2,2),(3,3),(-0.707106895273204,0.592280959710035),
(-1.57079662936237,-0.0499546296906383),.UNSPECIFIED.)
GEOMETRIC_REPRESENTATION_ITEM()
RATIONAL_B_SPLINE_SURFACE(((1.,0.724545910698879,1.),(1.,0.724545910698879,
1.)))
REPRESENTATION_ITEM('')
SURFACE()
);
#33=(
BOUNDED_SURFACE()
B_SPLINE_SURFACE(1,2,((#6041,#6042,#6043),(#6044,#6045,#6046)),
 .UNSPECIFIED.,.F.,.F.,.F.)
B_SPLINE_SURFACE_WITH_KNOTS((2,2),(3,3),(-0.707106856068035,0.592280949153771),
(0.0499552498384141,1.57079693192984),.UNSPECIFIED.)
GEOMETRIC_REPRESENTATION_ITEM()
RATIONAL_B_SPLINE_SURFACE(((1.,0.724546020141258,1.),(1.,0.724546020141258,
1.)))
REPRESENTATION_ITEM('')
SURFACE()
);
#34=(
BOUNDED_SURFACE()
B_SPLINE_SURFACE(1,2,((#6049,#6050,#6051),(#6052,#6053,#6054)),
 .UNSPECIFIED.,.F.,.F.,.F.)
B_SPLINE_SURFACE_WITH_KNOTS((2,2),(3,3),(-0.707106781186548,0.679492543695015),
(1.5707963267949,3.07904426699582),.UNSPECIFIED.)
GEOMETRIC_REPRESENTATION_ITEM()
RATIONAL_B_SPLINE_SURFACE(((1.,0.728871597021351,1.),(1.,0.728871597021351,
1.)))
REPRESENTATION_ITEM('')
SURFACE()
);
#35=(
BOUNDED_SURFACE()
B_SPLINE_SURFACE(1,2,((#6165,#6166,#6167),(#6168,#6169,#6170)),
 .UNSPECIFIED.,.F.,.F.,.F.)
B_SPLINE_SURFACE_WITH_KNOTS((2,2),(3,3),(-0.70710678118655,0.67949254369501),
(0.0625483865939793,1.5707963267949),.UNSPECIFIED.)
GEOMETRIC_REPRESENTATION_ITEM()
RATIONAL_B_SPLINE_SURFACE(((1.,0.728871597021354,1.),(1.,0.728871597021354,
1.)))
REPRESENTATION_ITEM('')
SURFACE()
);
#36=(
BOUNDED_SURFACE()
B_SPLINE_SURFACE(1,2,((#6282,#6283,#6284),(#6285,#6286,#6287)),
 .UNSPECIFIED.,.F.,.F.,.F.)
B_SPLINE_SURFACE_WITH_KNOTS((2,2),(3,3),(-0.707106895273204,0.592280959710035),
(-1.57079662936237,-0.0499546296906383),.UNSPECIFIED.)
GEOMETRIC_REPRESENTATION_ITEM()
RATIONAL_B_SPLINE_SURFACE(((1.,0.724545910698879,1.),(1.,0.724545910698879,
1.)))
REPRESENTATION_ITEM('')
SURFACE()
);
#37=(
BOUNDED_SURFACE()
B_SPLINE_SURFACE(1,2,((#6291,#6292,#6293),(#6294,#6295,#6296)),
 .UNSPECIFIED.,.F.,.F.,.F.)
B_SPLINE_SURFACE_WITH_KNOTS((2,2),(3,3),(-0.707106856068035,0.592280949153771),
(0.0499552498384144,1.57079693192984),.UNSPECIFIED.)
GEOMETRIC_REPRESENTATION_ITEM()
RATIONAL_B_SPLINE_SURFACE(((1.,0.724546020141258,1.),(1.,0.724546020141258,
1.)))
REPRESENTATION_ITEM('')
SURFACE()
);
#38=(
BOUNDED_SURFACE()
B_SPLINE_SURFACE(1,2,((#6299,#6300,#6301),(#6302,#6303,#6304)),
 .UNSPECIFIED.,.F.,.F.,.F.)
B_SPLINE_SURFACE_WITH_KNOTS((2,2),(3,3),(-0.707106781186548,0.679492543695015),
(1.5707963267949,3.07904426699581),.UNSPECIFIED.)
GEOMETRIC_REPRESENTATION_ITEM()
RATIONAL_B_SPLINE_SURFACE(((1.,0.728871597021354,1.),(1.,0.728871597021354,
1.)))
REPRESENTATION_ITEM('')
SURFACE()
);
#39=(
BOUNDED_SURFACE()
B_SPLINE_SURFACE(1,2,((#6415,#6416,#6417),(#6418,#6419,#6420)),
 .UNSPECIFIED.,.F.,.F.,.F.)
B_SPLINE_SURFACE_WITH_KNOTS((2,2),(3,3),(-0.70710678118655,0.67949254369501),
(0.0625483865939764,1.5707963267949),.UNSPECIFIED.)
GEOMETRIC_REPRESENTATION_ITEM()
RATIONAL_B_SPLINE_SURFACE(((1.,0.728871597021353,1.),(1.,0.728871597021353,
1.)))
REPRESENTATION_ITEM('')
SURFACE()
);
#40=(
BOUNDED_SURFACE()
B_SPLINE_SURFACE(1,2,((#6532,#6533,#6534),(#6535,#6536,#6537)),
 .UNSPECIFIED.,.F.,.F.,.F.)
B_SPLINE_SURFACE_WITH_KNOTS((2,2),(3,3),(-0.707106895273204,0.592280959710035),
(-1.57079662936237,-0.0499546296906383),.UNSPECIFIED.)
GEOMETRIC_REPRESENTATION_ITEM()
RATIONAL_B_SPLINE_SURFACE(((1.,0.724545910698879,1.),(1.,0.724545910698879,
1.)))
REPRESENTATION_ITEM('')
SURFACE()
);
#41=(
BOUNDED_SURFACE()
B_SPLINE_SURFACE(1,2,((#6541,#6542,#6543),(#6544,#6545,#6546)),
 .UNSPECIFIED.,.F.,.F.,.F.)
B_SPLINE_SURFACE_WITH_KNOTS((2,2),(3,3),(-0.707106856068035,0.592280949153771),
(0.0499552498384163,1.57079693192984),.UNSPECIFIED.)
GEOMETRIC_REPRESENTATION_ITEM()
RATIONAL_B_SPLINE_SURFACE(((1.,0.724546020141259,1.),(1.,0.724546020141259,
1.)))
REPRESENTATION_ITEM('')
SURFACE()
);
#42=(
BOUNDED_SURFACE()
B_SPLINE_SURFACE(1,2,((#6549,#6550,#6551),(#6552,#6553,#6554)),
 .UNSPECIFIED.,.F.,.F.,.F.)
B_SPLINE_SURFACE_WITH_KNOTS((2,2),(3,3),(-0.707106781186548,0.679492543695015),
(1.5707963267949,3.07904426699582),.UNSPECIFIED.)
GEOMETRIC_REPRESENTATION_ITEM()
RATIONAL_B_SPLINE_SURFACE(((1.,0.728871597021352,1.),(1.,0.728871597021352,
1.)))
REPRESENTATION_ITEM('')
SURFACE()
);
#43=B_SPLINE_SURFACE_WITH_KNOTS('',3,3,((#4683,#4684,#4685,#4686,#4687,
#4688,#4689),(#4690,#4691,#4692,#4693,#4694,#4695,#4696),(#4697,#4698,#4699,
#4700,#4701,#4702,#4703),(#4704,#4705,#4706,#4707,#4708,#4709,#4710),(#4711,
#4712,#4713,#4714,#4715,#4716,#4717)),.UNSPECIFIED.,.F.,.F.,.F.,(4,1,4),
(4,1,1,1,4),(0.,0.5,1.),(0.0409475604754569,0.250696540129717,0.460445519783976,
0.740110825989656,1.01977613219534),.UNSPECIFIED.);
#44=B_SPLINE_SURFACE_WITH_KNOTS('',3,3,((#4783,#4784,#4785,#4786,#4787,
#4788),(#4789,#4790,#4791,#4792,#4793,#4794),(#4795,#4796,#4797,#4798,#4799,
#4800),(#4801,#4802,#4803,#4804,#4805,#4806),(#4807,#4808,#4809,#4810,#4811,
#4812)),.UNSPECIFIED.,.F.,.F.,.F.,(4,1,4),(4,1,1,4),(0.,0.5,1.),(0.,0.419497959308519,
0.699163265514199,0.978828571719879),.UNSPECIFIED.);
#45=B_SPLINE_SURFACE_WITH_KNOTS('',3,3,((#4895,#4896,#4897,#4898,#4899,
#4900,#4901),(#4902,#4903,#4904,#4905,#4906,#4907,#4908),(#4909,#4910,#4911,
#4912,#4913,#4914,#4915),(#4916,#4917,#4918,#4919,#4920,#4921,#4922),(#4923,
#4924,#4925,#4926,#4927,#4928,#4929),(#4930,#4931,#4932,#4933,#4934,#4935,
#4936),(#4937,#4938,#4939,#4940,#4941,#4942,#4943)),.UNSPECIFIED.,.F.,.F.,
 .F.,(4,1,1,1,4),(4,1,1,1,4),(0.,0.285714285714286,0.571428571428571,0.857142857142857,
1.),(0.0380126350103323,0.296569978436462,0.555127321862593,0.899870446430766,
1.24461357099894),.UNSPECIFIED.);
#46=B_SPLINE_SURFACE_WITH_KNOTS('',3,3,((#4957,#4958,#4959,#4960,#4961,
#4962,#4963),(#4964,#4965,#4966,#4967,#4968,#4969,#4970),(#4971,#4972,#4973,
#4974,#4975,#4976,#4977),(#4978,#4979,#4980,#4981,#4982,#4983,#4984),(#4985,
#4986,#4987,#4988,#4989,#4990,#4991),(#4992,#4993,#4994,#4995,#4996,#4997,
#4998),(#4999,#5000,#5001,#5002,#5003,#5004,#5005)),.UNSPECIFIED.,.F.,.F.,
 .F.,(4,1,1,1,4),(4,1,1,1,4),(0.,0.285714285714286,0.571428571428571,0.857142857142857,
1.),(0.,0.344743090099586,0.689486180199172,0.948043497773861,1.20660081534855),
 .UNSPECIFIED.);
#47=B_SPLINE_SURFACE_WITH_KNOTS('',3,3,((#5039,#5040,#5041,#5042,#5043,
#5044,#5045),(#5046,#5047,#5048,#5049,#5050,#5051,#5052),(#5053,#5054,#5055,
#5056,#5057,#5058,#5059),(#5060,#5061,#5062,#5063,#5064,#5065,#5066),(#5067,
#5068,#5069,#5070,#5071,#5072,#5073)),.UNSPECIFIED.,.F.,.F.,.F.,(4,1,4),
(4,1,1,1,4),(0.,0.5,1.),(0.0409475604754569,0.250696540129717,0.460445519783976,
0.740110825989656,1.01977613219534),.UNSPECIFIED.);
#48=B_SPLINE_SURFACE_WITH_KNOTS('',3,3,((#5097,#5098,#5099,#5100,#5101,
#5102),(#5103,#5104,#5105,#5106,#5107,#5108),(#5109,#5110,#5111,#5112,#5113,
#5114),(#5115,#5116,#5117,#5118,#5119,#5120),(#5121,#5122,#5123,#5124,#5125,
#5126)),.UNSPECIFIED.,.F.,.F.,.F.,(4,1,4),(4,1,1,4),(0.,0.5,1.),(0.,0.419497959308519,
0.699163265514199,0.978828571719879),.UNSPECIFIED.);
#49=B_SPLINE_SURFACE_WITH_KNOTS('',3,3,((#5164,#5165,#5166,#5167,#5168,
#5169,#5170),(#5171,#5172,#5173,#5174,#5175,#5176,#5177),(#5178,#5179,#5180,
#5181,#5182,#5183,#5184),(#5185,#5186,#5187,#5188,#5189,#5190,#5191),(#5192,
#5193,#5194,#5195,#5196,#5197,#5198),(#5199,#5200,#5201,#5202,#5203,#5204,
#5205),(#5206,#5207,#5208,#5209,#5210,#5211,#5212)),.UNSPECIFIED.,.F.,.F.,
 .F.,(4,1,1,1,4),(4,1,1,1,4),(0.,0.285714285714286,0.571428571428571,0.857142857142857,
1.),(0.0380126350103323,0.296569978436462,0.555127321862593,0.899870446430766,
1.24461357099894),.UNSPECIFIED.);
#50=B_SPLINE_SURFACE_WITH_KNOTS('',3,3,((#5226,#5227,#5228,#5229,#5230,
#5231,#5232),(#5233,#5234,#5235,#5236,#5237,#5238,#5239),(#5240,#5241,#5242,
#5243,#5244,#5245,#5246),(#5247,#5248,#5249,#5250,#5251,#5252,#5253),(#5254,
#5255,#5256,#5257,#5258,#5259,#5260),(#5261,#5262,#5263,#5264,#5265,#5266,
#5267),(#5268,#5269,#5270,#5271,#5272,#5273,#5274)),.UNSPECIFIED.,.F.,.F.,
 .F.,(4,1,1,1,4),(4,1,1,1,4),(0.,0.285714285714286,0.571428571428571,0.857142857142857,
1.),(0.,0.344743090099586,0.689486180199172,0.948043497773861,1.20660081534855),
 .UNSPECIFIED.);
#51=B_SPLINE_SURFACE_WITH_KNOTS('',3,3,((#5305,#5306,#5307,#5308,#5309,
#5310),(#5311,#5312,#5313,#5314,#5315,#5316),(#5317,#5318,#5319,#5320,#5321,
#5322),(#5323,#5324,#5325,#5326,#5327,#5328),(#5329,#5330,#5331,#5332,#5333,
#5334)),.UNSPECIFIED.,.F.,.F.,.F.,(4,1,4),(4,1,1,4),(0.,0.5,1.),(0.0409475632652611,
0.320612869479787,0.600278175694312,1.0197761350161),.UNSPECIFIED.);
#52=B_SPLINE_SURFACE_WITH_KNOTS('',3,3,((#5356,#5357,#5358,#5359,#5360,
#5361),(#5362,#5363,#5364,#5365,#5366,#5367),(#5368,#5369,#5370,#5371,#5372,
#5373),(#5374,#5375,#5376,#5377,#5378,#5379),(#5380,#5381,#5382,#5383,#5384,
#5385)),.UNSPECIFIED.,.F.,.F.,.F.,(4,1,4),(4,1,1,4),(0.,0.5,1.),(2.7117093616972E-31,
0.419497959321789,0.699163265536316,0.978828571750842),.UNSPECIFIED.);
#53=B_SPLINE_SURFACE_WITH_KNOTS('',3,3,((#5422,#5423,#5424,#5425,#5426,
#5427,#5428),(#5429,#5430,#5431,#5432,#5433,#5434,#5435),(#5436,#5437,#5438,
#5439,#5440,#5441,#5442),(#5443,#5444,#5445,#5446,#5447,#5448,#5449),(#5450,
#5451,#5452,#5453,#5454,#5455,#5456),(#5457,#5458,#5459,#5460,#5461,#5462,
#5463),(#5464,#5465,#5466,#5467,#5468,#5469,#5470)),.UNSPECIFIED.,.F.,.F.,
 .F.,(4,1,1,1,4),(4,1,1,1,4),(0.,0.285714285714286,0.571428571428571,0.857142857142857,
1.),(0.0380126532934735,0.296570185022893,0.555127716752312,0.899871092391537,
1.24461446803076),.UNSPECIFIED.);
#54=B_SPLINE_SURFACE_WITH_KNOTS('',3,3,((#5484,#5485,#5486,#5487,#5488,
#5489),(#5490,#5491,#5492,#5493,#5494,#5495),(#5496,#5497,#5498,#5499,#5500,
#5501),(#5502,#5503,#5504,#5505,#5506,#5507),(#5508,#5509,#5510,#5511,#5512,
#5513),(#5514,#5515,#5516,#5517,#5518,#5519),(#5520,#5521,#5522,#5523,#5524,
#5525)),.UNSPECIFIED.,.F.,.F.,.F.,(4,1,1,1,4),(4,1,1,4),(0.,0.285714285714286,
0.571428571428571,0.857142857142857,1.),(0.,0.517115017924114,0.861858363206856,
1.2066017084896),.UNSPECIFIED.);
#55=B_SPLINE_SURFACE_WITH_KNOTS('',3,3,((#5555,#5556,#5557,#5558,#5559,
#5560),(#5561,#5562,#5563,#5564,#5565,#5566),(#5567,#5568,#5569,#5570,#5571,
#5572),(#5573,#5574,#5575,#5576,#5577,#5578),(#5579,#5580,#5581,#5582,#5583,
#5584)),.UNSPECIFIED.,.F.,.F.,.F.,(4,1,4),(4,1,1,4),(0.,0.5,1.),(0.0409475632652611,
0.320612869479787,0.600278175694312,1.0197761350161),.UNSPECIFIED.);
#56=B_SPLINE_SURFACE_WITH_KNOTS('',3,3,((#5606,#5607,#5608,#5609,#5610,
#5611),(#5612,#5613,#5614,#5615,#5616,#5617),(#5618,#5619,#5620,#5621,#5622,
#5623),(#5624,#5625,#5626,#5627,#5628,#5629),(#5630,#5631,#5632,#5633,#5634,
#5635)),.UNSPECIFIED.,.F.,.F.,.F.,(4,1,4),(4,1,1,4),(0.,0.5,1.),(2.7117093616972E-31,
0.419497959321789,0.699163265536316,0.978828571750842),.UNSPECIFIED.);
#57=B_SPLINE_SURFACE_WITH_KNOTS('',3,3,((#5672,#5673,#5674,#5675,#5676,
#5677,#5678),(#5679,#5680,#5681,#5682,#5683,#5684,#5685),(#5686,#5687,#5688,
#5689,#5690,#5691,#5692),(#5693,#5694,#5695,#5696,#5697,#5698,#5699),(#5700,
#5701,#5702,#5703,#5704,#5705,#5706),(#5707,#5708,#5709,#5710,#5711,#5712,
#5713),(#5714,#5715,#5716,#5717,#5718,#5719,#5720)),.UNSPECIFIED.,.F.,.F.,
 .F.,(4,1,1,1,4),(4,1,1,1,4),(0.,0.285714285714286,0.571428571428571,0.857142857142857,
1.),(0.0380126532934735,0.296570185022893,0.555127716752312,0.899871092391537,
1.24461446803076),.UNSPECIFIED.);
#58=B_SPLINE_SURFACE_WITH_KNOTS('',3,3,((#5734,#5735,#5736,#5737,#5738,
#5739),(#5740,#5741,#5742,#5743,#5744,#5745),(#5746,#5747,#5748,#5749,#5750,
#5751),(#5752,#5753,#5754,#5755,#5756,#5757),(#5758,#5759,#5760,#5761,#5762,
#5763),(#5764,#5765,#5766,#5767,#5768,#5769),(#5770,#5771,#5772,#5773,#5774,
#5775)),.UNSPECIFIED.,.F.,.F.,.F.,(4,1,1,1,4),(4,1,1,4),(0.,0.285714285714286,
0.571428571428571,0.857142857142857,1.),(0.,0.517115017924114,0.861858363206856,
1.2066017084896),.UNSPECIFIED.);
#59=B_SPLINE_SURFACE_WITH_KNOTS('',3,3,((#5805,#5806,#5807,#5808,#5809,
#5810),(#5811,#5812,#5813,#5814,#5815,#5816),(#5817,#5818,#5819,#5820,#5821,
#5822),(#5823,#5824,#5825,#5826,#5827,#5828),(#5829,#5830,#5831,#5832,#5833,
#5834)),.UNSPECIFIED.,.F.,.F.,.F.,(4,1,4),(4,1,1,4),(0.,0.5,1.),(0.0409475632652611,
0.320612869479787,0.600278175694312,1.0197761350161),.UNSPECIFIED.);
#60=B_SPLINE_SURFACE_WITH_KNOTS('',3,3,((#5856,#5857,#5858,#5859,#5860,
#5861),(#5862,#5863,#5864,#5865,#5866,#5867),(#5868,#5869,#5870,#5871,#5872,
#5873),(#5874,#5875,#5876,#5877,#5878,#5879),(#5880,#5881,#5882,#5883,#5884,
#5885)),.UNSPECIFIED.,.F.,.F.,.F.,(4,1,4),(4,1,1,4),(0.,0.5,1.),(2.7117093616972E-31,
0.419497959321789,0.699163265536316,0.978828571750842),.UNSPECIFIED.);
#61=B_SPLINE_SURFACE_WITH_KNOTS('',3,3,((#5922,#5923,#5924,#5925,#5926,
#5927,#5928),(#5929,#5930,#5931,#5932,#5933,#5934,#5935),(#5936,#5937,#5938,
#5939,#5940,#5941,#5942),(#5943,#5944,#5945,#5946,#5947,#5948,#5949),(#5950,
#5951,#5952,#5953,#5954,#5955,#5956),(#5957,#5958,#5959,#5960,#5961,#5962,
#5963),(#5964,#5965,#5966,#5967,#5968,#5969,#5970)),.UNSPECIFIED.,.F.,.F.,
 .F.,(4,1,1,1,4),(4,1,1,1,4),(0.,0.285714285714286,0.571428571428571,0.857142857142857,
1.),(0.0380126532934735,0.296570185022893,0.555127716752312,0.899871092391537,
1.24461446803076),.UNSPECIFIED.);
#62=B_SPLINE_SURFACE_WITH_KNOTS('',3,3,((#5984,#5985,#5986,#5987,#5988,
#5989),(#5990,#5991,#5992,#5993,#5994,#5995),(#5996,#5997,#5998,#5999,#6000,
#6001),(#6002,#6003,#6004,#6005,#6006,#6007),(#6008,#6009,#6010,#6011,#6012,
#6013),(#6014,#6015,#6016,#6017,#6018,#6019),(#6020,#6021,#6022,#6023,#6024,
#6025)),.UNSPECIFIED.,.F.,.F.,.F.,(4,1,1,1,4),(4,1,1,4),(0.,0.285714285714286,
0.571428571428571,0.857142857142857,1.),(0.,0.517115017924114,0.861858363206856,
1.2066017084896),.UNSPECIFIED.);
#63=B_SPLINE_SURFACE_WITH_KNOTS('',3,3,((#6055,#6056,#6057,#6058,#6059,
#6060),(#6061,#6062,#6063,#6064,#6065,#6066),(#6067,#6068,#6069,#6070,#6071,
#6072),(#6073,#6074,#6075,#6076,#6077,#6078),(#6079,#6080,#6081,#6082,#6083,
#6084)),.UNSPECIFIED.,.F.,.F.,.F.,(4,1,4),(4,1,1,4),(0.,0.5,1.),(0.0409475632652611,
0.320612869479787,0.600278175694312,1.0197761350161),.UNSPECIFIED.);
#64=B_SPLINE_SURFACE_WITH_KNOTS('',3,3,((#6106,#6107,#6108,#6109,#6110,
#6111),(#6112,#6113,#6114,#6115,#6116,#6117),(#6118,#6119,#6120,#6121,#6122,
#6123),(#6124,#6125,#6126,#6127,#6128,#6129),(#6130,#6131,#6132,#6133,#6134,
#6135)),.UNSPECIFIED.,.F.,.F.,.F.,(4,1,4),(4,1,1,4),(0.,0.5,1.),(2.7117093616972E-31,
0.419497959321789,0.699163265536316,0.978828571750842),.UNSPECIFIED.);
#65=B_SPLINE_SURFACE_WITH_KNOTS('',3,3,((#6172,#6173,#6174,#6175,#6176,
#6177,#6178),(#6179,#6180,#6181,#6182,#6183,#6184,#6185),(#6186,#6187,#6188,
#6189,#6190,#6191,#6192),(#6193,#6194,#6195,#6196,#6197,#6198,#6199),(#6200,
#6201,#6202,#6203,#6204,#6205,#6206),(#6207,#6208,#6209,#6210,#6211,#6212,
#6213),(#6214,#6215,#6216,#6217,#6218,#6219,#6220)),.UNSPECIFIED.,.F.,.F.,
 .F.,(4,1,1,1,4),(4,1,1,1,4),(0.,0.285714285714286,0.571428571428571,0.857142857142857,
1.),(0.0380126532934735,0.296570185022893,0.555127716752312,0.899871092391537,
1.24461446803076),.UNSPECIFIED.);
#66=B_SPLINE_SURFACE_WITH_KNOTS('',3,3,((#6234,#6235,#6236,#6237,#6238,
#6239),(#6240,#6241,#6242,#6243,#6244,#6245),(#6246,#6247,#6248,#6249,#6250,
#6251),(#6252,#6253,#6254,#6255,#6256,#6257),(#6258,#6259,#6260,#6261,#6262,
#6263),(#6264,#6265,#6266,#6267,#6268,#6269),(#6270,#6271,#6272,#6273,#6274,
#6275)),.UNSPECIFIED.,.F.,.F.,.F.,(4,1,1,1,4),(4,1,1,4),(0.,0.285714285714286,
0.571428571428571,0.857142857142857,1.),(0.,0.517115017924114,0.861858363206856,
1.2066017084896),.UNSPECIFIED.);
#67=B_SPLINE_SURFACE_WITH_KNOTS('',3,3,((#6305,#6306,#6307,#6308,#6309,
#6310),(#6311,#6312,#6313,#6314,#6315,#6316),(#6317,#6318,#6319,#6320,#6321,
#6322),(#6323,#6324,#6325,#6326,#6327,#6328),(#6329,#6330,#6331,#6332,#6333,
#6334)),.UNSPECIFIED.,.F.,.F.,.F.,(4,1,4),(4,1,1,4),(0.,0.5,1.),(0.0409475632652611,
0.320612869479787,0.600278175694312,1.0197761350161),.UNSPECIFIED.);
#68=B_SPLINE_SURFACE_WITH_KNOTS('',3,3,((#6356,#6357,#6358,#6359,#6360,
#6361),(#6362,#6363,#6364,#6365,#6366,#6367),(#6368,#6369,#6370,#6371,#6372,
#6373),(#6374,#6375,#6376,#6377,#6378,#6379),(#6380,#6381,#6382,#6383,#6384,
#6385)),.UNSPECIFIED.,.F.,.F.,.F.,(4,1,4),(4,1,1,4),(0.,0.5,1.),(2.7117093616972E-31,
0.419497959321789,0.699163265536316,0.978828571750842),.UNSPECIFIED.);
#69=B_SPLINE_SURFACE_WITH_KNOTS('',3,3,((#6422,#6423,#6424,#6425,#6426,
#6427,#6428),(#6429,#6430,#6431,#6432,#6433,#6434,#6435),(#6436,#6437,#6438,
#6439,#6440,#6441,#6442),(#6443,#6444,#6445,#6446,#6447,#6448,#6449),(#6450,
#6451,#6452,#6453,#6454,#6455,#6456),(#6457,#6458,#6459,#6460,#6461,#6462,
#6463),(#6464,#6465,#6466,#6467,#6468,#6469,#6470)),.UNSPECIFIED.,.F.,.F.,
 .F.,(4,1,1,1,4),(4,1,1,1,4),(0.,0.285714285714286,0.571428571428571,0.857142857142857,
1.),(0.0380126532934735,0.296570185022893,0.555127716752312,0.899871092391537,
1.24461446803076),.UNSPECIFIED.);
#70=B_SPLINE_SURFACE_WITH_KNOTS('',3,3,((#6484,#6485,#6486,#6487,#6488,
#6489),(#6490,#6491,#6492,#6493,#6494,#6495),(#6496,#6497,#6498,#6499,#6500,
#6501),(#6502,#6503,#6504,#6505,#6506,#6507),(#6508,#6509,#6510,#6511,#6512,
#6513),(#6514,#6515,#6516,#6517,#6518,#6519),(#6520,#6521,#6522,#6523,#6524,
#6525)),.UNSPECIFIED.,.F.,.F.,.F.,(4,1,1,1,4),(4,1,1,4),(0.,0.285714285714286,
0.571428571428571,0.857142857142857,1.),(0.,0.517115017924114,0.861858363206856,
1.2066017084896),.UNSPECIFIED.);
#71=CYLINDRICAL_SURFACE('',#2533,2.);
#72=CYLINDRICAL_SURFACE('',#2537,2.);
#73=CYLINDRICAL_SURFACE('',#2541,2.);
#74=CYLINDRICAL_SURFACE('',#2545,2.);
#75=CYLINDRICAL_SURFACE('',#2547,5.99999999999952);
#76=CYLINDRICAL_SURFACE('',#2551,5.99999999999999);
#77=CYLINDRICAL_SURFACE('',#2555,5.99999999999952);
#78=CYLINDRICAL_SURFACE('',#2559,5.99999999999999);
#79=CYLINDRICAL_SURFACE('',#2563,5.99999999999788);
#80=CYLINDRICAL_SURFACE('',#2567,6.00000000000004);
#81=CYLINDRICAL_SURFACE('',#2571,5.99999999999788);
#82=CYLINDRICAL_SURFACE('',#2575,6.00000000000004);
#83=CYLINDRICAL_SURFACE('',#2579,5.99999999999788);
#84=CYLINDRICAL_SURFACE('',#2583,6.00000000000004);
#85=CYLINDRICAL_SURFACE('',#2587,5.99999999999788);
#86=CYLINDRICAL_SURFACE('',#2591,6.00000000000004);
#87=CYLINDRICAL_SURFACE('',#2595,5.99999999999788);
#88=CYLINDRICAL_SURFACE('',#2599,6.00000000000004);
#89=CYLINDRICAL_SURFACE('',#2604,0.4);
#90=CYLINDRICAL_SURFACE('',#2609,0.4);
#91=CYLINDRICAL_SURFACE('',#2616,0.4);
#92=CYLINDRICAL_SURFACE('',#2620,0.4);
#93=CYLINDRICAL_SURFACE('',#2625,0.4);
#94=CYLINDRICAL_SURFACE('',#2629,0.4);
#95=CYLINDRICAL_SURFACE('',#2634,0.4);
#96=CYLINDRICAL_SURFACE('',#2638,0.4);
#97=CYLINDRICAL_SURFACE('',#2643,0.4);
#98=CYLINDRICAL_SURFACE('',#2647,0.4);
#99=CYLINDRICAL_SURFACE('',#2652,0.4);
#100=CYLINDRICAL_SURFACE('',#2656,0.4);
#101=CYLINDRICAL_SURFACE('',#2661,0.4);
#102=CYLINDRICAL_SURFACE('',#2665,0.4);
#103=CYLINDRICAL_SURFACE('',#2681,6.);
#104=CYLINDRICAL_SURFACE('',#2684,6.);
#105=CYLINDRICAL_SURFACE('',#2690,6.);
#106=CYLINDRICAL_SURFACE('',#2692,6.);
#107=B_SPLINE_CURVE_WITH_KNOTS('',3,(#3297,#3298,#3299,#3300,#3301,#3302,
#3303,#3304,#3305,#3306,#3307,#3308,#3309,#3310,#3311,#3312,#3313,#3314,
#3315,#3316,#3317,#3318,#3319,#3320,#3321,#3322,#3323,#3324,#3325,#3326,
#3327,#3328,#3329,#3330,#3331,#3332,#3333,#3334,#3335,#3336),
 .UNSPECIFIED.,.F.,.F.,(4,3,3,3,3,3,3,3,3,3,3,3,3,4),(0.,0.0065984557204206,
0.0133527708878283,0.015590605494911,0.022330544114154,0.0289673194110985,
0.0302531474678927,0.0312111413936303,0.0378315739002318,0.0445826157577283,
0.0458764749167523,0.0526250302530301,0.0592395506964401,0.0605688632794593),
 .UNSPECIFIED.);
#108=B_SPLINE_CURVE_WITH_KNOTS('',3,(#3340,#3341,#3342,#3343,#3344,#3345,
#3346,#3347,#3348,#3349,#3350,#3351,#3352,#3353,#3354,#3355,#3356,#3357,
#3358,#3359,#3360,#3361,#3362,#3363,#3364,#3365,#3366,#3367,#3368,#3369,
#3370,#3371,#3372,#3373,#3374,#3375,#3376,#3377,#3378,#3379,#3380,#3381,
#3382),.UNSPECIFIED.,.F.,.F.,(4,3,3,3,3,3,3,3,3,3,3,3,3,3,4),(0.,0.00666595667113381,
0.0133749585303406,0.0156574114619814,0.0186151239484118,0.0253434623498643,
0.0313046646549931,0.0372074308355286,0.043930234952371,0.0469349661371129,
0.0536365590238569,0.0557675605404117,0.0559851181380374,0.0626828999165465,
0.0650376501439824),.UNSPECIFIED.);
#109=B_SPLINE_CURVE_WITH_KNOTS('',3,(#3390,#3391,#3392,#3393,#3394,#3395,
#3396,#3397,#3398,#3399,#3400,#3401,#3402,#3403,#3404,#3405,#3406,#3407,
#3408,#3409,#3410,#3411,#3412,#3413,#3414,#3415,#3416,#3417,#3418,#3419,
#3420,#3421,#3422,#3423,#3424,#3425,#3426,#3427,#3428,#3429,#3430,#3431,
#3432),.UNSPECIFIED.,.F.,.F.,(4,3,3,3,3,3,3,3,3,3,3,3,3,3,4),(0.,0.00671846743611768,
0.0092914872808053,0.0156011106239513,0.0223249538951205,0.0278684263799641,
0.0312161318818412,0.0379013997026447,0.0445850023146477,0.0464542120007702,
0.0468560678898433,0.0535632439709585,0.0559413078596704,0.0626455344146808,
0.0650343223048909),.UNSPECIFIED.);
#110=B_SPLINE_CURVE_WITH_KNOTS('',3,(#3436,#3437,#3438,#3439,#3440,#3441,
#3442,#3443,#3444,#3445,#3446,#3447,#3448,#3449,#3450,#3451,#3452,#3453,
#3454,#3455,#3456,#3457,#3458,#3459,#3460,#3461,#3462,#3463,#3464,#3465,
#3466,#3467,#3468,#3469,#3470,#3471,#3472,#3473,#3474,#3475),
 .UNSPECIFIED.,.F.,.F.,(4,3,3,3,3,3,3,3,3,3,3,3,3,4),(0.,0.00660405172175332,
0.01335741703368,0.0156649096039958,0.022417142470748,0.02905075903614,
0.0303339027548853,0.0313209524440537,0.0379471193572055,0.0446883163818123,
0.0459489683043839,0.0526997796916655,0.0593096881793486,0.0605730334544811),
 .UNSPECIFIED.);
#111=B_SPLINE_CURVE_WITH_KNOTS('',3,(#3483,#3484,#3485,#3486,#3487,#3488,
#3489,#3490,#3491,#3492,#3493,#3494,#3495,#3496,#3497,#3498,#3499,#3500,
#3501,#3502,#3503,#3504,#3505,#3506,#3507,#3508,#3509,#3510,#3511,#3512,
#3513,#3514,#3515,#3516,#3517,#3518,#3519,#3520,#3521,#3522),
 .UNSPECIFIED.,.F.,.F.,(4,3,3,3,3,3,3,3,3,3,3,3,3,4),(0.,0.00659840613029354,
0.0133527266192612,0.0155906054948748,0.0223305324676359,0.0289673717335446,
0.030253147467845,0.0312111413935051,0.0378316477136789,0.0445826883432046,
0.0458764749165978,0.05262504165534,0.0592395154735066,0.0605688632792409),
 .UNSPECIFIED.);
#112=B_SPLINE_CURVE_WITH_KNOTS('',3,(#3526,#3527,#3528,#3529,#3530,#3531,
#3532,#3533,#3534,#3535,#3536,#3537,#3538,#3539,#3540,#3541,#3542,#3543,
#3544,#3545,#3546,#3547,#3548,#3549,#3550,#3551,#3552,#3553,#3554,#3555,
#3556,#3557,#3558,#3559,#3560,#3561,#3562,#3563,#3564,#3565,#3566,#3567,
#3568),.UNSPECIFIED.,.F.,.F.,(4,3,3,3,3,3,3,3,3,3,3,3,3,3,4),(0.,0.00666593765609608,
0.0133749506072389,0.0156574107748955,0.0186151180507679,0.0253434599298385,
0.0313046634987679,0.037207419382694,0.0439302233306218,0.0469349648747624,
0.0536365576793225,0.0557675438012295,0.0559851078046456,0.0626828906274967,
0.0650376307183409),.UNSPECIFIED.);
#113=B_SPLINE_CURVE_WITH_KNOTS('',3,(#3574,#3575,#3576,#3577,#3578,#3579,
#3580,#3581,#3582,#3583,#3584,#3585,#3586,#3587,#3588,#3589,#3590,#3591,
#3592,#3593,#3594,#3595,#3596,#3597,#3598,#3599,#3600,#3601,#3602,#3603,
#3604,#3605,#3606,#3607,#3608,#3609,#3610,#3611,#3612,#3613,#3614,#3615,
#3616),.UNSPECIFIED.,.F.,.F.,(4,3,3,3,3,3,3,3,3,3,3,3,3,3,4),(0.,0.00666592827821059,
0.0133749457983715,0.0156574114619814,0.0186151239484118,0.0253434675014374,
0.0313046646549931,0.0372074308355287,0.0439302346253008,0.0469349661371129,
0.0536365589198722,0.0557675605404117,0.0559851181380374,0.062682901412452,
0.0650376501439822),.UNSPECIFIED.);
#114=B_SPLINE_CURVE_WITH_KNOTS('',3,(#3624,#3625,#3626,#3627,#3628,#3629,
#3630,#3631,#3632,#3633,#3634,#3635,#3636,#3637,#3638,#3639,#3640,#3641,
#3642,#3643,#3644,#3645,#3646,#3647,#3648,#3649,#3650,#3651,#3652,#3653,
#3654,#3655,#3656,#3657,#3658,#3659,#3660,#3661,#3662,#3663,#3664,#3665,
#3666),.UNSPECIFIED.,.F.,.F.,(4,3,3,3,3,3,3,3,3,3,3,3,3,3,4),(0.,0.00671847400494286,
0.00929148728080531,0.0156011106239513,0.022324953503821,0.0278684263799641,
0.0312161318818413,0.0379013972026221,0.0445850137841807,0.0464542120007703,
0.0468560678898434,0.0535632512452844,0.0559413078596704,0.0626455221081742,
0.065034322304891),.UNSPECIFIED.);
#115=B_SPLINE_CURVE_WITH_KNOTS('',3,(#3672,#3673,#3674,#3675,#3676,#3677,
#3678,#3679,#3680,#3681,#3682,#3683,#3684,#3685,#3686,#3687,#3688,#3689,
#3690,#3691,#3692,#3693,#3694,#3695,#3696,#3697,#3698,#3699,#3700,#3701,
#3702,#3703,#3704,#3705,#3706,#3707,#3708,#3709,#3710,#3711,#3712,#3713,
#3714),.UNSPECIFIED.,.F.,.F.,(4,3,3,3,3,3,3,3,3,3,3,3,3,3,4),(0.,0.00671846573603415,
0.0092914872807953,0.0156011106239633,0.0223249513331046,0.0278684263799782,
0.0312161318819093,0.0379014039940076,0.0445850275821295,0.0464542120007616,
0.0468560678899212,0.0535632589236507,0.0559413078597674,0.0626455260898093,
0.0650343223051442),.UNSPECIFIED.);
#116=B_SPLINE_CURVE_WITH_KNOTS('',3,(#3718,#3719,#3720,#3721,#3722,#3723,
#3724,#3725,#3726,#3727,#3728,#3729,#3730,#3731,#3732,#3733,#3734,#3735,
#3736,#3737,#3738,#3739,#3740,#3741,#3742,#3743,#3744,#3745,#3746,#3747,
#3748,#3749,#3750,#3751,#3752,#3753,#3754,#3755,#3756,#3757),
 .UNSPECIFIED.,.F.,.F.,(4,3,3,3,3,3,3,3,3,3,3,3,3,4),(0.,0.00660398659556231,
0.0133573500938166,0.015664909603974,0.022417127953921,0.029050822328602,
0.0303339027547018,0.0313209524439821,0.0379472161099644,0.0446884274915348,
0.0459489683041823,0.0526998251226205,0.059309711020172,0.0605730334541871),
 .UNSPECIFIED.);
#117=B_SPLINE_CURVE_WITH_KNOTS('',3,(#3765,#3766,#3767,#3768,#3769,#3770,
#3771,#3772,#3773,#3774,#3775,#3776,#3777,#3778,#3779,#3780,#3781,#3782,
#3783,#3784,#3785,#3786,#3787,#3788,#3789,#3790,#3791,#3792,#3793,#3794,
#3795,#3796,#3797,#3798,#3799,#3800,#3801,#3802,#3803,#3804),
 .UNSPECIFIED.,.F.,.F.,(4,3,3,3,3,3,3,3,3,3,3,3,3,4),(0.,0.00659841776254582,
0.0133527370033373,0.0155906054948748,0.0223305351996382,0.0289673594602696,
0.0302531474678451,0.0312111413935051,0.0378316303988267,0.0445826713163454,
0.045876474916598,0.0526250389806149,0.0592395237355501,0.0605688632792412),
 .UNSPECIFIED.);
#118=B_SPLINE_CURVE_WITH_KNOTS('',3,(#3808,#3809,#3810,#3811,#3812,#3813,
#3814,#3815,#3816,#3817,#3818,#3819,#3820,#3821,#3822,#3823,#3824,#3825,
#3826,#3827,#3828,#3829,#3830,#3831,#3832,#3833,#3834,#3835,#3836,#3837,
#3838,#3839,#3840,#3841,#3842,#3843,#3844,#3845,#3846,#3847,#3848,#3849,
#3850),.UNSPECIFIED.,.F.,.F.,(4,3,3,3,3,3,3,3,3,3,3,3,3,3,4),(0.,0.00666594262511232,
0.0133749532472507,0.0156574107748955,0.0186151180507679,0.02534345906841,
0.0313046634987678,0.0372074193826939,0.0439302233853623,0.0469349648747623,
0.0536365576945512,0.0557675438012294,0.0559851078046456,0.0626828903864721,
0.0650376307183408),.UNSPECIFIED.);
#119=B_SPLINE_CURVE_WITH_KNOTS('',3,(#3858,#3859,#3860,#3861,#3862,#3863,
#3864,#3865,#3866,#3867,#3868,#3869,#3870,#3871,#3872,#3873,#3874,#3875,
#3876,#3877,#3878,#3879,#3880,#3881,#3882,#3883,#3884,#3885,#3886,#3887,
#3888,#3889,#3890,#3891,#3892,#3893,#3894,#3895,#3896,#3897,#3898,#3899,
#3900),.UNSPECIFIED.,.F.,.F.,(4,3,3,3,3,3,3,3,3,3,3,3,3,3,4),(0.,0.00671846477380727,
0.00929148728079529,0.0156011106239633,0.0223249513920411,0.0278684263799782,
0.0312161318819093,0.0379014043572264,0.0445850258931306,0.0464542120007617,
0.0468560678899213,0.0535632578492079,0.0559413078597675,0.0626455278716536,
0.0650343223051444),.UNSPECIFIED.);
#120=B_SPLINE_CURVE_WITH_KNOTS('',3,(#3904,#3905,#3906,#3907,#3908,#3909,
#3910,#3911,#3912,#3913,#3914,#3915,#3916,#3917,#3918,#3919,#3920,#3921,
#3922,#3923,#3924,#3925,#3926,#3927,#3928,#3929,#3930,#3931,#3932,#3933,
#3934,#3935,#3936,#3937,#3938,#3939,#3940,#3941,#3942,#3943),
 .UNSPECIFIED.,.F.,.F.,(4,3,3,3,3,3,3,3,3,3,3,3,3,4),(0.,0.00660399520817281,
0.0133573569935086,0.015664909603974,0.0224171286730658,0.0290508100399362,
0.0303339027547017,0.031320952443982,0.0379472042534723,0.0446884172752297,
0.0459489683041821,0.0526998238182656,0.0593097184786391,0.0605730334542),
 .UNSPECIFIED.);
#121=B_SPLINE_CURVE_WITH_KNOTS('',3,(#3951,#3952,#3953,#3954,#3955,#3956,
#3957,#3958,#3959,#3960,#3961,#3962,#3963,#3964,#3965,#3966,#3967,#3968,
#3969,#3970,#3971,#3972,#3973,#3974,#3975,#3976,#3977,#3978,#3979,#3980,
#3981,#3982,#3983,#3984,#3985,#3986,#3987,#3988,#3989,#3990),
 .UNSPECIFIED.,.F.,.F.,(4,3,3,3,3,3,3,3,3,3,3,3,3,4),(0.,0.00659843003266133,
0.0133527479567914,0.0155906054948748,0.0223305380813976,0.0289673465141123,
0.0302531474678451,0.0312111413935051,0.0378316121348545,0.044582653356141,
0.0458764749165979,0.0526250361592514,0.0592395324506484,0.0605688632792411),
 .UNSPECIFIED.);
#122=B_SPLINE_CURVE_WITH_KNOTS('',3,(#3994,#3995,#3996,#3997,#3998,#3999,
#4000,#4001,#4002,#4003,#4004,#4005,#4006,#4007,#4008,#4009,#4010,#4011,
#4012,#4013,#4014,#4015,#4016,#4017,#4018,#4019,#4020,#4021,#4022,#4023,
#4024,#4025,#4026,#4027,#4028,#4029,#4030,#4031,#4032,#4033,#4034,#4035,
#4036),.UNSPECIFIED.,.F.,.F.,(4,3,3,3,3,3,3,3,3,3,3,3,3,3,4),(0.,0.00666594786702358,
0.0133749560314301,0.0156574107748955,0.0186151180507679,0.0253434581595775,
0.0313046634987679,0.037207419382694,0.0439302234435801,0.0469349648747624,
0.0536365577109196,0.0557675438012295,0.0559851078046456,0.0626828901320348,
0.065037630718341),.UNSPECIFIED.);
#123=B_SPLINE_CURVE_WITH_KNOTS('',3,(#4044,#4045,#4046,#4047,#4048,#4049,
#4050,#4051,#4052,#4053,#4054,#4055,#4056,#4057,#4058,#4059,#4060,#4061,
#4062,#4063,#4064,#4065,#4066,#4067,#4068,#4069,#4070,#4071,#4072,#4073,
#4074,#4075,#4076,#4077,#4078,#4079,#4080,#4081,#4082,#4083,#4084,#4085,
#4086),.UNSPECIFIED.,.F.,.F.,(4,3,3,3,3,3,3,3,3,3,3,3,3,3,4),(0.,0.00671846376550691,
0.0092914872807953,0.0156011106239633,0.0223249514540636,0.0278684263799782,
0.0312161318819093,0.0379014047381799,0.0445850241232523,0.0464542120007616,
0.0468560678899213,0.0535632567230411,0.0559413078597674,0.0626455297386825,
0.0650343223051442),.UNSPECIFIED.);
#124=B_SPLINE_CURVE_WITH_KNOTS('',3,(#4090,#4091,#4092,#4093,#4094,#4095,
#4096,#4097,#4098,#4099,#4100,#4101,#4102,#4103,#4104,#4105,#4106,#4107,
#4108,#4109,#4110,#4111,#4112,#4113,#4114,#4115,#4116,#4117,#4118,#4119,
#4120,#4121,#4122,#4123,#4124,#4125,#4126,#4127,#4128,#4129),
 .UNSPECIFIED.,.F.,.F.,(4,3,3,3,3,3,3,3,3,3,3,3,3,4),(0.,0.00660400423308136,
0.013357364223487,0.015664909603974,0.0224171294266604,0.0290507971631848,
0.0303339027547017,0.031320952443982,0.037947191829486,0.0446884065698982,
0.0459489683041822,0.0526998224517238,0.0593097262946429,0.0605730334541868),
 .UNSPECIFIED.);
#125=B_SPLINE_CURVE_WITH_KNOTS('',3,(#4137,#4138,#4139,#4140,#4141,#4142,
#4143,#4144,#4145,#4146,#4147,#4148,#4149,#4150,#4151,#4152,#4153,#4154,
#4155,#4156,#4157,#4158,#4159,#4160,#4161,#4162,#4163,#4164,#4165,#4166,
#4167,#4168,#4169,#4170,#4171,#4172,#4173,#4174,#4175,#4176),
 .UNSPECIFIED.,.F.,.F.,(4,3,3,3,3,3,3,3,3,3,3,3,3,4),(0.,0.00659844299461887,
0.013352759527846,0.0155906054948781,0.0223305411255422,0.0289673328381037,
0.0302531474678546,0.0312111413935148,0.0378315928415267,0.0445826343836912,
0.0458764749166086,0.0526250331788411,0.0592395416571046,0.0605688632792529),
 .UNSPECIFIED.);
#126=B_SPLINE_CURVE_WITH_KNOTS('',3,(#4180,#4181,#4182,#4183,#4184,#4185,
#4186,#4187,#4188,#4189,#4190,#4191,#4192,#4193,#4194,#4195,#4196,#4197,
#4198,#4199,#4200,#4201,#4202,#4203,#4204,#4205,#4206,#4207,#4208,#4209,
#4210,#4211,#4212,#4213,#4214,#4215,#4216,#4217,#4218,#4219,#4220,#4221,
#4222),.UNSPECIFIED.,.F.,.F.,(4,3,3,3,3,3,3,3,3,3,3,3,3,3,4),(0.,0.006665953404962,
0.0133749589719227,0.0156574107748955,0.0186151180507679,0.0253434571993142,
0.0313046634987678,0.0372074193826939,0.0439302235056103,0.0469349648747623,
0.0536365577285507,0.0557675438012294,0.0559851078046455,0.0626828898630296,
0.0650376307183408),.UNSPECIFIED.);
#127=B_SPLINE_CURVE_WITH_KNOTS('',3,(#4230,#4231,#4232,#4233,#4234,#4235,
#4236,#4237,#4238,#4239,#4240,#4241,#4242,#4243,#4244,#4245,#4246,#4247,
#4248,#4249,#4250,#4251,#4252,#4253,#4254,#4255,#4256,#4257,#4258,#4259,
#4260,#4261,#4262,#4263,#4264,#4265,#4266,#4267,#4268,#4269,#4270,#4271,
#4272),.UNSPECIFIED.,.F.,.F.,(4,3,3,3,3,3,3,3,3,3,3,3,3,3,4),(0.,0.00671846270772625,
0.00929148728079528,0.0156011106239633,0.0223249515194227,0.0278684263799781,
0.0312161318819093,0.0379014051381994,0.0445850222665439,0.0464542120007615,
0.0468560678899212,0.0535632555413364,0.0559413078597673,0.0626455316971658,
0.0650343223051441),.UNSPECIFIED.);
#128=B_SPLINE_CURVE_WITH_KNOTS('',3,(#4276,#4277,#4278,#4279,#4280,#4281,
#4282,#4283,#4284,#4285,#4286,#4287,#4288,#4289,#4290,#4291,#4292,#4293,
#4294,#4295,#4296,#4297,#4298,#4299,#4300,#4301,#4302,#4303,#4304,#4305,
#4306,#4307,#4308,#4309,#4310,#4311,#4312,#4313,#4314,#4315),
 .UNSPECIFIED.,.F.,.F.,(4,3,3,3,3,3,3,3,3,3,3,3,3,4),(0.,0.00660401370061112,
0.0133573718080416,0.015664909603974,0.0224171302172369,0.0290507836551042,
0.0303339027547017,0.031320952443982,0.0379471787961737,0.0446883953393855,
0.0459489683041932,0.0526998210183345,0.0593097344943059,0.0605730334541763),
 .UNSPECIFIED.);
#129=B_SPLINE_CURVE_WITH_KNOTS('',3,(#4323,#4324,#4325,#4326,#4327,#4328,
#4329,#4330,#4331,#4332,#4333,#4334,#4335,#4336,#4337,#4338,#4339,#4340,
#4341,#4342,#4343,#4344,#4345,#4346,#4347,#4348,#4349,#4350,#4351,#4352,
#4353,#4354,#4355,#4356,#4357,#4358,#4359,#4360,#4361,#4362),
 .UNSPECIFIED.,.F.,.F.,(4,3,3,3,3,3,3,3,3,3,3,3,3,4),(0.,0.00659845670849881,
0.0133527717699555,0.0155906054948748,0.0223305443462938,0.0289673183689553,
0.0302531474678451,0.0312111413935051,0.0378315724292805,0.0445826143109226,
0.0458764749165979,0.0526250300255167,0.059239551397657,0.0605688632792411),
 .UNSPECIFIED.);
#130=B_SPLINE_CURVE_WITH_KNOTS('',3,(#4366,#4367,#4368,#4369,#4370,#4371,
#4372,#4373,#4374,#4375,#4376,#4377,#4378,#4379,#4380,#4381,#4382,#4383,
#4384,#4385,#4386,#4387,#4388,#4389,#4390,#4391,#4392,#4393,#4394,#4395,
#4396,#4397,#4398,#4399,#4400,#4401,#4402,#4403,#4404,#4405,#4406,#4407,
#4408),.UNSPECIFIED.,.F.,.F.,(4,3,3,3,3,3,3,3,3,3,3,3,3,3,4),(0.,0.00666595696562541,
0.0133749585120014,0.0156574107748955,0.0186151180507679,0.0253434563527624,
0.0313046634987679,0.037207419382694,0.0439302235589783,0.0469349648747624,
0.0536365577571714,0.0557675438012208,0.0559851078046367,0.0626828895708406,
0.0650376307183323),.UNSPECIFIED.);
#131=B_SPLINE_CURVE_WITH_KNOTS('',3,(#4416,#4417,#4418,#4419,#4420,#4421,
#4422,#4423,#4424,#4425,#4426,#4427,#4428,#4429,#4430,#4431,#4432,#4433,
#4434,#4435,#4436,#4437,#4438,#4439,#4440,#4441,#4442,#4443,#4444,#4445,
#4446,#4447,#4448,#4449,#4450,#4451,#4452,#4453,#4454,#4455,#4456,#4457,
#4458),.UNSPECIFIED.,.F.,.F.,(4,3,3,3,3,3,3,3,3,3,3,3,3,3,4),(0.,0.00671846159672523,
0.0092914872807953,0.0156011106239633,0.0223249515883867,0.0278684263799782,
0.0312161318819093,0.0379014055587602,0.0445850203164582,0.0464542120007616,
0.0468560678899213,0.0535632542998708,0.0559413078597675,0.0626455337539826,
0.0650343223051443),.UNSPECIFIED.);
#132=B_SPLINE_CURVE_WITH_KNOTS('',3,(#4462,#4463,#4464,#4465,#4466,#4467,
#4468,#4469,#4470,#4471,#4472,#4473,#4474,#4475,#4476,#4477,#4478,#4479,
#4480,#4481,#4482,#4483,#4484,#4485,#4486,#4487,#4488,#4489,#4490,#4491,
#4492,#4493,#4494,#4495,#4496,#4497,#4498,#4499,#4500,#4501),
 .UNSPECIFIED.,.F.,.F.,(4,3,3,3,3,3,3,3,3,3,3,3,3,4),(0.,0.00660402364414313,
0.0133573797739122,0.015664909603974,0.0224171310475857,0.0290507694680985,
0.0303339027547018,0.0313209524439821,0.037947165107898,0.0446883835446648,
0.0459489683041823,0.0526998195121992,0.0593097431050747,0.060573033454187),
 .UNSPECIFIED.);
#133=B_SPLINE_CURVE_WITH_KNOTS('',3,(#4720,#4721,#4722,#4723,#4724,#4725,
#4726,#4727,#4728,#4729,#4730,#4731,#4732,#4733,#4734,#4735,#4736,#4737,
#4738,#4739,#4740,#4741,#4742,#4743,#4744,#4745,#4746,#4747,#4748,#4749,
#4750,#4751,#4752,#4753,#4754,#4755,#4756,#4757,#4758,#4759),
 .UNSPECIFIED.,.F.,.F.,(4,3,3,3,3,3,3,3,3,3,3,3,3,4),(0.,0.00660399325941485,
0.0133573703170987,0.0156649096039958,0.0224171373761637,0.0290508423402437,
0.0303339027548793,0.031320952444047,0.0379472004630115,0.0446883865979905,
0.0459489683043782,0.0526997885914574,0.0593096370713132,0.0605730334544827),
 .UNSPECIFIED.);
#134=B_SPLINE_CURVE_WITH_KNOTS('',3,(#4761,#4762,#4763,#4764,#4765,#4766,
#4767),.UNSPECIFIED.,.F.,.F.,(4,1,1,1,4),(0.0409475604754569,0.250696540129717,
0.460445519783976,0.740110825989656,1.01977613219534),.UNSPECIFIED.);
#135=B_SPLINE_CURVE_WITH_KNOTS('',3,(#4770,#4771,#4772,#4773,#4774,#4775,
#4776),.UNSPECIFIED.,.F.,.F.,(4,1,1,1,4),(-1.01977613219534,-0.740110825989656,
-0.460445519783976,-0.250696540129717,-0.0434475791483476),
 .UNSPECIFIED.);
#136=B_SPLINE_CURVE_WITH_KNOTS('',3,(#4815,#4816,#4817,#4818,#4819,#4820,
#4821,#4822,#4823,#4824,#4825,#4826,#4827,#4828,#4829,#4830,#4831,#4832,
#4833,#4834,#4835,#4836,#4837,#4838,#4839,#4840,#4841,#4842,#4843,#4844,
#4845,#4846,#4847,#4848,#4849,#4850,#4851,#4852,#4853,#4854),
 .UNSPECIFIED.,.F.,.F.,(4,3,3,3,3,3,3,3,3,3,3,3,3,4),(0.,0.00659838387315986,
0.0133527067501475,0.015590605494911,0.0223305272399895,0.0289673952171585,
0.0302531474678925,0.0312111413936302,0.0378316808450374,0.0445827209237987,
0.0458764749167521,0.0526250467735075,0.0592394996654785,0.0605688632794588),
 .UNSPECIFIED.);
#137=B_SPLINE_CURVE_WITH_KNOTS('',3,(#4855,#4856,#4857,#4858,#4859,#4860),
 .UNSPECIFIED.,.F.,.F.,(4,1,1,4),(-0.976328547922048,-0.699163265514199,
-0.419497959308519,0.),.UNSPECIFIED.);
#138=B_SPLINE_CURVE_WITH_KNOTS('',3,(#4861,#4862,#4863,#4864,#4865,#4866),
 .UNSPECIFIED.,.F.,.F.,(4,1,1,4),(0.,0.419497959308519,0.699163265514199,
0.978828571719879),.UNSPECIFIED.);
#139=B_SPLINE_CURVE_WITH_KNOTS('',3,(#4870,#4871,#4872,#4873,#4874,#4875,
#4876),.UNSPECIFIED.,.F.,.F.,(4,1,1,1,4),(1.39637474915472E-8,0.344743090099586,
0.689486180199172,0.948043497773861,1.20459621401705),.UNSPECIFIED.);
#140=B_SPLINE_CURVE_WITH_KNOTS('',3,(#4879,#4880,#4881,#4882,#4883,#4884,
#4885),.UNSPECIFIED.,.F.,.F.,(4,1,1,1,4),(0.0400172422971394,0.296569978436462,
0.555127321862593,0.899870446430766,1.24461357099894),.UNSPECIFIED.);
#141=B_SPLINE_CURVE_WITH_KNOTS('',3,(#4946,#4947,#4948,#4949,#4950,#4951,
#4952),.UNSPECIFIED.,.F.,.F.,(4,1,1,1,4),(-1.24461357099894,-0.899870446430766,
-0.555127321862593,-0.296569978436462,-0.0380197832831358),
 .UNSPECIFIED.);
#142=B_SPLINE_CURVE_WITH_KNOTS('',3,(#5006,#5007,#5008,#5009,#5010,#5011,
#5012),.UNSPECIFIED.,.F.,.F.,(4,1,1,1,4),(-1.20659366711722,-0.948043497773861,
-0.689486180199172,-0.344743090099586,0.),.UNSPECIFIED.);
#143=B_SPLINE_CURVE_WITH_KNOTS('',3,(#5075,#5076,#5077,#5078,#5079,#5080,
#5081),.UNSPECIFIED.,.F.,.F.,(4,1,1,1,4),(0.0409475604754569,0.250696540129717,
0.460445519783976,0.740110825989656,1.01977613219534),.UNSPECIFIED.);
#144=B_SPLINE_CURVE_WITH_KNOTS('',3,(#5084,#5085,#5086,#5087,#5088,#5089,
#5090),.UNSPECIFIED.,.F.,.F.,(4,1,1,1,4),(-1.01977613219534,-0.740110825989656,
-0.460445519783976,-0.250696540129717,-0.0434475791036629),
 .UNSPECIFIED.);
#145=B_SPLINE_CURVE_WITH_KNOTS('',3,(#5127,#5128,#5129,#5130,#5131,#5132),
 .UNSPECIFIED.,.F.,.F.,(4,1,1,4),(-0.976328548077006,-0.699163265514199,
-0.419497959308519,0.),.UNSPECIFIED.);
#146=B_SPLINE_CURVE_WITH_KNOTS('',3,(#5133,#5134,#5135,#5136,#5137,#5138),
 .UNSPECIFIED.,.F.,.F.,(4,1,1,4),(0.,0.419497959308519,0.699163265514199,
0.978828571719879),.UNSPECIFIED.);
#147=B_SPLINE_CURVE_WITH_KNOTS('',3,(#5141,#5142,#5143,#5144,#5145,#5146,
#5147),.UNSPECIFIED.,.F.,.F.,(4,1,1,1,4),(1.39637474915472E-8,0.344743090099586,
0.689486180199172,0.948043497773861,1.20459621406724),.UNSPECIFIED.);
#148=B_SPLINE_CURVE_WITH_KNOTS('',3,(#5150,#5151,#5152,#5153,#5154,#5155,
#5156),.UNSPECIFIED.,.F.,.F.,(4,1,1,1,4),(0.0400172416569832,0.296569978436462,
0.555127321862593,0.899870446430766,1.24461357099894),.UNSPECIFIED.);
#149=B_SPLINE_CURVE_WITH_KNOTS('',3,(#5215,#5216,#5217,#5218,#5219,#5220,
#5221),.UNSPECIFIED.,.F.,.F.,(4,1,1,1,4),(-1.24461357099894,-0.899870446430766,
-0.555127321862593,-0.296569978436462,-0.0380197832831358),
 .UNSPECIFIED.);
#150=B_SPLINE_CURVE_WITH_KNOTS('',3,(#5275,#5276,#5277,#5278,#5279,#5280,
#5281),.UNSPECIFIED.,.F.,.F.,(4,1,1,1,4),(-1.20659366711722,-0.948043497773861,
-0.689486180199172,-0.344743090099586,0.),.UNSPECIFIED.);
#151=B_SPLINE_CURVE_WITH_KNOTS('',3,(#5336,#5337,#5338,#5339,#5340,#5341),
 .UNSPECIFIED.,.F.,.F.,(4,1,1,4),(0.0409475632652611,0.320612869479787,
0.600278175694312,1.0197761350161),.UNSPECIFIED.);
#152=B_SPLINE_CURVE_WITH_KNOTS('',3,(#5344,#5345,#5346,#5347,#5348,#5349),
 .UNSPECIFIED.,.F.,.F.,(4,1,1,4),(-1.0197761350161,-0.600278175694312,-0.320612869479787,
-0.0434475870430963),.UNSPECIFIED.);
#153=B_SPLINE_CURVE_WITH_KNOTS('',3,(#5386,#5387,#5388,#5389,#5390,#5391),
 .UNSPECIFIED.,.F.,.F.,(4,1,1,4),(-0.976328548112895,-0.699163265536316,
-0.419497959321789,-2.7117093616972E-31),.UNSPECIFIED.);
#154=B_SPLINE_CURVE_WITH_KNOTS('',3,(#5392,#5393,#5394,#5395,#5396,#5397),
 .UNSPECIFIED.,.F.,.F.,(4,1,1,4),(2.7117093616972E-31,0.419497959321789,
0.699163265536316,0.978828571750842),.UNSPECIFIED.);
#155=B_SPLINE_CURVE_WITH_KNOTS('',3,(#5400,#5401,#5402,#5403,#5404,#5405),
 .UNSPECIFIED.,.F.,.F.,(4,1,1,4),(0.,0.517115017924114,0.861858363206856,
1.20459708810307),.UNSPECIFIED.);
#156=B_SPLINE_CURVE_WITH_KNOTS('',3,(#5408,#5409,#5410,#5411,#5412,#5413,
#5414),.UNSPECIFIED.,.F.,.F.,(4,1,1,1,4),(0.0400172412045943,0.296570185022893,
0.555127716752312,0.899871092391537,1.24461446803076),.UNSPECIFIED.);
#157=B_SPLINE_CURVE_WITH_KNOTS('',3,(#5473,#5474,#5475,#5476,#5477,#5478,
#5479),.UNSPECIFIED.,.F.,.F.,(4,1,1,1,4),(-1.24461446803076,-0.899871092391537,
-0.555127716752312,-0.296570185022893,-0.038019801425767),.UNSPECIFIED.);
#158=B_SPLINE_CURVE_WITH_KNOTS('',3,(#5526,#5527,#5528,#5529,#5530,#5531),
 .UNSPECIFIED.,.F.,.F.,(4,1,1,4),(-1.20659456025847,-0.861858363206856,
-0.517115017924114,0.),.UNSPECIFIED.);
#159=B_SPLINE_CURVE_WITH_KNOTS('',3,(#5586,#5587,#5588,#5589,#5590,#5591),
 .UNSPECIFIED.,.F.,.F.,(4,1,1,4),(0.0409475632652611,0.320612869479787,
0.600278175694312,1.0197761350161),.UNSPECIFIED.);
#160=B_SPLINE_CURVE_WITH_KNOTS('',3,(#5594,#5595,#5596,#5597,#5598,#5599),
 .UNSPECIFIED.,.F.,.F.,(4,1,1,4),(-1.0197761350161,-0.600278175694312,-0.320612869479787,
-0.0434475870654338),.UNSPECIFIED.);
#161=B_SPLINE_CURVE_WITH_KNOTS('',3,(#5636,#5637,#5638,#5639,#5640,#5641),
 .UNSPECIFIED.,.F.,.F.,(4,1,1,4),(-0.976328548083362,-0.699163265536316,
-0.419497959321789,-2.7117093616972E-31),.UNSPECIFIED.);
#162=B_SPLINE_CURVE_WITH_KNOTS('',3,(#5642,#5643,#5644,#5645,#5646,#5647),
 .UNSPECIFIED.,.F.,.F.,(4,1,1,4),(2.7117093616972E-31,0.419497959321789,
0.699163265536316,0.978828571750842),.UNSPECIFIED.);
#163=B_SPLINE_CURVE_WITH_KNOTS('',3,(#5650,#5651,#5652,#5653,#5654,#5655),
 .UNSPECIFIED.,.F.,.F.,(4,1,1,4),(0.,0.517115017924114,0.861858363206856,
1.20459708808666),.UNSPECIFIED.);
#164=B_SPLINE_CURVE_WITH_KNOTS('',3,(#5658,#5659,#5660,#5661,#5662,#5663,
#5664),.UNSPECIFIED.,.F.,.F.,(4,1,1,1,4),(0.0400172417972655,0.296570185022893,
0.555127716752312,0.899871092391537,1.24461446803076),.UNSPECIFIED.);
#165=B_SPLINE_CURVE_WITH_KNOTS('',3,(#5723,#5724,#5725,#5726,#5727,#5728,
#5729),.UNSPECIFIED.,.F.,.F.,(4,1,1,1,4),(-1.24461446803076,-0.899871092391537,
-0.555127716752312,-0.296570185022893,-0.038019801425767),.UNSPECIFIED.);
#166=B_SPLINE_CURVE_WITH_KNOTS('',3,(#5776,#5777,#5778,#5779,#5780,#5781),
 .UNSPECIFIED.,.F.,.F.,(4,1,1,4),(-1.20659456025847,-0.861858363206856,
-0.517115017924114,0.),.UNSPECIFIED.);
#167=B_SPLINE_CURVE_WITH_KNOTS('',3,(#5836,#5837,#5838,#5839,#5840,#5841),
 .UNSPECIFIED.,.F.,.F.,(4,1,1,4),(0.0409475632652611,0.320612869479787,
0.600278175694312,1.0197761350161),.UNSPECIFIED.);
#168=B_SPLINE_CURVE_WITH_KNOTS('',3,(#5844,#5845,#5846,#5847,#5848,#5849),
 .UNSPECIFIED.,.F.,.F.,(4,1,1,4),(-1.0197761350161,-0.600278175694312,-0.320612869479787,
-0.0434475871070055),.UNSPECIFIED.);
#169=B_SPLINE_CURVE_WITH_KNOTS('',3,(#5886,#5887,#5888,#5889,#5890,#5891),
 .UNSPECIFIED.,.F.,.F.,(4,1,1,4),(-0.976328548028972,-0.699163265536316,
-0.419497959321789,-2.7117093616972E-31),.UNSPECIFIED.);
#170=B_SPLINE_CURVE_WITH_KNOTS('',3,(#5892,#5893,#5894,#5895,#5896,#5897),
 .UNSPECIFIED.,.F.,.F.,(4,1,1,4),(2.7117093616972E-31,0.419497959321789,
0.699163265536316,0.978828571750842),.UNSPECIFIED.);
#171=B_SPLINE_CURVE_WITH_KNOTS('',3,(#5900,#5901,#5902,#5903,#5904,#5905),
 .UNSPECIFIED.,.F.,.F.,(4,1,1,4),(0.,0.517115017924114,0.861858363206856,
1.20459708805604),.UNSPECIFIED.);
#172=B_SPLINE_CURVE_WITH_KNOTS('',3,(#5908,#5909,#5910,#5911,#5912,#5913,
#5914),.UNSPECIFIED.,.F.,.F.,(4,1,1,1,4),(0.0400172418175092,0.296570185022893,
0.555127716752312,0.899871092391537,1.24461446803076),.UNSPECIFIED.);
#173=B_SPLINE_CURVE_WITH_KNOTS('',3,(#5973,#5974,#5975,#5976,#5977,#5978,
#5979),.UNSPECIFIED.,.F.,.F.,(4,1,1,1,4),(-1.24461446803076,-0.899871092391537,
-0.555127716752312,-0.296570185022893,-0.038019801425767),.UNSPECIFIED.);
#174=B_SPLINE_CURVE_WITH_KNOTS('',3,(#6026,#6027,#6028,#6029,#6030,#6031),
 .UNSPECIFIED.,.F.,.F.,(4,1,1,4),(-1.20659456025847,-0.861858363206856,
-0.517115017924114,0.),.UNSPECIFIED.);
#175=B_SPLINE_CURVE_WITH_KNOTS('',3,(#6086,#6087,#6088,#6089,#6090,#6091),
 .UNSPECIFIED.,.F.,.F.,(4,1,1,4),(0.0409475632652611,0.320612869479787,
0.600278175694312,1.0197761350161),.UNSPECIFIED.);
#176=B_SPLINE_CURVE_WITH_KNOTS('',3,(#6094,#6095,#6096,#6097,#6098,#6099),
 .UNSPECIFIED.,.F.,.F.,(4,1,1,4),(-1.0197761350161,-0.600278175694312,-0.320612869479787,
-0.0434475871263801),.UNSPECIFIED.);
#177=B_SPLINE_CURVE_WITH_KNOTS('',3,(#6136,#6137,#6138,#6139,#6140,#6141),
 .UNSPECIFIED.,.F.,.F.,(4,1,1,4),(-0.976328548003874,-0.699163265536316,
-0.419497959321789,-2.7117093616972E-31),.UNSPECIFIED.);
#178=B_SPLINE_CURVE_WITH_KNOTS('',3,(#6142,#6143,#6144,#6145,#6146,#6147),
 .UNSPECIFIED.,.F.,.F.,(4,1,1,4),(2.7117093616972E-31,0.419497959321789,
0.699163265536316,0.978828571750842),.UNSPECIFIED.);
#179=B_SPLINE_CURVE_WITH_KNOTS('',3,(#6150,#6151,#6152,#6153,#6154,#6155),
 .UNSPECIFIED.,.F.,.F.,(4,1,1,4),(0.,0.517115017924114,0.861858363206856,
1.20459708804174),.UNSPECIFIED.);
#180=B_SPLINE_CURVE_WITH_KNOTS('',3,(#6158,#6159,#6160,#6161,#6162,#6163,
#6164),.UNSPECIFIED.,.F.,.F.,(4,1,1,1,4),(0.0400172418269493,0.296570185022893,
0.555127716752312,0.899871092391537,1.24461446803076),.UNSPECIFIED.);
#181=B_SPLINE_CURVE_WITH_KNOTS('',3,(#6223,#6224,#6225,#6226,#6227,#6228,
#6229),.UNSPECIFIED.,.F.,.F.,(4,1,1,1,4),(-1.24461446803076,-0.899871092391537,
-0.555127716752312,-0.296570185022893,-0.038019801425767),.UNSPECIFIED.);
#182=B_SPLINE_CURVE_WITH_KNOTS('',3,(#6276,#6277,#6278,#6279,#6280,#6281),
 .UNSPECIFIED.,.F.,.F.,(4,1,1,4),(-1.20659456025847,-0.861858363206856,
-0.517115017924114,0.),.UNSPECIFIED.);
#183=B_SPLINE_CURVE_WITH_KNOTS('',3,(#6336,#6337,#6338,#6339,#6340,#6341),
 .UNSPECIFIED.,.F.,.F.,(4,1,1,4),(0.0409475632652611,0.320612869479787,
0.600278175694312,1.0197761350161),.UNSPECIFIED.);
#184=B_SPLINE_CURVE_WITH_KNOTS('',3,(#6344,#6345,#6346,#6347,#6348,#6349),
 .UNSPECIFIED.,.F.,.F.,(4,1,1,4),(-1.0197761350161,-0.600278175694312,-0.320612869479787,
-0.0434475870867111),.UNSPECIFIED.);
#185=B_SPLINE_CURVE_WITH_KNOTS('',3,(#6386,#6387,#6388,#6389,#6390,#6391),
 .UNSPECIFIED.,.F.,.F.,(4,1,1,4),(-0.976328548055431,-0.699163265536316,
-0.419497959321789,-2.7117093616972E-31),.UNSPECIFIED.);
#186=B_SPLINE_CURVE_WITH_KNOTS('',3,(#6392,#6393,#6394,#6395,#6396,#6397),
 .UNSPECIFIED.,.F.,.F.,(4,1,1,4),(2.7117093616972E-31,0.419497959321789,
0.699163265536316,0.978828571750842),.UNSPECIFIED.);
#187=B_SPLINE_CURVE_WITH_KNOTS('',3,(#6400,#6401,#6402,#6403,#6404,#6405),
 .UNSPECIFIED.,.F.,.F.,(4,1,1,4),(0.,0.517115017924114,0.861858363206856,
1.204597088071),.UNSPECIFIED.);
#188=B_SPLINE_CURVE_WITH_KNOTS('',3,(#6408,#6409,#6410,#6411,#6412,#6413,
#6414),.UNSPECIFIED.,.F.,.F.,(4,1,1,1,4),(0.0400172418076252,0.296570185022893,
0.555127716752312,0.899871092391537,1.24461446803076),.UNSPECIFIED.);
#189=B_SPLINE_CURVE_WITH_KNOTS('',3,(#6473,#6474,#6475,#6476,#6477,#6478,
#6479),.UNSPECIFIED.,.F.,.F.,(4,1,1,1,4),(-1.24461446803076,-0.899871092391537,
-0.555127716752312,-0.296570185022893,-0.038019801425767),.UNSPECIFIED.);
#190=B_SPLINE_CURVE_WITH_KNOTS('',3,(#6526,#6527,#6528,#6529,#6530,#6531),
 .UNSPECIFIED.,.F.,.F.,(4,1,1,4),(-1.20659456025847,-0.861858363206856,
-0.517115017924114,0.),.UNSPECIFIED.);
#191=FACE_BOUND('',#406,.T.);
#192=FACE_BOUND('',#407,.T.);
#193=FACE_BOUND('',#408,.T.);
#194=FACE_BOUND('',#409,.T.);
#195=FACE_BOUND('',#410,.T.);
#196=FACE_BOUND('',#411,.T.);
#197=FACE_BOUND('',#412,.T.);
#198=FACE_BOUND('',#413,.T.);
#199=FACE_BOUND('',#414,.T.);
#200=FACE_BOUND('',#415,.T.);
#201=FACE_BOUND('',#556,.T.);
#202=FACE_BOUND('',#557,.T.);
#203=FACE_BOUND('',#558,.T.);
#204=FACE_BOUND('',#559,.T.);
#205=FACE_BOUND('',#560,.T.);
#206=FACE_BOUND('',#561,.T.);
#207=FACE_BOUND('',#562,.T.);
#208=FACE_BOUND('',#563,.T.);
#209=FACE_BOUND('',#564,.T.);
#210=FACE_BOUND('',#565,.T.);
#211=FACE_BOUND('',#566,.T.);
#212=PLANE('',#2499);
#213=PLANE('',#2550);
#214=PLANE('',#2554);
#215=PLANE('',#2558);
#216=PLANE('',#2562);
#217=PLANE('',#2566);
#218=PLANE('',#2570);
#219=PLANE('',#2574);
#220=PLANE('',#2578);
#221=PLANE('',#2582);
#222=PLANE('',#2586);
#223=PLANE('',#2590);
#224=PLANE('',#2594);
#225=PLANE('',#2598);
#226=PLANE('',#2602);
#227=PLANE('',#2606);
#228=PLANE('',#2611);
#229=PLANE('',#2613);
#230=PLANE('',#2614);
#231=PLANE('',#2618);
#232=PLANE('',#2622);
#233=PLANE('',#2623);
#234=PLANE('',#2627);
#235=PLANE('',#2631);
#236=PLANE('',#2632);
#237=PLANE('',#2636);
#238=PLANE('',#2640);
#239=PLANE('',#2641);
#240=PLANE('',#2645);
#241=PLANE('',#2649);
#242=PLANE('',#2650);
#243=PLANE('',#2654);
#244=PLANE('',#2658);
#245=PLANE('',#2659);
#246=PLANE('',#2663);
#247=PLANE('',#2667);
#248=PLANE('',#2668);
#249=PLANE('',#2669);
#250=PLANE('',#2672);
#251=PLANE('',#2675);
#252=PLANE('',#2678);
#253=PLANE('',#2683);
#254=PLANE('',#2686);
#255=PLANE('',#2687);
#256=PLANE('',#2691);
#257=PLANE('',#2693);
#258=FACE_OUTER_BOUND('',#404,.T.);
#259=FACE_OUTER_BOUND('',#405,.T.);
#260=FACE_OUTER_BOUND('',#416,.T.);
#261=FACE_OUTER_BOUND('',#417,.T.);
#262=FACE_OUTER_BOUND('',#418,.T.);
#263=FACE_OUTER_BOUND('',#419,.T.);
#264=FACE_OUTER_BOUND('',#420,.T.);
#265=FACE_OUTER_BOUND('',#421,.T.);
#266=FACE_OUTER_BOUND('',#422,.T.);
#267=FACE_OUTER_BOUND('',#423,.T.);
#268=FACE_OUTER_BOUND('',#424,.T.);
#269=FACE_OUTER_BOUND('',#425,.T.);
#270=FACE_OUTER_BOUND('',#426,.T.);
#271=FACE_OUTER_BOUND('',#427,.T.);
#272=FACE_OUTER_BOUND('',#428,.T.);
#273=FACE_OUTER_BOUND('',#429,.T.);
#274=FACE_OUTER_BOUND('',#430,.T.);
#275=FACE_OUTER_BOUND('',#431,.T.);
#276=FACE_OUTER_BOUND('',#432,.T.);
#277=FACE_OUTER_BOUND('',#433,.T.);
#278=FACE_OUTER_BOUND('',#434,.T.);
#279=FACE_OUTER_BOUND('',#435,.T.);
#280=FACE_OUTER_BOUND('',#436,.T.);
#281=FACE_OUTER_BOUND('',#437,.T.);
#282=FACE_OUTER_BOUND('',#438,.T.);
#283=FACE_OUTER_BOUND('',#439,.T.);
#284=FACE_OUTER_BOUND('',#440,.T.);
#285=FACE_OUTER_BOUND('',#441,.T.);
#286=FACE_OUTER_BOUND('',#442,.T.);
#287=FACE_OUTER_BOUND('',#443,.T.);
#288=FACE_OUTER_BOUND('',#444,.T.);
#289=FACE_OUTER_BOUND('',#445,.T.);
#290=FACE_OUTER_BOUND('',#446,.T.);
#291=FACE_OUTER_BOUND('',#447,.T.);
#292=FACE_OUTER_BOUND('',#448,.T.);
#293=FACE_OUTER_BOUND('',#449,.T.);
#294=FACE_OUTER_BOUND('',#450,.T.);
#295=FACE_OUTER_BOUND('',#451,.T.);
#296=FACE_OUTER_BOUND('',#452,.T.);
#297=FACE_OUTER_BOUND('',#453,.T.);
#298=FACE_OUTER_BOUND('',#454,.T.);
#299=FACE_OUTER_BOUND('',#455,.T.);
#300=FACE_OUTER_BOUND('',#456,.T.);
#301=FACE_OUTER_BOUND('',#457,.T.);
#302=FACE_OUTER_BOUND('',#458,.T.);
#303=FACE_OUTER_BOUND('',#459,.T.);
#304=FACE_OUTER_BOUND('',#460,.T.);
#305=FACE_OUTER_BOUND('',#461,.T.);
#306=FACE_OUTER_BOUND('',#462,.T.);
#307=FACE_OUTER_BOUND('',#463,.T.);
#308=FACE_OUTER_BOUND('',#464,.T.);
#309=FACE_OUTER_BOUND('',#465,.T.);
#310=FACE_OUTER_BOUND('',#466,.T.);
#311=FACE_OUTER_BOUND('',#467,.T.);
#312=FACE_OUTER_BOUND('',#468,.T.);
#313=FACE_OUTER_BOUND('',#469,.T.);
#314=FACE_OUTER_BOUND('',#470,.T.);
#315=FACE_OUTER_BOUND('',#471,.T.);
#316=FACE_OUTER_BOUND('',#472,.T.);
#317=FACE_OUTER_BOUND('',#473,.T.);
#318=FACE_OUTER_BOUND('',#474,.T.);
#319=FACE_OUTER_BOUND('',#475,.T.);
#320=FACE_OUTER_BOUND('',#476,.T.);
#321=FACE_OUTER_BOUND('',#477,.T.);
#322=FACE_OUTER_BOUND('',#478,.T.);
#323=FACE_OUTER_BOUND('',#479,.T.);
#324=FACE_OUTER_BOUND('',#480,.T.);
#325=FACE_OUTER_BOUND('',#481,.T.);
#326=FACE_OUTER_BOUND('',#482,.T.);
#327=FACE_OUTER_BOUND('',#483,.T.);
#328=FACE_OUTER_BOUND('',#484,.T.);
#329=FACE_OUTER_BOUND('',#485,.T.);
#330=FACE_OUTER_BOUND('',#486,.T.);
#331=FACE_OUTER_BOUND('',#487,.T.);
#332=FACE_OUTER_BOUND('',#488,.T.);
#333=FACE_OUTER_BOUND('',#489,.T.);
#334=FACE_OUTER_BOUND('',#490,.T.);
#335=FACE_OUTER_BOUND('',#491,.T.);
#336=FACE_OUTER_BOUND('',#492,.T.);
#337=FACE_OUTER_BOUND('',#493,.T.);
#338=FACE_OUTER_BOUND('',#494,.T.);
#339=FACE_OUTER_BOUND('',#495,.T.);
#340=FACE_OUTER_BOUND('',#496,.T.);
#341=FACE_OUTER_BOUND('',#497,.T.);
#342=FACE_OUTER_BOUND('',#498,.T.);
#343=FACE_OUTER_BOUND('',#499,.T.);
#344=FACE_OUTER_BOUND('',#500,.T.);
#345=FACE_OUTER_BOUND('',#501,.T.);
#346=FACE_OUTER_BOUND('',#502,.T.);
#347=FACE_OUTER_BOUND('',#503,.T.);
#348=FACE_OUTER_BOUND('',#504,.T.);
#349=FACE_OUTER_BOUND('',#505,.T.);
#350=FACE_OUTER_BOUND('',#506,.T.);
#351=FACE_OUTER_BOUND('',#507,.T.);
#352=FACE_OUTER_BOUND('',#508,.T.);
#353=FACE_OUTER_BOUND('',#509,.T.);
#354=FACE_OUTER_BOUND('',#510,.T.);
#355=FACE_OUTER_BOUND('',#511,.T.);
#356=FACE_OUTER_BOUND('',#512,.T.);
#357=FACE_OUTER_BOUND('',#513,.T.);
#358=FACE_OUTER_BOUND('',#514,.T.);
#359=FACE_OUTER_BOUND('',#515,.T.);
#360=FACE_OUTER_BOUND('',#516,.T.);
#361=FACE_OUTER_BOUND('',#517,.T.);
#362=FACE_OUTER_BOUND('',#518,.T.);
#363=FACE_OUTER_BOUND('',#519,.T.);
#364=FACE_OUTER_BOUND('',#520,.T.);
#365=FACE_OUTER_BOUND('',#521,.T.);
#366=FACE_OUTER_BOUND('',#522,.T.);
#367=FACE_OUTER_BOUND('',#523,.T.);
#368=FACE_OUTER_BOUND('',#524,.T.);
#369=FACE_OUTER_BOUND('',#525,.T.);
#370=FACE_OUTER_BOUND('',#526,.T.);
#371=FACE_OUTER_BOUND('',#527,.T.);
#372=FACE_OUTER_BOUND('',#528,.T.);
#373=FACE_OUTER_BOUND('',#529,.T.);
#374=FACE_OUTER_BOUND('',#530,.T.);
#375=FACE_OUTER_BOUND('',#531,.T.);
#376=FACE_OUTER_BOUND('',#532,.T.);
#377=FACE_OUTER_BOUND('',#533,.T.);
#378=FACE_OUTER_BOUND('',#534,.T.);
#379=FACE_OUTER_BOUND('',#535,.T.);
#380=FACE_OUTER_BOUND('',#536,.T.);
#381=FACE_OUTER_BOUND('',#537,.T.);
#382=FACE_OUTER_BOUND('',#538,.T.);
#383=FACE_OUTER_BOUND('',#539,.T.);
#384=FACE_OUTER_BOUND('',#540,.T.);
#385=FACE_OUTER_BOUND('',#541,.T.);
#386=FACE_OUTER_BOUND('',#542,.T.);
#387=FACE_OUTER_BOUND('',#543,.T.);
#388=FACE_OUTER_BOUND('',#544,.T.);
#389=FACE_OUTER_BOUND('',#545,.T.);
#390=FACE_OUTER_BOUND('',#546,.T.);
#391=FACE_OUTER_BOUND('',#547,.T.);
#392=FACE_OUTER_BOUND('',#548,.T.);
#393=FACE_OUTER_BOUND('',#549,.T.);
#394=FACE_OUTER_BOUND('',#550,.T.);
#395=FACE_OUTER_BOUND('',#551,.T.);
#396=FACE_OUTER_BOUND('',#552,.T.);
#397=FACE_OUTER_BOUND('',#553,.T.);
#398=FACE_OUTER_BOUND('',#554,.T.);
#399=FACE_OUTER_BOUND('',#555,.T.);
#400=FACE_OUTER_BOUND('',#567,.T.);
#401=FACE_OUTER_BOUND('',#568,.T.);
#402=FACE_OUTER_BOUND('',#569,.T.);
#403=FACE_OUTER_BOUND('',#570,.T.);
#404=EDGE_LOOP('',(#1602,#1603,#1604,#1605));
#405=EDGE_LOOP('',(#1606,#1607,#1608,#1609,#1610,#1611,#1612,#1613));
#406=EDGE_LOOP('',(#1614));
#407=EDGE_LOOP('',(#1615));
#408=EDGE_LOOP('',(#1616,#1617,#1618,#1619,#1620,#1621,#1622,#1623,#1624,
#1625,#1626,#1627));
#409=EDGE_LOOP('',(#1628,#1629,#1630,#1631,#1632,#1633,#1634,#1635,#1636,
#1637,#1638,#1639,#1640,#1641,#1642,#1643,#1644,#1645));
#410=EDGE_LOOP('',(#1646,#1647,#1648,#1649,#1650,#1651,#1652,#1653,#1654,
#1655,#1656,#1657));
#411=EDGE_LOOP('',(#1658,#1659,#1660,#1661,#1662,#1663,#1664,#1665,#1666,
#1667,#1668,#1669));
#412=EDGE_LOOP('',(#1670,#1671,#1672,#1673,#1674,#1675,#1676,#1677,#1678,
#1679,#1680,#1681));
#413=EDGE_LOOP('',(#1682,#1683,#1684,#1685,#1686,#1687,#1688,#1689,#1690,
#1691,#1692,#1693));
#414=EDGE_LOOP('',(#1694));
#415=EDGE_LOOP('',(#1695));
#416=EDGE_LOOP('',(#1696,#1697,#1698,#1699));
#417=EDGE_LOOP('',(#1700,#1701,#1702,#1703));
#418=EDGE_LOOP('',(#1704,#1705,#1706,#1707));
#419=EDGE_LOOP('',(#1708,#1709,#1710,#1711));
#420=EDGE_LOOP('',(#1712,#1713,#1714,#1715));
#421=EDGE_LOOP('',(#1716,#1717,#1718,#1719));
#422=EDGE_LOOP('',(#1720,#1721,#1722,#1723));
#423=EDGE_LOOP('',(#1724,#1725,#1726,#1727));
#424=EDGE_LOOP('',(#1728,#1729,#1730,#1731));
#425=EDGE_LOOP('',(#1732,#1733,#1734,#1735));
#426=EDGE_LOOP('',(#1736,#1737,#1738,#1739));
#427=EDGE_LOOP('',(#1740,#1741,#1742,#1743));
#428=EDGE_LOOP('',(#1744,#1745,#1746,#1747));
#429=EDGE_LOOP('',(#1748,#1749,#1750,#1751));
#430=EDGE_LOOP('',(#1752,#1753,#1754,#1755));
#431=EDGE_LOOP('',(#1756,#1757,#1758,#1759));
#432=EDGE_LOOP('',(#1760,#1761,#1762,#1763));
#433=EDGE_LOOP('',(#1764,#1765,#1766,#1767));
#434=EDGE_LOOP('',(#1768,#1769,#1770,#1771));
#435=EDGE_LOOP('',(#1772,#1773,#1774,#1775));
#436=EDGE_LOOP('',(#1776,#1777,#1778,#1779));
#437=EDGE_LOOP('',(#1780,#1781,#1782,#1783));
#438=EDGE_LOOP('',(#1784,#1785,#1786,#1787));
#439=EDGE_LOOP('',(#1788,#1789,#1790,#1791));
#440=EDGE_LOOP('',(#1792,#1793,#1794,#1795));
#441=EDGE_LOOP('',(#1796,#1797,#1798,#1799));
#442=EDGE_LOOP('',(#1800,#1801,#1802,#1803));
#443=EDGE_LOOP('',(#1804,#1805,#1806,#1807));
#444=EDGE_LOOP('',(#1808,#1809,#1810,#1811));
#445=EDGE_LOOP('',(#1812,#1813,#1814,#1815));
#446=EDGE_LOOP('',(#1816,#1817,#1818,#1819));
#447=EDGE_LOOP('',(#1820,#1821,#1822,#1823));
#448=EDGE_LOOP('',(#1824,#1825,#1826,#1827));
#449=EDGE_LOOP('',(#1828,#1829,#1830,#1831));
#450=EDGE_LOOP('',(#1832,#1833,#1834,#1835));
#451=EDGE_LOOP('',(#1836,#1837,#1838,#1839));
#452=EDGE_LOOP('',(#1840,#1841,#1842,#1843));
#453=EDGE_LOOP('',(#1844,#1845,#1846,#1847));
#454=EDGE_LOOP('',(#1848,#1849,#1850,#1851,#1852,#1853,#1854,#1855));
#455=EDGE_LOOP('',(#1856,#1857,#1858,#1859));
#456=EDGE_LOOP('',(#1860,#1861,#1862,#1863));
#457=EDGE_LOOP('',(#1864,#1865,#1866,#1867));
#458=EDGE_LOOP('',(#1868,#1869,#1870,#1871));
#459=EDGE_LOOP('',(#1872,#1873,#1874));
#460=EDGE_LOOP('',(#1875,#1876,#1877,#1878));
#461=EDGE_LOOP('',(#1879,#1880,#1881));
#462=EDGE_LOOP('',(#1882,#1883,#1884,#1885));
#463=EDGE_LOOP('',(#1886,#1887,#1888,#1889));
#464=EDGE_LOOP('',(#1890,#1891,#1892,#1893,#1894,#1895));
#465=EDGE_LOOP('',(#1896,#1897,#1898,#1899));
#466=EDGE_LOOP('',(#1900,#1901,#1902,#1903));
#467=EDGE_LOOP('',(#1904,#1905,#1906,#1907));
#468=EDGE_LOOP('',(#1908,#1909,#1910,#1911,#1912,#1913,#1914,#1915));
#469=EDGE_LOOP('',(#1916,#1917,#1918,#1919));
#470=EDGE_LOOP('',(#1920,#1921,#1922,#1923));
#471=EDGE_LOOP('',(#1924,#1925,#1926,#1927));
#472=EDGE_LOOP('',(#1928,#1929,#1930,#1931));
#473=EDGE_LOOP('',(#1932,#1933,#1934));
#474=EDGE_LOOP('',(#1935,#1936,#1937,#1938));
#475=EDGE_LOOP('',(#1939,#1940,#1941));
#476=EDGE_LOOP('',(#1942,#1943,#1944,#1945));
#477=EDGE_LOOP('',(#1946,#1947,#1948,#1949));
#478=EDGE_LOOP('',(#1950,#1951,#1952,#1953));
#479=EDGE_LOOP('',(#1954,#1955,#1956,#1957));
#480=EDGE_LOOP('',(#1958,#1959,#1960,#1961));
#481=EDGE_LOOP('',(#1962,#1963,#1964,#1965,#1966,#1967,#1968,#1969));
#482=EDGE_LOOP('',(#1970,#1971,#1972,#1973));
#483=EDGE_LOOP('',(#1974,#1975,#1976,#1977));
#484=EDGE_LOOP('',(#1978,#1979,#1980,#1981));
#485=EDGE_LOOP('',(#1982,#1983,#1984,#1985));
#486=EDGE_LOOP('',(#1986,#1987,#1988));
#487=EDGE_LOOP('',(#1989,#1990,#1991,#1992));
#488=EDGE_LOOP('',(#1993,#1994,#1995));
#489=EDGE_LOOP('',(#1996,#1997,#1998,#1999));
#490=EDGE_LOOP('',(#2000,#2001,#2002,#2003));
#491=EDGE_LOOP('',(#2004,#2005,#2006,#2007));
#492=EDGE_LOOP('',(#2008,#2009,#2010,#2011));
#493=EDGE_LOOP('',(#2012,#2013,#2014,#2015));
#494=EDGE_LOOP('',(#2016,#2017,#2018,#2019,#2020,#2021,#2022,#2023));
#495=EDGE_LOOP('',(#2024,#2025,#2026,#2027));
#496=EDGE_LOOP('',(#2028,#2029,#2030,#2031));
#497=EDGE_LOOP('',(#2032,#2033,#2034,#2035));
#498=EDGE_LOOP('',(#2036,#2037,#2038,#2039));
#499=EDGE_LOOP('',(#2040,#2041,#2042));
#500=EDGE_LOOP('',(#2043,#2044,#2045,#2046));
#501=EDGE_LOOP('',(#2047,#2048,#2049));
#502=EDGE_LOOP('',(#2050,#2051,#2052,#2053));
#503=EDGE_LOOP('',(#2054,#2055,#2056,#2057));
#504=EDGE_LOOP('',(#2058,#2059,#2060,#2061));
#505=EDGE_LOOP('',(#2062,#2063,#2064,#2065));
#506=EDGE_LOOP('',(#2066,#2067,#2068,#2069));
#507=EDGE_LOOP('',(#2070,#2071,#2072,#2073,#2074,#2075,#2076,#2077));
#508=EDGE_LOOP('',(#2078,#2079,#2080,#2081));
#509=EDGE_LOOP('',(#2082,#2083,#2084,#2085));
#510=EDGE_LOOP('',(#2086,#2087,#2088,#2089));
#511=EDGE_LOOP('',(#2090,#2091,#2092,#2093));
#512=EDGE_LOOP('',(#2094,#2095,#2096));
#513=EDGE_LOOP('',(#2097,#2098,#2099,#2100));
#514=EDGE_LOOP('',(#2101,#2102,#2103));
#515=EDGE_LOOP('',(#2104,#2105,#2106,#2107));
#516=EDGE_LOOP('',(#2108,#2109,#2110,#2111));
#517=EDGE_LOOP('',(#2112,#2113,#2114,#2115));
#518=EDGE_LOOP('',(#2116,#2117,#2118,#2119));
#519=EDGE_LOOP('',(#2120,#2121,#2122,#2123));
#520=EDGE_LOOP('',(#2124,#2125,#2126,#2127,#2128,#2129,#2130,#2131));
#521=EDGE_LOOP('',(#2132,#2133,#2134,#2135));
#522=EDGE_LOOP('',(#2136,#2137,#2138,#2139));
#523=EDGE_LOOP('',(#2140,#2141,#2142,#2143));
#524=EDGE_LOOP('',(#2144,#2145,#2146,#2147));
#525=EDGE_LOOP('',(#2148,#2149,#2150));
#526=EDGE_LOOP('',(#2151,#2152,#2153,#2154,#2155,#2156,#2157,#2158));
#527=EDGE_LOOP('',(#2159,#2160,#2161));
#528=EDGE_LOOP('',(#2162,#2163,#2164,#2165));
#529=EDGE_LOOP('',(#2166,#2167,#2168,#2169));
#530=EDGE_LOOP('',(#2170,#2171,#2172,#2173));
#531=EDGE_LOOP('',(#2174,#2175,#2176,#2177));
#532=EDGE_LOOP('',(#2178,#2179,#2180,#2181));
#533=EDGE_LOOP('',(#2182,#2183,#2184,#2185,#2186,#2187,#2188,#2189));
#534=EDGE_LOOP('',(#2190,#2191,#2192,#2193));
#535=EDGE_LOOP('',(#2194,#2195,#2196,#2197));
#536=EDGE_LOOP('',(#2198,#2199,#2200,#2201));
#537=EDGE_LOOP('',(#2202,#2203,#2204,#2205));
#538=EDGE_LOOP('',(#2206,#2207,#2208));
#539=EDGE_LOOP('',(#2209,#2210,#2211,#2212));
#540=EDGE_LOOP('',(#2213,#2214,#2215));
#541=EDGE_LOOP('',(#2216,#2217,#2218,#2219));
#542=EDGE_LOOP('',(#2220,#2221,#2222,#2223));
#543=EDGE_LOOP('',(#2224,#2225,#2226,#2227));
#544=EDGE_LOOP('',(#2228,#2229,#2230,#2231));
#545=EDGE_LOOP('',(#2232,#2233,#2234,#2235));
#546=EDGE_LOOP('',(#2236,#2237,#2238,#2239));
#547=EDGE_LOOP('',(#2240,#2241,#2242,#2243));
#548=EDGE_LOOP('',(#2244,#2245,#2246,#2247));
#549=EDGE_LOOP('',(#2248,#2249,#2250,#2251));
#550=EDGE_LOOP('',(#2252,#2253,#2254,#2255));
#551=EDGE_LOOP('',(#2256,#2257,#2258,#2259));
#552=EDGE_LOOP('',(#2260,#2261,#2262,#2263));
#553=EDGE_LOOP('',(#2264,#2265,#2266,#2267));
#554=EDGE_LOOP('',(#2268,#2269,#2270,#2271));
#555=EDGE_LOOP('',(#2272,#2273,#2274,#2275,#2276,#2277,#2278,#2279));
#556=EDGE_LOOP('',(#2280,#2281,#2282,#2283));
#557=EDGE_LOOP('',(#2284,#2285,#2286,#2287));
#558=EDGE_LOOP('',(#2288,#2289,#2290,#2291));
#559=EDGE_LOOP('',(#2292,#2293,#2294,#2295));
#560=EDGE_LOOP('',(#2296,#2297,#2298,#2299));
#561=EDGE_LOOP('',(#2300,#2301,#2302,#2303));
#562=EDGE_LOOP('',(#2304,#2305,#2306,#2307));
#563=EDGE_LOOP('',(#2308));
#564=EDGE_LOOP('',(#2309));
#565=EDGE_LOOP('',(#2310));
#566=EDGE_LOOP('',(#2311));
#567=EDGE_LOOP('',(#2312,#2313,#2314,#2315));
#568=EDGE_LOOP('',(#2316,#2317,#2318,#2319));
#569=EDGE_LOOP('',(#2320,#2321,#2322,#2323));
#570=EDGE_LOOP('',(#2324,#2325,#2326,#2327));
#571=LINE('',#3268,#742);
#572=LINE('',#3273,#743);
#573=LINE('',#3277,#744);
#574=LINE('',#3281,#745);
#575=LINE('',#3285,#746);
#576=LINE('',#3293,#747);
#577=LINE('',#3338,#748);
#578=LINE('',#3386,#749);
#579=LINE('',#3434,#750);
#580=LINE('',#3479,#751);
#581=LINE('',#3524,#752);
#582=LINE('',#3572,#753);
#583=LINE('',#3620,#754);
#584=LINE('',#3668,#755);
#585=LINE('',#3716,#756);
#586=LINE('',#3761,#757);
#587=LINE('',#3806,#758);
#588=LINE('',#3854,#759);
#589=LINE('',#3902,#760);
#590=LINE('',#3947,#761);
#591=LINE('',#3992,#762);
#592=LINE('',#4040,#763);
#593=LINE('',#4088,#764);
#594=LINE('',#4133,#765);
#595=LINE('',#4178,#766);
#596=LINE('',#4226,#767);
#597=LINE('',#4274,#768);
#598=LINE('',#4319,#769);
#599=LINE('',#4364,#770);
#600=LINE('',#4412,#771);
#601=LINE('',#4460,#772);
#602=LINE('',#4507,#773);
#603=LINE('',#4511,#774);
#604=LINE('',#4515,#775);
#605=LINE('',#4519,#776);
#606=LINE('',#4523,#777);
#607=LINE('',#4527,#778);
#608=LINE('',#4531,#779);
#609=LINE('',#4538,#780);
#610=LINE('',#4541,#781);
#611=LINE('',#4544,#782);
#612=LINE('',#4546,#783);
#613=LINE('',#4547,#784);
#614=LINE('',#4553,#785);
#615=LINE('',#4555,#786);
#616=LINE('',#4556,#787);
#617=LINE('',#4562,#788);
#618=LINE('',#4564,#789);
#619=LINE('',#4567,#790);
#620=LINE('',#4568,#791);
#621=LINE('',#4574,#792);
#622=LINE('',#4576,#793);
#623=LINE('',#4577,#794);
#624=LINE('',#4583,#795);
#625=LINE('',#4585,#796);
#626=LINE('',#4588,#797);
#627=LINE('',#4589,#798);
#628=LINE('',#4595,#799);
#629=LINE('',#4597,#800);
#630=LINE('',#4598,#801);
#631=LINE('',#4604,#802);
#632=LINE('',#4606,#803);
#633=LINE('',#4609,#804);
#634=LINE('',#4610,#805);
#635=LINE('',#4616,#806);
#636=LINE('',#4618,#807);
#637=LINE('',#4619,#808);
#638=LINE('',#4625,#809);
#639=LINE('',#4627,#810);
#640=LINE('',#4630,#811);
#641=LINE('',#4631,#812);
#642=LINE('',#4637,#813);
#643=LINE('',#4639,#814);
#644=LINE('',#4640,#815);
#645=LINE('',#4646,#816);
#646=LINE('',#4648,#817);
#647=LINE('',#4651,#818);
#648=LINE('',#4652,#819);
#649=LINE('',#4658,#820);
#650=LINE('',#4660,#821);
#651=LINE('',#4661,#822);
#652=LINE('',#4667,#823);
#653=LINE('',#4669,#824);
#654=LINE('',#4672,#825);
#655=LINE('',#4673,#826);
#656=LINE('',#4679,#827);
#657=LINE('',#4681,#828);
#658=LINE('',#4682,#829);
#659=LINE('',#4781,#830);
#660=LINE('',#4782,#831);
#661=LINE('',#4868,#832);
#662=LINE('',#4878,#833);
#663=LINE('',#4886,#834);
#664=LINE('',#4893,#835);
#665=LINE('',#4956,#836);
#666=LINE('',#5019,#837);
#667=LINE('',#5021,#838);
#668=LINE('',#5035,#839);
#669=LINE('',#5038,#840);
#670=LINE('',#5095,#841);
#671=LINE('',#5096,#842);
#672=LINE('',#5149,#843);
#673=LINE('',#5163,#844);
#674=LINE('',#5225,#845);
#675=LINE('',#5288,#846);
#676=LINE('',#5290,#847);
#677=LINE('',#5303,#848);
#678=LINE('',#5354,#849);
#679=LINE('',#5355,#850);
#680=LINE('',#5407,#851);
#681=LINE('',#5421,#852);
#682=LINE('',#5483,#853);
#683=LINE('',#5538,#854);
#684=LINE('',#5540,#855);
#685=LINE('',#5548,#856);
#686=LINE('',#5604,#857);
#687=LINE('',#5605,#858);
#688=LINE('',#5657,#859);
#689=LINE('',#5671,#860);
#690=LINE('',#5733,#861);
#691=LINE('',#5788,#862);
#692=LINE('',#5790,#863);
#693=LINE('',#5798,#864);
#694=LINE('',#5854,#865);
#695=LINE('',#5855,#866);
#696=LINE('',#5907,#867);
#697=LINE('',#5921,#868);
#698=LINE('',#5983,#869);
#699=LINE('',#6038,#870);
#700=LINE('',#6040,#871);
#701=LINE('',#6048,#872);
#702=LINE('',#6104,#873);
#703=LINE('',#6105,#874);
#704=LINE('',#6157,#875);
#705=LINE('',#6171,#876);
#706=LINE('',#6233,#877);
#707=LINE('',#6288,#878);
#708=LINE('',#6290,#879);
#709=LINE('',#6298,#880);
#710=LINE('',#6354,#881);
#711=LINE('',#6355,#882);
#712=LINE('',#6407,#883);
#713=LINE('',#6421,#884);
#714=LINE('',#6483,#885);
#715=LINE('',#6538,#886);
#716=LINE('',#6540,#887);
#717=LINE('',#6548,#888);
#718=LINE('',#6557,#889);
#719=LINE('',#6559,#890);
#720=LINE('',#6560,#891);
#721=LINE('',#6564,#892);
#722=LINE('',#6567,#893);
#723=LINE('',#6568,#894);
#724=LINE('',#6572,#895);
#725=LINE('',#6575,#896);
#726=LINE('',#6576,#897);
#727=LINE('',#6580,#898);
#728=LINE('',#6583,#899);
#729=LINE('',#6584,#900);
#730=LINE('',#6589,#901);
#731=LINE('',#6592,#902);
#732=LINE('',#6595,#903);
#733=LINE('',#6596,#904);
#734=LINE('',#6599,#905);
#735=LINE('',#6603,#906);
#736=LINE('',#6604,#907);
#737=LINE('',#6609,#908);
#738=LINE('',#6612,#909);
#739=LINE('',#6614,#910);
#740=LINE('',#6615,#911);
#741=LINE('',#6617,#912);
#742=VECTOR('',#2700,3.);
#743=VECTOR('',#2705,10.);
#744=VECTOR('',#2708,10.);
#745=VECTOR('',#2711,10.);
#746=VECTOR('',#2714,10.);
#747=VECTOR('',#2721,10.);
#748=VECTOR('',#2724,10.);
#749=VECTOR('',#2727,10.);
#750=VECTOR('',#2730,10.);
#751=VECTOR('',#2733,10.);
#752=VECTOR('',#2736,10.);
#753=VECTOR('',#2739,10.);
#754=VECTOR('',#2742,10.);
#755=VECTOR('',#2745,10.);
#756=VECTOR('',#2748,10.);
#757=VECTOR('',#2751,10.);
#758=VECTOR('',#2754,10.);
#759=VECTOR('',#2757,10.);
#760=VECTOR('',#2760,10.);
#761=VECTOR('',#2763,10.);
#762=VECTOR('',#2766,10.);
#763=VECTOR('',#2769,10.);
#764=VECTOR('',#2772,10.);
#765=VECTOR('',#2775,10.);
#766=VECTOR('',#2778,10.);
#767=VECTOR('',#2781,10.);
#768=VECTOR('',#2784,10.);
#769=VECTOR('',#2787,10.);
#770=VECTOR('',#2790,10.);
#771=VECTOR('',#2793,10.);
#772=VECTOR('',#2796,10.);
#773=VECTOR('',#2803,2.);
#774=VECTOR('',#2808,3.);
#775=VECTOR('',#2813,2.);
#776=VECTOR('',#2818,3.);
#777=VECTOR('',#2823,2.);
#778=VECTOR('',#2828,3.);
#779=VECTOR('',#2833,2.);
#780=VECTOR('',#2840,10.);
#781=VECTOR('',#2843,10.);
#782=VECTOR('',#2846,10.);
#783=VECTOR('',#2847,10.);
#784=VECTOR('',#2848,10.);
#785=VECTOR('',#2855,10.);
#786=VECTOR('',#2858,10.);
#787=VECTOR('',#2859,10.);
#788=VECTOR('',#2864,10.);
#789=VECTOR('',#2867,10.);
#790=VECTOR('',#2870,10.);
#791=VECTOR('',#2871,10.);
#792=VECTOR('',#2878,10.);
#793=VECTOR('',#2881,10.);
#794=VECTOR('',#2882,10.);
#795=VECTOR('',#2887,10.);
#796=VECTOR('',#2890,10.);
#797=VECTOR('',#2893,10.);
#798=VECTOR('',#2894,10.);
#799=VECTOR('',#2901,10.);
#800=VECTOR('',#2904,10.);
#801=VECTOR('',#2905,10.);
#802=VECTOR('',#2910,10.);
#803=VECTOR('',#2913,10.);
#804=VECTOR('',#2916,10.);
#805=VECTOR('',#2917,10.);
#806=VECTOR('',#2924,10.);
#807=VECTOR('',#2927,10.);
#808=VECTOR('',#2928,10.);
#809=VECTOR('',#2933,10.);
#810=VECTOR('',#2936,10.);
#811=VECTOR('',#2939,10.);
#812=VECTOR('',#2940,10.);
#813=VECTOR('',#2947,10.);
#814=VECTOR('',#2950,10.);
#815=VECTOR('',#2951,10.);
#816=VECTOR('',#2956,10.);
#817=VECTOR('',#2959,10.);
#818=VECTOR('',#2962,10.);
#819=VECTOR('',#2963,10.);
#820=VECTOR('',#2970,10.);
#821=VECTOR('',#2973,10.);
#822=VECTOR('',#2974,10.);
#823=VECTOR('',#2979,10.);
#824=VECTOR('',#2982,10.);
#825=VECTOR('',#2985,10.);
#826=VECTOR('',#2986,10.);
#827=VECTOR('',#2993,10.);
#828=VECTOR('',#2996,10.);
#829=VECTOR('',#2997,10.);
#830=VECTOR('',#3004,10.);
#831=VECTOR('',#3005,10.);
#832=VECTOR('',#3008,10.);
#833=VECTOR('',#3009,10.);
#834=VECTOR('',#3010,10.);
#835=VECTOR('',#3011,10.);
#836=VECTOR('',#3020,10.);
#837=VECTOR('',#3021,10.);
#838=VECTOR('',#3024,10.);
#839=VECTOR('',#3027,10.);
#840=VECTOR('',#3032,10.);
#841=VECTOR('',#3039,10.);
#842=VECTOR('',#3040,10.);
#843=VECTOR('',#3043,10.);
#844=VECTOR('',#3044,10.);
#845=VECTOR('',#3051,10.);
#846=VECTOR('',#3052,10.);
#847=VECTOR('',#3055,10.);
#848=VECTOR('',#3056,10.);
#849=VECTOR('',#3065,10.);
#850=VECTOR('',#3066,10.);
#851=VECTOR('',#3069,10.);
#852=VECTOR('',#3070,10.);
#853=VECTOR('',#3077,10.);
#854=VECTOR('',#3078,10.);
#855=VECTOR('',#3081,10.);
#856=VECTOR('',#3084,10.);
#857=VECTOR('',#3091,10.);
#858=VECTOR('',#3092,10.);
#859=VECTOR('',#3095,10.);
#860=VECTOR('',#3096,10.);
#861=VECTOR('',#3103,10.);
#862=VECTOR('',#3104,10.);
#863=VECTOR('',#3107,10.);
#864=VECTOR('',#3110,10.);
#865=VECTOR('',#3117,10.);
#866=VECTOR('',#3118,10.);
#867=VECTOR('',#3121,10.);
#868=VECTOR('',#3122,10.);
#869=VECTOR('',#3129,10.);
#870=VECTOR('',#3130,10.);
#871=VECTOR('',#3133,10.);
#872=VECTOR('',#3136,10.);
#873=VECTOR('',#3143,10.);
#874=VECTOR('',#3144,10.);
#875=VECTOR('',#3147,10.);
#876=VECTOR('',#3148,10.);
#877=VECTOR('',#3155,10.);
#878=VECTOR('',#3156,10.);
#879=VECTOR('',#3159,10.);
#880=VECTOR('',#3162,10.);
#881=VECTOR('',#3169,10.);
#882=VECTOR('',#3170,10.);
#883=VECTOR('',#3173,10.);
#884=VECTOR('',#3174,10.);
#885=VECTOR('',#3181,10.);
#886=VECTOR('',#3182,10.);
#887=VECTOR('',#3185,10.);
#888=VECTOR('',#3188,10.);
#889=VECTOR('',#3191,10.);
#890=VECTOR('',#3192,10.);
#891=VECTOR('',#3193,10.);
#892=VECTOR('',#3198,10.);
#893=VECTOR('',#3201,10.);
#894=VECTOR('',#3202,10.);
#895=VECTOR('',#3207,10.);
#896=VECTOR('',#3210,10.);
#897=VECTOR('',#3211,10.);
#898=VECTOR('',#3216,10.);
#899=VECTOR('',#3219,10.);
#900=VECTOR('',#3220,10.);
#901=VECTOR('',#3227,10.);
#902=VECTOR('',#3230,10.);
#903=VECTOR('',#3233,10.);
#904=VECTOR('',#3234,10.);
#905=VECTOR('',#3237,10.);
#906=VECTOR('',#3242,10.);
#907=VECTOR('',#3243,10.);
#908=VECTOR('',#3248,10.);
#909=VECTOR('',#3251,10.);
#910=VECTOR('',#3254,10.);
#911=VECTOR('',#3255,10.);
#912=VECTOR('',#3258,10.);
#913=CIRCLE('',#2497,4.);
#914=CIRCLE('',#2498,2.);
#915=CIRCLE('',#2500,3.30000000000002);
#916=CIRCLE('',#2501,3.3);
#917=CIRCLE('',#2502,3.3);
#918=CIRCLE('',#2503,3.3);
#919=CIRCLE('',#2504,4.);
#920=CIRCLE('',#2505,4.);
#921=CIRCLE('',#2506,6.00000000000001);
#922=CIRCLE('',#2507,8.41000000000039);
#923=CIRCLE('',#2508,8.41000000000002);
#924=CIRCLE('',#2509,6.00000000000001);
#925=CIRCLE('',#2510,6.00000000000001);
#926=CIRCLE('',#2511,8.41000000000271);
#927=CIRCLE('',#2512,8.41000000000039);
#928=CIRCLE('',#2513,8.41000000000002);
#929=CIRCLE('',#2514,8.41000000000001);
#930=CIRCLE('',#2515,6.00000000000001);
#931=CIRCLE('',#2516,6.00000000000001);
#932=CIRCLE('',#2517,8.41000000000271);
#933=CIRCLE('',#2518,8.41000000000001);
#934=CIRCLE('',#2519,6.00000000000001);
#935=CIRCLE('',#2520,6.00000000000001);
#936=CIRCLE('',#2521,8.41000000000271);
#937=CIRCLE('',#2522,8.41000000000001);
#938=CIRCLE('',#2523,6.00000000000001);
#939=CIRCLE('',#2524,6.00000000000001);
#940=CIRCLE('',#2525,8.41000000000271);
#941=CIRCLE('',#2526,8.41000000000001);
#942=CIRCLE('',#2527,6.00000000000001);
#943=CIRCLE('',#2528,6.00000000000001);
#944=CIRCLE('',#2529,8.41000000000271);
#945=CIRCLE('',#2530,8.41000000000001);
#946=CIRCLE('',#2531,6.00000000000001);
#947=CIRCLE('',#2532,4.);
#948=CIRCLE('',#2534,2.);
#949=CIRCLE('',#2536,2.);
#950=CIRCLE('',#2538,2.);
#951=CIRCLE('',#2540,2.);
#952=CIRCLE('',#2542,2.);
#953=CIRCLE('',#2544,2.);
#954=CIRCLE('',#2546,2.);
#955=CIRCLE('',#2548,5.99999999999952);
#956=CIRCLE('',#2549,6.00000000000001);
#957=CIRCLE('',#2552,5.99999999999999);
#958=CIRCLE('',#2553,6.00000000000001);
#959=CIRCLE('',#2556,5.99999999999952);
#960=CIRCLE('',#2557,6.00000000000001);
#961=CIRCLE('',#2560,5.99999999999999);
#962=CIRCLE('',#2561,6.00000000000001);
#963=CIRCLE('',#2564,5.99999999999788);
#964=CIRCLE('',#2565,6.00000000000001);
#965=CIRCLE('',#2568,6.00000000000004);
#966=CIRCLE('',#2569,6.00000000000001);
#967=CIRCLE('',#2572,5.99999999999788);
#968=CIRCLE('',#2573,6.00000000000001);
#969=CIRCLE('',#2576,6.00000000000004);
#970=CIRCLE('',#2577,6.00000000000001);
#971=CIRCLE('',#2580,5.99999999999788);
#972=CIRCLE('',#2581,6.00000000000001);
#973=CIRCLE('',#2584,6.00000000000004);
#974=CIRCLE('',#2585,6.00000000000001);
#975=CIRCLE('',#2588,5.99999999999788);
#976=CIRCLE('',#2589,6.00000000000001);
#977=CIRCLE('',#2592,6.00000000000004);
#978=CIRCLE('',#2593,6.00000000000001);
#979=CIRCLE('',#2596,5.99999999999788);
#980=CIRCLE('',#2597,6.00000000000001);
#981=CIRCLE('',#2600,6.00000000000004);
#982=CIRCLE('',#2601,6.00000000000001);
#983=CIRCLE('',#2603,0.399999999999991);
#984=CIRCLE('',#2605,0.399999999999991);
#985=CIRCLE('',#2607,6.00000000000001);
#986=CIRCLE('',#2608,0.399999999999991);
#987=CIRCLE('',#2610,0.399999999999991);
#988=CIRCLE('',#2612,6.00000000000001);
#989=CIRCLE('',#2615,0.399999999999991);
#990=CIRCLE('',#2617,0.399999999999991);
#991=CIRCLE('',#2619,0.399999999999991);
#992=CIRCLE('',#2621,0.399999999999991);
#993=CIRCLE('',#2624,0.399999999999991);
#994=CIRCLE('',#2626,0.399999999999991);
#995=CIRCLE('',#2628,0.399999999999991);
#996=CIRCLE('',#2630,0.399999999999991);
#997=CIRCLE('',#2633,0.399999999999991);
#998=CIRCLE('',#2635,0.399999999999991);
#999=CIRCLE('',#2637,0.399999999999991);
#1000=CIRCLE('',#2639,0.399999999999991);
#1001=CIRCLE('',#2642,0.399999999999991);
#1002=CIRCLE('',#2644,0.399999999999991);
#1003=CIRCLE('',#2646,0.399999999999991);
#1004=CIRCLE('',#2648,0.399999999999991);
#1005=CIRCLE('',#2651,0.399999999999991);
#1006=CIRCLE('',#2653,0.399999999999991);
#1007=CIRCLE('',#2655,0.399999999999991);
#1008=CIRCLE('',#2657,0.399999999999991);
#1009=CIRCLE('',#2660,0.399999999999991);
#1010=CIRCLE('',#2662,0.399999999999991);
#1011=CIRCLE('',#2664,0.399999999999991);
#1012=CIRCLE('',#2666,0.399999999999991);
#1013=CIRCLE('',#2671,6.);
#1014=CIRCLE('',#2674,6.);
#1015=CIRCLE('',#2677,6.);
#1016=CIRCLE('',#2680,6.);
#1017=CIRCLE('',#2682,6.);
#1018=CIRCLE('',#2685,6.);
#1019=CIRCLE('',#2688,6.);
#1020=CIRCLE('',#2689,6.);
#1021=VERTEX_POINT('',#3265);
#1022=VERTEX_POINT('',#3267);
#1023=VERTEX_POINT('',#3271);
#1024=VERTEX_POINT('',#3272);
#1025=VERTEX_POINT('',#3274);
#1026=VERTEX_POINT('',#3276);
#1027=VERTEX_POINT('',#3278);
#1028=VERTEX_POINT('',#3280);
#1029=VERTEX_POINT('',#3282);
#1030=VERTEX_POINT('',#3284);
#1031=VERTEX_POINT('',#3287);
#1032=VERTEX_POINT('',#3289);
#1033=VERTEX_POINT('',#3291);
#1034=VERTEX_POINT('',#3292);
#1035=VERTEX_POINT('',#3294);
#1036=VERTEX_POINT('',#3296);
#1037=VERTEX_POINT('',#3337);
#1038=VERTEX_POINT('',#3339);
#1039=VERTEX_POINT('',#3383);
#1040=VERTEX_POINT('',#3385);
#1041=VERTEX_POINT('',#3387);
#1042=VERTEX_POINT('',#3389);
#1043=VERTEX_POINT('',#3433);
#1044=VERTEX_POINT('',#3435);
#1045=VERTEX_POINT('',#3477);
#1046=VERTEX_POINT('',#3478);
#1047=VERTEX_POINT('',#3480);
#1048=VERTEX_POINT('',#3482);
#1049=VERTEX_POINT('',#3523);
#1050=VERTEX_POINT('',#3525);
#1051=VERTEX_POINT('',#3569);
#1052=VERTEX_POINT('',#3571);
#1053=VERTEX_POINT('',#3573);
#1054=VERTEX_POINT('',#3617);
#1055=VERTEX_POINT('',#3619);
#1056=VERTEX_POINT('',#3621);
#1057=VERTEX_POINT('',#3623);
#1058=VERTEX_POINT('',#3667);
#1059=VERTEX_POINT('',#3669);
#1060=VERTEX_POINT('',#3671);
#1061=VERTEX_POINT('',#3715);
#1062=VERTEX_POINT('',#3717);
#1063=VERTEX_POINT('',#3759);
#1064=VERTEX_POINT('',#3760);
#1065=VERTEX_POINT('',#3762);
#1066=VERTEX_POINT('',#3764);
#1067=VERTEX_POINT('',#3805);
#1068=VERTEX_POINT('',#3807);
#1069=VERTEX_POINT('',#3851);
#1070=VERTEX_POINT('',#3853);
#1071=VERTEX_POINT('',#3855);
#1072=VERTEX_POINT('',#3857);
#1073=VERTEX_POINT('',#3901);
#1074=VERTEX_POINT('',#3903);
#1075=VERTEX_POINT('',#3945);
#1076=VERTEX_POINT('',#3946);
#1077=VERTEX_POINT('',#3948);
#1078=VERTEX_POINT('',#3950);
#1079=VERTEX_POINT('',#3991);
#1080=VERTEX_POINT('',#3993);
#1081=VERTEX_POINT('',#4037);
#1082=VERTEX_POINT('',#4039);
#1083=VERTEX_POINT('',#4041);
#1084=VERTEX_POINT('',#4043);
#1085=VERTEX_POINT('',#4087);
#1086=VERTEX_POINT('',#4089);
#1087=VERTEX_POINT('',#4131);
#1088=VERTEX_POINT('',#4132);
#1089=VERTEX_POINT('',#4134);
#1090=VERTEX_POINT('',#4136);
#1091=VERTEX_POINT('',#4177);
#1092=VERTEX_POINT('',#4179);
#1093=VERTEX_POINT('',#4223);
#1094=VERTEX_POINT('',#4225);
#1095=VERTEX_POINT('',#4227);
#1096=VERTEX_POINT('',#4229);
#1097=VERTEX_POINT('',#4273);
#1098=VERTEX_POINT('',#4275);
#1099=VERTEX_POINT('',#4317);
#1100=VERTEX_POINT('',#4318);
#1101=VERTEX_POINT('',#4320);
#1102=VERTEX_POINT('',#4322);
#1103=VERTEX_POINT('',#4363);
#1104=VERTEX_POINT('',#4365);
#1105=VERTEX_POINT('',#4409);
#1106=VERTEX_POINT('',#4411);
#1107=VERTEX_POINT('',#4413);
#1108=VERTEX_POINT('',#4415);
#1109=VERTEX_POINT('',#4459);
#1110=VERTEX_POINT('',#4461);
#1111=VERTEX_POINT('',#4503);
#1112=VERTEX_POINT('',#4506);
#1113=VERTEX_POINT('',#4510);
#1114=VERTEX_POINT('',#4514);
#1115=VERTEX_POINT('',#4518);
#1116=VERTEX_POINT('',#4522);
#1117=VERTEX_POINT('',#4526);
#1118=VERTEX_POINT('',#4530);
#1119=VERTEX_POINT('',#4534);
#1120=VERTEX_POINT('',#4535);
#1121=VERTEX_POINT('',#4537);
#1122=VERTEX_POINT('',#4539);
#1123=VERTEX_POINT('',#4543);
#1124=VERTEX_POINT('',#4545);
#1125=VERTEX_POINT('',#4549);
#1126=VERTEX_POINT('',#4551);
#1127=VERTEX_POINT('',#4558);
#1128=VERTEX_POINT('',#4559);
#1129=VERTEX_POINT('',#4561);
#1130=VERTEX_POINT('',#4566);
#1131=VERTEX_POINT('',#4570);
#1132=VERTEX_POINT('',#4572);
#1133=VERTEX_POINT('',#4579);
#1134=VERTEX_POINT('',#4580);
#1135=VERTEX_POINT('',#4582);
#1136=VERTEX_POINT('',#4587);
#1137=VERTEX_POINT('',#4591);
#1138=VERTEX_POINT('',#4593);
#1139=VERTEX_POINT('',#4600);
#1140=VERTEX_POINT('',#4601);
#1141=VERTEX_POINT('',#4603);
#1142=VERTEX_POINT('',#4608);
#1143=VERTEX_POINT('',#4612);
#1144=VERTEX_POINT('',#4614);
#1145=VERTEX_POINT('',#4621);
#1146=VERTEX_POINT('',#4622);
#1147=VERTEX_POINT('',#4624);
#1148=VERTEX_POINT('',#4629);
#1149=VERTEX_POINT('',#4633);
#1150=VERTEX_POINT('',#4635);
#1151=VERTEX_POINT('',#4642);
#1152=VERTEX_POINT('',#4643);
#1153=VERTEX_POINT('',#4645);
#1154=VERTEX_POINT('',#4650);
#1155=VERTEX_POINT('',#4654);
#1156=VERTEX_POINT('',#4656);
#1157=VERTEX_POINT('',#4663);
#1158=VERTEX_POINT('',#4664);
#1159=VERTEX_POINT('',#4666);
#1160=VERTEX_POINT('',#4671);
#1161=VERTEX_POINT('',#4675);
#1162=VERTEX_POINT('',#4677);
#1163=VERTEX_POINT('',#4718);
#1164=VERTEX_POINT('',#4719);
#1165=VERTEX_POINT('',#4760);
#1166=VERTEX_POINT('',#4768);
#1167=VERTEX_POINT('',#4778);
#1168=VERTEX_POINT('',#4779);
#1169=VERTEX_POINT('',#4813);
#1170=VERTEX_POINT('',#4814);
#1171=VERTEX_POINT('',#4869);
#1172=VERTEX_POINT('',#4877);
#1173=VERTEX_POINT('',#4944);
#1174=VERTEX_POINT('',#4954);
#1175=VERTEX_POINT('',#5074);
#1176=VERTEX_POINT('',#5082);
#1177=VERTEX_POINT('',#5092);
#1178=VERTEX_POINT('',#5093);
#1179=VERTEX_POINT('',#5140);
#1180=VERTEX_POINT('',#5148);
#1181=VERTEX_POINT('',#5213);
#1182=VERTEX_POINT('',#5223);
#1183=VERTEX_POINT('',#5335);
#1184=VERTEX_POINT('',#5342);
#1185=VERTEX_POINT('',#5351);
#1186=VERTEX_POINT('',#5352);
#1187=VERTEX_POINT('',#5399);
#1188=VERTEX_POINT('',#5406);
#1189=VERTEX_POINT('',#5471);
#1190=VERTEX_POINT('',#5481);
#1191=VERTEX_POINT('',#5585);
#1192=VERTEX_POINT('',#5592);
#1193=VERTEX_POINT('',#5601);
#1194=VERTEX_POINT('',#5602);
#1195=VERTEX_POINT('',#5649);
#1196=VERTEX_POINT('',#5656);
#1197=VERTEX_POINT('',#5721);
#1198=VERTEX_POINT('',#5731);
#1199=VERTEX_POINT('',#5835);
#1200=VERTEX_POINT('',#5842);
#1201=VERTEX_POINT('',#5851);
#1202=VERTEX_POINT('',#5852);
#1203=VERTEX_POINT('',#5899);
#1204=VERTEX_POINT('',#5906);
#1205=VERTEX_POINT('',#5971);
#1206=VERTEX_POINT('',#5981);
#1207=VERTEX_POINT('',#6085);
#1208=VERTEX_POINT('',#6092);
#1209=VERTEX_POINT('',#6101);
#1210=VERTEX_POINT('',#6102);
#1211=VERTEX_POINT('',#6149);
#1212=VERTEX_POINT('',#6156);
#1213=VERTEX_POINT('',#6221);
#1214=VERTEX_POINT('',#6231);
#1215=VERTEX_POINT('',#6335);
#1216=VERTEX_POINT('',#6342);
#1217=VERTEX_POINT('',#6351);
#1218=VERTEX_POINT('',#6352);
#1219=VERTEX_POINT('',#6399);
#1220=VERTEX_POINT('',#6406);
#1221=VERTEX_POINT('',#6471);
#1222=VERTEX_POINT('',#6481);
#1223=VERTEX_POINT('',#6556);
#1224=VERTEX_POINT('',#6558);
#1225=VERTEX_POINT('',#6562);
#1226=VERTEX_POINT('',#6566);
#1227=VERTEX_POINT('',#6570);
#1228=VERTEX_POINT('',#6574);
#1229=VERTEX_POINT('',#6578);
#1230=VERTEX_POINT('',#6582);
#1231=VERTEX_POINT('',#6588);
#1232=VERTEX_POINT('',#6590);
#1233=VERTEX_POINT('',#6594);
#1234=VERTEX_POINT('',#6598);
#1235=VERTEX_POINT('',#6602);
#1236=VERTEX_POINT('',#6606);
#1237=VERTEX_POINT('',#6608);
#1238=VERTEX_POINT('',#6610);
#1239=EDGE_CURVE('',#1021,#1021,#913,.T.);
#1240=EDGE_CURVE('',#1021,#1022,#571,.T.);
#1241=EDGE_CURVE('',#1022,#1022,#914,.T.);
#1242=EDGE_CURVE('',#1023,#1024,#572,.T.);
#1243=EDGE_CURVE('',#1025,#1023,#915,.T.);
#1244=EDGE_CURVE('',#1026,#1025,#573,.T.);
#1245=EDGE_CURVE('',#1027,#1026,#916,.T.);
#1246=EDGE_CURVE('',#1028,#1027,#574,.T.);
#1247=EDGE_CURVE('',#1029,#1028,#917,.T.);
#1248=EDGE_CURVE('',#1030,#1029,#575,.T.);
#1249=EDGE_CURVE('',#1024,#1030,#918,.T.);
#1250=EDGE_CURVE('',#1031,#1031,#919,.T.);
#1251=EDGE_CURVE('',#1032,#1032,#920,.T.);
#1252=EDGE_CURVE('',#1033,#1034,#576,.T.);
#1253=EDGE_CURVE('',#1034,#1035,#921,.T.);
#1254=EDGE_CURVE('',#1035,#1036,#107,.T.);
#1255=EDGE_CURVE('',#1036,#1037,#577,.T.);
#1256=EDGE_CURVE('',#1037,#1038,#108,.T.);
#1257=EDGE_CURVE('',#1038,#1039,#922,.T.);
#1258=EDGE_CURVE('',#1039,#1040,#578,.T.);
#1259=EDGE_CURVE('',#1040,#1041,#923,.T.);
#1260=EDGE_CURVE('',#1041,#1042,#109,.T.);
#1261=EDGE_CURVE('',#1042,#1043,#579,.T.);
#1262=EDGE_CURVE('',#1043,#1044,#110,.T.);
#1263=EDGE_CURVE('',#1044,#1033,#924,.T.);
#1264=EDGE_CURVE('',#1045,#1046,#580,.T.);
#1265=EDGE_CURVE('',#1046,#1047,#925,.T.);
#1266=EDGE_CURVE('',#1047,#1048,#111,.T.);
#1267=EDGE_CURVE('',#1048,#1049,#581,.T.);
#1268=EDGE_CURVE('',#1049,#1050,#112,.T.);
#1269=EDGE_CURVE('',#1050,#1051,#926,.T.);
#1270=EDGE_CURVE('',#1051,#1052,#582,.T.);
#1271=EDGE_CURVE('',#1052,#1053,#113,.T.);
#1272=EDGE_CURVE('',#1053,#1054,#927,.T.);
#1273=EDGE_CURVE('',#1054,#1055,#583,.T.);
#1274=EDGE_CURVE('',#1055,#1056,#928,.T.);
#1275=EDGE_CURVE('',#1056,#1057,#114,.T.);
#1276=EDGE_CURVE('',#1057,#1058,#584,.T.);
#1277=EDGE_CURVE('',#1058,#1059,#929,.T.);
#1278=EDGE_CURVE('',#1059,#1060,#115,.T.);
#1279=EDGE_CURVE('',#1060,#1061,#585,.T.);
#1280=EDGE_CURVE('',#1061,#1062,#116,.T.);
#1281=EDGE_CURVE('',#1062,#1045,#930,.T.);
#1282=EDGE_CURVE('',#1063,#1064,#586,.T.);
#1283=EDGE_CURVE('',#1064,#1065,#931,.T.);
#1284=EDGE_CURVE('',#1065,#1066,#117,.T.);
#1285=EDGE_CURVE('',#1066,#1067,#587,.T.);
#1286=EDGE_CURVE('',#1067,#1068,#118,.T.);
#1287=EDGE_CURVE('',#1068,#1069,#932,.T.);
#1288=EDGE_CURVE('',#1069,#1070,#588,.T.);
#1289=EDGE_CURVE('',#1070,#1071,#933,.T.);
#1290=EDGE_CURVE('',#1071,#1072,#119,.T.);
#1291=EDGE_CURVE('',#1072,#1073,#589,.T.);
#1292=EDGE_CURVE('',#1073,#1074,#120,.T.);
#1293=EDGE_CURVE('',#1074,#1063,#934,.T.);
#1294=EDGE_CURVE('',#1075,#1076,#590,.T.);
#1295=EDGE_CURVE('',#1076,#1077,#935,.T.);
#1296=EDGE_CURVE('',#1077,#1078,#121,.T.);
#1297=EDGE_CURVE('',#1078,#1079,#591,.T.);
#1298=EDGE_CURVE('',#1079,#1080,#122,.T.);
#1299=EDGE_CURVE('',#1080,#1081,#936,.T.);
#1300=EDGE_CURVE('',#1081,#1082,#592,.T.);
#1301=EDGE_CURVE('',#1082,#1083,#937,.T.);
#1302=EDGE_CURVE('',#1083,#1084,#123,.T.);
#1303=EDGE_CURVE('',#1084,#1085,#593,.T.);
#1304=EDGE_CURVE('',#1085,#1086,#124,.T.);
#1305=EDGE_CURVE('',#1086,#1075,#938,.T.);
#1306=EDGE_CURVE('',#1087,#1088,#594,.T.);
#1307=EDGE_CURVE('',#1088,#1089,#939,.T.);
#1308=EDGE_CURVE('',#1089,#1090,#125,.T.);
#1309=EDGE_CURVE('',#1090,#1091,#595,.T.);
#1310=EDGE_CURVE('',#1091,#1092,#126,.T.);
#1311=EDGE_CURVE('',#1092,#1093,#940,.T.);
#1312=EDGE_CURVE('',#1093,#1094,#596,.T.);
#1313=EDGE_CURVE('',#1094,#1095,#941,.T.);
#1314=EDGE_CURVE('',#1095,#1096,#127,.T.);
#1315=EDGE_CURVE('',#1096,#1097,#597,.T.);
#1316=EDGE_CURVE('',#1097,#1098,#128,.T.);
#1317=EDGE_CURVE('',#1098,#1087,#942,.T.);
#1318=EDGE_CURVE('',#1099,#1100,#598,.T.);
#1319=EDGE_CURVE('',#1100,#1101,#943,.T.);
#1320=EDGE_CURVE('',#1101,#1102,#129,.T.);
#1321=EDGE_CURVE('',#1102,#1103,#599,.T.);
#1322=EDGE_CURVE('',#1103,#1104,#130,.T.);
#1323=EDGE_CURVE('',#1104,#1105,#944,.T.);
#1324=EDGE_CURVE('',#1105,#1106,#600,.T.);
#1325=EDGE_CURVE('',#1106,#1107,#945,.T.);
#1326=EDGE_CURVE('',#1107,#1108,#131,.T.);
#1327=EDGE_CURVE('',#1108,#1109,#601,.T.);
#1328=EDGE_CURVE('',#1109,#1110,#132,.T.);
#1329=EDGE_CURVE('',#1110,#1099,#946,.T.);
#1330=EDGE_CURVE('',#1111,#1111,#947,.T.);
#1331=EDGE_CURVE('',#1022,#1112,#602,.T.);
#1332=EDGE_CURVE('',#1112,#1112,#948,.T.);
#1333=EDGE_CURVE('',#1031,#1113,#603,.T.);
#1334=EDGE_CURVE('',#1113,#1113,#949,.T.);
#1335=EDGE_CURVE('',#1113,#1114,#604,.T.);
#1336=EDGE_CURVE('',#1114,#1114,#950,.T.);
#1337=EDGE_CURVE('',#1111,#1115,#605,.T.);
#1338=EDGE_CURVE('',#1115,#1115,#951,.T.);
#1339=EDGE_CURVE('',#1115,#1116,#606,.T.);
#1340=EDGE_CURVE('',#1116,#1116,#952,.T.);
#1341=EDGE_CURVE('',#1032,#1117,#607,.T.);
#1342=EDGE_CURVE('',#1117,#1117,#953,.T.);
#1343=EDGE_CURVE('',#1117,#1118,#608,.T.);
#1344=EDGE_CURVE('',#1118,#1118,#954,.T.);
#1345=EDGE_CURVE('',#1119,#1120,#955,.T.);
#1346=EDGE_CURVE('',#1121,#1119,#609,.T.);
#1347=EDGE_CURVE('',#1121,#1122,#956,.T.);
#1348=EDGE_CURVE('',#1122,#1120,#610,.T.);
#1349=EDGE_CURVE('',#1120,#1123,#611,.T.);
#1350=EDGE_CURVE('',#1124,#1122,#612,.T.);
#1351=EDGE_CURVE('',#1124,#1123,#613,.T.);
#1352=EDGE_CURVE('',#1123,#1125,#957,.T.);
#1353=EDGE_CURVE('',#1124,#1126,#958,.T.);
#1354=EDGE_CURVE('',#1126,#1125,#614,.T.);
#1355=EDGE_CURVE('',#1125,#1119,#615,.T.);
#1356=EDGE_CURVE('',#1126,#1121,#616,.T.);
#1357=EDGE_CURVE('',#1127,#1128,#959,.T.);
#1358=EDGE_CURVE('',#1129,#1127,#617,.T.);
#1359=EDGE_CURVE('',#1129,#1034,#960,.T.);
#1360=EDGE_CURVE('',#1034,#1128,#618,.T.);
#1361=EDGE_CURVE('',#1128,#1130,#619,.T.);
#1362=EDGE_CURVE('',#1033,#1130,#620,.T.);
#1363=EDGE_CURVE('',#1130,#1131,#961,.T.);
#1364=EDGE_CURVE('',#1033,#1132,#962,.T.);
#1365=EDGE_CURVE('',#1132,#1131,#621,.T.);
#1366=EDGE_CURVE('',#1131,#1127,#622,.T.);
#1367=EDGE_CURVE('',#1132,#1129,#623,.T.);
#1368=EDGE_CURVE('',#1133,#1134,#963,.T.);
#1369=EDGE_CURVE('',#1135,#1133,#624,.T.);
#1370=EDGE_CURVE('',#1135,#1046,#964,.T.);
#1371=EDGE_CURVE('',#1046,#1134,#625,.T.);
#1372=EDGE_CURVE('',#1134,#1136,#626,.T.);
#1373=EDGE_CURVE('',#1045,#1136,#627,.T.);
#1374=EDGE_CURVE('',#1136,#1137,#965,.T.);
#1375=EDGE_CURVE('',#1045,#1138,#966,.T.);
#1376=EDGE_CURVE('',#1138,#1137,#628,.T.);
#1377=EDGE_CURVE('',#1137,#1133,#629,.T.);
#1378=EDGE_CURVE('',#1138,#1135,#630,.T.);
#1379=EDGE_CURVE('',#1139,#1140,#967,.T.);
#1380=EDGE_CURVE('',#1141,#1139,#631,.T.);
#1381=EDGE_CURVE('',#1141,#1064,#968,.T.);
#1382=EDGE_CURVE('',#1064,#1140,#632,.T.);
#1383=EDGE_CURVE('',#1140,#1142,#633,.T.);
#1384=EDGE_CURVE('',#1063,#1142,#634,.T.);
#1385=EDGE_CURVE('',#1142,#1143,#969,.T.);
#1386=EDGE_CURVE('',#1063,#1144,#970,.T.);
#1387=EDGE_CURVE('',#1144,#1143,#635,.T.);
#1388=EDGE_CURVE('',#1143,#1139,#636,.T.);
#1389=EDGE_CURVE('',#1144,#1141,#637,.T.);
#1390=EDGE_CURVE('',#1145,#1146,#971,.T.);
#1391=EDGE_CURVE('',#1147,#1145,#638,.T.);
#1392=EDGE_CURVE('',#1147,#1076,#972,.T.);
#1393=EDGE_CURVE('',#1076,#1146,#639,.T.);
#1394=EDGE_CURVE('',#1146,#1148,#640,.T.);
#1395=EDGE_CURVE('',#1075,#1148,#641,.T.);
#1396=EDGE_CURVE('',#1148,#1149,#973,.T.);
#1397=EDGE_CURVE('',#1075,#1150,#974,.T.);
#1398=EDGE_CURVE('',#1150,#1149,#642,.T.);
#1399=EDGE_CURVE('',#1149,#1145,#643,.T.);
#1400=EDGE_CURVE('',#1150,#1147,#644,.T.);
#1401=EDGE_CURVE('',#1151,#1152,#975,.T.);
#1402=EDGE_CURVE('',#1153,#1151,#645,.T.);
#1403=EDGE_CURVE('',#1153,#1088,#976,.T.);
#1404=EDGE_CURVE('',#1088,#1152,#646,.T.);
#1405=EDGE_CURVE('',#1152,#1154,#647,.T.);
#1406=EDGE_CURVE('',#1087,#1154,#648,.T.);
#1407=EDGE_CURVE('',#1154,#1155,#977,.T.);
#1408=EDGE_CURVE('',#1087,#1156,#978,.T.);
#1409=EDGE_CURVE('',#1156,#1155,#649,.T.);
#1410=EDGE_CURVE('',#1155,#1151,#650,.T.);
#1411=EDGE_CURVE('',#1156,#1153,#651,.T.);
#1412=EDGE_CURVE('',#1157,#1158,#979,.T.);
#1413=EDGE_CURVE('',#1159,#1157,#652,.T.);
#1414=EDGE_CURVE('',#1159,#1100,#980,.T.);
#1415=EDGE_CURVE('',#1100,#1158,#653,.T.);
#1416=EDGE_CURVE('',#1158,#1160,#654,.T.);
#1417=EDGE_CURVE('',#1099,#1160,#655,.T.);
#1418=EDGE_CURVE('',#1160,#1161,#981,.T.);
#1419=EDGE_CURVE('',#1099,#1162,#982,.T.);
#1420=EDGE_CURVE('',#1162,#1161,#656,.T.);
#1421=EDGE_CURVE('',#1161,#1157,#657,.T.);
#1422=EDGE_CURVE('',#1162,#1159,#658,.T.);
#1423=EDGE_CURVE('',#1163,#1164,#133,.T.);
#1424=EDGE_CURVE('',#1163,#1165,#134,.T.);
#1425=EDGE_CURVE('',#1165,#1166,#983,.T.);
#1426=EDGE_CURVE('',#1166,#1164,#135,.T.);
#1427=EDGE_CURVE('',#1167,#1168,#984,.T.);
#1428=EDGE_CURVE('',#1168,#1166,#659,.T.);
#1429=EDGE_CURVE('',#1165,#1167,#660,.T.);
#1430=EDGE_CURVE('',#1169,#1170,#136,.T.);
#1431=EDGE_CURVE('',#1169,#1168,#137,.T.);
#1432=EDGE_CURVE('',#1167,#1170,#138,.T.);
#1433=EDGE_CURVE('',#1163,#1057,#661,.T.);
#1434=EDGE_CURVE('',#1171,#1057,#139,.T.);
#1435=EDGE_CURVE('',#1172,#1171,#662,.T.);
#1436=EDGE_CURVE('',#1052,#1172,#140,.T.);
#1437=EDGE_CURVE('',#1052,#1170,#663,.T.);
#1438=EDGE_CURVE('',#1126,#1166,#664,.T.);
#1439=EDGE_CURVE('',#1164,#1124,#985,.T.);
#1440=EDGE_CURVE('',#1172,#1173,#986,.T.);
#1441=EDGE_CURVE('',#1173,#1053,#141,.T.);
#1442=EDGE_CURVE('',#1171,#1174,#987,.T.);
#1443=EDGE_CURVE('',#1174,#1173,#665,.T.);
#1444=EDGE_CURVE('',#1056,#1174,#142,.T.);
#1445=EDGE_CURVE('',#1054,#1173,#666,.T.);
#1446=EDGE_CURVE('',#1055,#1174,#667,.T.);
#1447=EDGE_CURVE('',#1122,#1169,#988,.T.);
#1448=EDGE_CURVE('',#1121,#1168,#668,.T.);
#1449=EDGE_CURVE('',#1170,#1163,#669,.T.);
#1450=EDGE_CURVE('',#1043,#1175,#143,.T.);
#1451=EDGE_CURVE('',#1175,#1176,#989,.T.);
#1452=EDGE_CURVE('',#1176,#1044,#144,.T.);
#1453=EDGE_CURVE('',#1177,#1178,#990,.T.);
#1454=EDGE_CURVE('',#1178,#1176,#670,.T.);
#1455=EDGE_CURVE('',#1175,#1177,#671,.T.);
#1456=EDGE_CURVE('',#1035,#1178,#145,.T.);
#1457=EDGE_CURVE('',#1177,#1036,#146,.T.);
#1458=EDGE_CURVE('',#1179,#1042,#147,.T.);
#1459=EDGE_CURVE('',#1180,#1179,#672,.T.);
#1460=EDGE_CURVE('',#1037,#1180,#148,.T.);
#1461=EDGE_CURVE('',#1132,#1176,#673,.T.);
#1462=EDGE_CURVE('',#1180,#1181,#991,.T.);
#1463=EDGE_CURVE('',#1181,#1038,#149,.T.);
#1464=EDGE_CURVE('',#1179,#1182,#992,.T.);
#1465=EDGE_CURVE('',#1182,#1181,#674,.T.);
#1466=EDGE_CURVE('',#1041,#1182,#150,.T.);
#1467=EDGE_CURVE('',#1039,#1181,#675,.T.);
#1468=EDGE_CURVE('',#1040,#1182,#676,.T.);
#1469=EDGE_CURVE('',#1129,#1178,#677,.T.);
#1470=EDGE_CURVE('',#1109,#1183,#151,.T.);
#1471=EDGE_CURVE('',#1183,#1184,#993,.T.);
#1472=EDGE_CURVE('',#1184,#1110,#152,.T.);
#1473=EDGE_CURVE('',#1185,#1186,#994,.T.);
#1474=EDGE_CURVE('',#1186,#1184,#678,.T.);
#1475=EDGE_CURVE('',#1183,#1185,#679,.T.);
#1476=EDGE_CURVE('',#1101,#1186,#153,.T.);
#1477=EDGE_CURVE('',#1185,#1102,#154,.T.);
#1478=EDGE_CURVE('',#1187,#1108,#155,.T.);
#1479=EDGE_CURVE('',#1188,#1187,#680,.T.);
#1480=EDGE_CURVE('',#1103,#1188,#156,.T.);
#1481=EDGE_CURVE('',#1162,#1184,#681,.T.);
#1482=EDGE_CURVE('',#1188,#1189,#995,.T.);
#1483=EDGE_CURVE('',#1189,#1104,#157,.T.);
#1484=EDGE_CURVE('',#1187,#1190,#996,.T.);
#1485=EDGE_CURVE('',#1190,#1189,#682,.T.);
#1486=EDGE_CURVE('',#1107,#1190,#158,.T.);
#1487=EDGE_CURVE('',#1105,#1189,#683,.T.);
#1488=EDGE_CURVE('',#1106,#1190,#684,.T.);
#1489=EDGE_CURVE('',#1159,#1186,#685,.T.);
#1490=EDGE_CURVE('',#1097,#1191,#159,.T.);
#1491=EDGE_CURVE('',#1191,#1192,#997,.T.);
#1492=EDGE_CURVE('',#1192,#1098,#160,.T.);
#1493=EDGE_CURVE('',#1193,#1194,#998,.T.);
#1494=EDGE_CURVE('',#1194,#1192,#686,.T.);
#1495=EDGE_CURVE('',#1191,#1193,#687,.T.);
#1496=EDGE_CURVE('',#1089,#1194,#161,.T.);
#1497=EDGE_CURVE('',#1193,#1090,#162,.T.);
#1498=EDGE_CURVE('',#1195,#1096,#163,.T.);
#1499=EDGE_CURVE('',#1196,#1195,#688,.T.);
#1500=EDGE_CURVE('',#1091,#1196,#164,.T.);
#1501=EDGE_CURVE('',#1156,#1192,#689,.T.);
#1502=EDGE_CURVE('',#1196,#1197,#999,.T.);
#1503=EDGE_CURVE('',#1197,#1092,#165,.T.);
#1504=EDGE_CURVE('',#1195,#1198,#1000,.T.);
#1505=EDGE_CURVE('',#1198,#1197,#690,.T.);
#1506=EDGE_CURVE('',#1095,#1198,#166,.T.);
#1507=EDGE_CURVE('',#1093,#1197,#691,.T.);
#1508=EDGE_CURVE('',#1094,#1198,#692,.T.);
#1509=EDGE_CURVE('',#1153,#1194,#693,.T.);
#1510=EDGE_CURVE('',#1073,#1199,#167,.T.);
#1511=EDGE_CURVE('',#1199,#1200,#1001,.T.);
#1512=EDGE_CURVE('',#1200,#1074,#168,.T.);
#1513=EDGE_CURVE('',#1201,#1202,#1002,.T.);
#1514=EDGE_CURVE('',#1202,#1200,#694,.T.);
#1515=EDGE_CURVE('',#1199,#1201,#695,.T.);
#1516=EDGE_CURVE('',#1065,#1202,#169,.T.);
#1517=EDGE_CURVE('',#1201,#1066,#170,.T.);
#1518=EDGE_CURVE('',#1203,#1072,#171,.T.);
#1519=EDGE_CURVE('',#1204,#1203,#696,.T.);
#1520=EDGE_CURVE('',#1067,#1204,#172,.T.);
#1521=EDGE_CURVE('',#1144,#1200,#697,.T.);
#1522=EDGE_CURVE('',#1204,#1205,#1003,.T.);
#1523=EDGE_CURVE('',#1205,#1068,#173,.T.);
#1524=EDGE_CURVE('',#1203,#1206,#1004,.T.);
#1525=EDGE_CURVE('',#1206,#1205,#698,.T.);
#1526=EDGE_CURVE('',#1071,#1206,#174,.T.);
#1527=EDGE_CURVE('',#1069,#1205,#699,.T.);
#1528=EDGE_CURVE('',#1070,#1206,#700,.T.);
#1529=EDGE_CURVE('',#1141,#1202,#701,.T.);
#1530=EDGE_CURVE('',#1061,#1207,#175,.T.);
#1531=EDGE_CURVE('',#1207,#1208,#1005,.T.);
#1532=EDGE_CURVE('',#1208,#1062,#176,.T.);
#1533=EDGE_CURVE('',#1209,#1210,#1006,.T.);
#1534=EDGE_CURVE('',#1210,#1208,#702,.T.);
#1535=EDGE_CURVE('',#1207,#1209,#703,.T.);
#1536=EDGE_CURVE('',#1047,#1210,#177,.T.);
#1537=EDGE_CURVE('',#1209,#1048,#178,.T.);
#1538=EDGE_CURVE('',#1211,#1060,#179,.T.);
#1539=EDGE_CURVE('',#1212,#1211,#704,.T.);
#1540=EDGE_CURVE('',#1049,#1212,#180,.T.);
#1541=EDGE_CURVE('',#1138,#1208,#705,.T.);
#1542=EDGE_CURVE('',#1212,#1213,#1007,.T.);
#1543=EDGE_CURVE('',#1213,#1050,#181,.T.);
#1544=EDGE_CURVE('',#1211,#1214,#1008,.T.);
#1545=EDGE_CURVE('',#1214,#1213,#706,.T.);
#1546=EDGE_CURVE('',#1059,#1214,#182,.T.);
#1547=EDGE_CURVE('',#1051,#1213,#707,.T.);
#1548=EDGE_CURVE('',#1058,#1214,#708,.T.);
#1549=EDGE_CURVE('',#1135,#1210,#709,.T.);
#1550=EDGE_CURVE('',#1085,#1215,#183,.T.);
#1551=EDGE_CURVE('',#1215,#1216,#1009,.T.);
#1552=EDGE_CURVE('',#1216,#1086,#184,.T.);
#1553=EDGE_CURVE('',#1217,#1218,#1010,.T.);
#1554=EDGE_CURVE('',#1218,#1216,#710,.T.);
#1555=EDGE_CURVE('',#1215,#1217,#711,.T.);
#1556=EDGE_CURVE('',#1077,#1218,#185,.T.);
#1557=EDGE_CURVE('',#1217,#1078,#186,.T.);
#1558=EDGE_CURVE('',#1219,#1084,#187,.T.);
#1559=EDGE_CURVE('',#1220,#1219,#712,.T.);
#1560=EDGE_CURVE('',#1079,#1220,#188,.T.);
#1561=EDGE_CURVE('',#1150,#1216,#713,.T.);
#1562=EDGE_CURVE('',#1220,#1221,#1011,.T.);
#1563=EDGE_CURVE('',#1221,#1080,#189,.T.);
#1564=EDGE_CURVE('',#1219,#1222,#1012,.T.);
#1565=EDGE_CURVE('',#1222,#1221,#714,.T.);
#1566=EDGE_CURVE('',#1083,#1222,#190,.T.);
#1567=EDGE_CURVE('',#1081,#1221,#715,.T.);
#1568=EDGE_CURVE('',#1082,#1222,#716,.T.);
#1569=EDGE_CURVE('',#1147,#1218,#717,.T.);
#1570=EDGE_CURVE('',#1223,#1023,#718,.T.);
#1571=EDGE_CURVE('',#1024,#1224,#719,.T.);
#1572=EDGE_CURVE('',#1224,#1223,#720,.T.);
#1573=EDGE_CURVE('',#1223,#1225,#1013,.T.);
#1574=EDGE_CURVE('',#1225,#1025,#721,.T.);
#1575=EDGE_CURVE('',#1226,#1026,#722,.T.);
#1576=EDGE_CURVE('',#1225,#1226,#723,.T.);
#1577=EDGE_CURVE('',#1226,#1227,#1014,.T.);
#1578=EDGE_CURVE('',#1227,#1027,#724,.T.);
#1579=EDGE_CURVE('',#1228,#1028,#725,.T.);
#1580=EDGE_CURVE('',#1227,#1228,#726,.T.);
#1581=EDGE_CURVE('',#1228,#1229,#1015,.T.);
#1582=EDGE_CURVE('',#1229,#1029,#727,.T.);
#1583=EDGE_CURVE('',#1230,#1030,#728,.T.);
#1584=EDGE_CURVE('',#1229,#1230,#729,.T.);
#1585=EDGE_CURVE('',#1230,#1224,#1016,.T.);
#1586=EDGE_CURVE('',#1226,#1231,#730,.T.);
#1587=EDGE_CURVE('',#1231,#1232,#1017,.T.);
#1588=EDGE_CURVE('',#1232,#1227,#731,.T.);
#1589=EDGE_CURVE('',#1233,#1225,#732,.T.);
#1590=EDGE_CURVE('',#1231,#1233,#733,.T.);
#1591=EDGE_CURVE('',#1223,#1234,#734,.T.);
#1592=EDGE_CURVE('',#1234,#1233,#1018,.T.);
#1593=EDGE_CURVE('',#1235,#1224,#735,.T.);
#1594=EDGE_CURVE('',#1234,#1235,#736,.T.);
#1595=EDGE_CURVE('',#1236,#1235,#1019,.T.);
#1596=EDGE_CURVE('',#1236,#1237,#737,.T.);
#1597=EDGE_CURVE('',#1238,#1237,#1020,.T.);
#1598=EDGE_CURVE('',#1238,#1232,#738,.T.);
#1599=EDGE_CURVE('',#1228,#1238,#739,.T.);
#1600=EDGE_CURVE('',#1237,#1229,#740,.T.);
#1601=EDGE_CURVE('',#1230,#1236,#741,.T.);
#1602=ORIENTED_EDGE('',*,*,#1239,.T.);
#1603=ORIENTED_EDGE('',*,*,#1240,.T.);
#1604=ORIENTED_EDGE('',*,*,#1241,.T.);
#1605=ORIENTED_EDGE('',*,*,#1240,.F.);
#1606=ORIENTED_EDGE('',*,*,#1242,.F.);
#1607=ORIENTED_EDGE('',*,*,#1243,.F.);
#1608=ORIENTED_EDGE('',*,*,#1244,.F.);
#1609=ORIENTED_EDGE('',*,*,#1245,.F.);
#1610=ORIENTED_EDGE('',*,*,#1246,.F.);
#1611=ORIENTED_EDGE('',*,*,#1247,.F.);
#1612=ORIENTED_EDGE('',*,*,#1248,.F.);
#1613=ORIENTED_EDGE('',*,*,#1249,.F.);
#1614=ORIENTED_EDGE('',*,*,#1250,.F.);
#1615=ORIENTED_EDGE('',*,*,#1251,.F.);
#1616=ORIENTED_EDGE('',*,*,#1252,.T.);
#1617=ORIENTED_EDGE('',*,*,#1253,.T.);
#1618=ORIENTED_EDGE('',*,*,#1254,.T.);
#1619=ORIENTED_EDGE('',*,*,#1255,.T.);
#1620=ORIENTED_EDGE('',*,*,#1256,.T.);
#1621=ORIENTED_EDGE('',*,*,#1257,.T.);
#1622=ORIENTED_EDGE('',*,*,#1258,.T.);
#1623=ORIENTED_EDGE('',*,*,#1259,.T.);
#1624=ORIENTED_EDGE('',*,*,#1260,.T.);
#1625=ORIENTED_EDGE('',*,*,#1261,.T.);
#1626=ORIENTED_EDGE('',*,*,#1262,.T.);
#1627=ORIENTED_EDGE('',*,*,#1263,.T.);
#1628=ORIENTED_EDGE('',*,*,#1264,.T.);
#1629=ORIENTED_EDGE('',*,*,#1265,.T.);
#1630=ORIENTED_EDGE('',*,*,#1266,.T.);
#1631=ORIENTED_EDGE('',*,*,#1267,.T.);
#1632=ORIENTED_EDGE('',*,*,#1268,.T.);
#1633=ORIENTED_EDGE('',*,*,#1269,.T.);
#1634=ORIENTED_EDGE('',*,*,#1270,.T.);
#1635=ORIENTED_EDGE('',*,*,#1271,.T.);
#1636=ORIENTED_EDGE('',*,*,#1272,.T.);
#1637=ORIENTED_EDGE('',*,*,#1273,.T.);
#1638=ORIENTED_EDGE('',*,*,#1274,.T.);
#1639=ORIENTED_EDGE('',*,*,#1275,.T.);
#1640=ORIENTED_EDGE('',*,*,#1276,.T.);
#1641=ORIENTED_EDGE('',*,*,#1277,.T.);
#1642=ORIENTED_EDGE('',*,*,#1278,.T.);
#1643=ORIENTED_EDGE('',*,*,#1279,.T.);
#1644=ORIENTED_EDGE('',*,*,#1280,.T.);
#1645=ORIENTED_EDGE('',*,*,#1281,.T.);
#1646=ORIENTED_EDGE('',*,*,#1282,.T.);
#1647=ORIENTED_EDGE('',*,*,#1283,.T.);
#1648=ORIENTED_EDGE('',*,*,#1284,.T.);
#1649=ORIENTED_EDGE('',*,*,#1285,.T.);
#1650=ORIENTED_EDGE('',*,*,#1286,.T.);
#1651=ORIENTED_EDGE('',*,*,#1287,.T.);
#1652=ORIENTED_EDGE('',*,*,#1288,.T.);
#1653=ORIENTED_EDGE('',*,*,#1289,.T.);
#1654=ORIENTED_EDGE('',*,*,#1290,.T.);
#1655=ORIENTED_EDGE('',*,*,#1291,.T.);
#1656=ORIENTED_EDGE('',*,*,#1292,.T.);
#1657=ORIENTED_EDGE('',*,*,#1293,.T.);
#1658=ORIENTED_EDGE('',*,*,#1294,.T.);
#1659=ORIENTED_EDGE('',*,*,#1295,.T.);
#1660=ORIENTED_EDGE('',*,*,#1296,.T.);
#1661=ORIENTED_EDGE('',*,*,#1297,.T.);
#1662=ORIENTED_EDGE('',*,*,#1298,.T.);
#1663=ORIENTED_EDGE('',*,*,#1299,.T.);
#1664=ORIENTED_EDGE('',*,*,#1300,.T.);
#1665=ORIENTED_EDGE('',*,*,#1301,.T.);
#1666=ORIENTED_EDGE('',*,*,#1302,.T.);
#1667=ORIENTED_EDGE('',*,*,#1303,.T.);
#1668=ORIENTED_EDGE('',*,*,#1304,.T.);
#1669=ORIENTED_EDGE('',*,*,#1305,.T.);
#1670=ORIENTED_EDGE('',*,*,#1306,.T.);
#1671=ORIENTED_EDGE('',*,*,#1307,.T.);
#1672=ORIENTED_EDGE('',*,*,#1308,.T.);
#1673=ORIENTED_EDGE('',*,*,#1309,.T.);
#1674=ORIENTED_EDGE('',*,*,#1310,.T.);
#1675=ORIENTED_EDGE('',*,*,#1311,.T.);
#1676=ORIENTED_EDGE('',*,*,#1312,.T.);
#1677=ORIENTED_EDGE('',*,*,#1313,.T.);
#1678=ORIENTED_EDGE('',*,*,#1314,.T.);
#1679=ORIENTED_EDGE('',*,*,#1315,.T.);
#1680=ORIENTED_EDGE('',*,*,#1316,.T.);
#1681=ORIENTED_EDGE('',*,*,#1317,.T.);
#1682=ORIENTED_EDGE('',*,*,#1318,.T.);
#1683=ORIENTED_EDGE('',*,*,#1319,.T.);
#1684=ORIENTED_EDGE('',*,*,#1320,.T.);
#1685=ORIENTED_EDGE('',*,*,#1321,.T.);
#1686=ORIENTED_EDGE('',*,*,#1322,.T.);
#1687=ORIENTED_EDGE('',*,*,#1323,.T.);
#1688=ORIENTED_EDGE('',*,*,#1324,.T.);
#1689=ORIENTED_EDGE('',*,*,#1325,.T.);
#1690=ORIENTED_EDGE('',*,*,#1326,.T.);
#1691=ORIENTED_EDGE('',*,*,#1327,.T.);
#1692=ORIENTED_EDGE('',*,*,#1328,.T.);
#1693=ORIENTED_EDGE('',*,*,#1329,.T.);
#1694=ORIENTED_EDGE('',*,*,#1330,.F.);
#1695=ORIENTED_EDGE('',*,*,#1239,.F.);
#1696=ORIENTED_EDGE('',*,*,#1241,.F.);
#1697=ORIENTED_EDGE('',*,*,#1331,.T.);
#1698=ORIENTED_EDGE('',*,*,#1332,.T.);
#1699=ORIENTED_EDGE('',*,*,#1331,.F.);
#1700=ORIENTED_EDGE('',*,*,#1250,.T.);
#1701=ORIENTED_EDGE('',*,*,#1333,.T.);
#1702=ORIENTED_EDGE('',*,*,#1334,.T.);
#1703=ORIENTED_EDGE('',*,*,#1333,.F.);
#1704=ORIENTED_EDGE('',*,*,#1334,.F.);
#1705=ORIENTED_EDGE('',*,*,#1335,.T.);
#1706=ORIENTED_EDGE('',*,*,#1336,.T.);
#1707=ORIENTED_EDGE('',*,*,#1335,.F.);
#1708=ORIENTED_EDGE('',*,*,#1330,.T.);
#1709=ORIENTED_EDGE('',*,*,#1337,.T.);
#1710=ORIENTED_EDGE('',*,*,#1338,.T.);
#1711=ORIENTED_EDGE('',*,*,#1337,.F.);
#1712=ORIENTED_EDGE('',*,*,#1338,.F.);
#1713=ORIENTED_EDGE('',*,*,#1339,.T.);
#1714=ORIENTED_EDGE('',*,*,#1340,.T.);
#1715=ORIENTED_EDGE('',*,*,#1339,.F.);
#1716=ORIENTED_EDGE('',*,*,#1251,.T.);
#1717=ORIENTED_EDGE('',*,*,#1341,.T.);
#1718=ORIENTED_EDGE('',*,*,#1342,.T.);
#1719=ORIENTED_EDGE('',*,*,#1341,.F.);
#1720=ORIENTED_EDGE('',*,*,#1342,.F.);
#1721=ORIENTED_EDGE('',*,*,#1343,.T.);
#1722=ORIENTED_EDGE('',*,*,#1344,.T.);
#1723=ORIENTED_EDGE('',*,*,#1343,.F.);
#1724=ORIENTED_EDGE('',*,*,#1345,.F.);
#1725=ORIENTED_EDGE('',*,*,#1346,.F.);
#1726=ORIENTED_EDGE('',*,*,#1347,.T.);
#1727=ORIENTED_EDGE('',*,*,#1348,.T.);
#1728=ORIENTED_EDGE('',*,*,#1349,.F.);
#1729=ORIENTED_EDGE('',*,*,#1348,.F.);
#1730=ORIENTED_EDGE('',*,*,#1350,.F.);
#1731=ORIENTED_EDGE('',*,*,#1351,.T.);
#1732=ORIENTED_EDGE('',*,*,#1352,.F.);
#1733=ORIENTED_EDGE('',*,*,#1351,.F.);
#1734=ORIENTED_EDGE('',*,*,#1353,.T.);
#1735=ORIENTED_EDGE('',*,*,#1354,.T.);
#1736=ORIENTED_EDGE('',*,*,#1355,.F.);
#1737=ORIENTED_EDGE('',*,*,#1354,.F.);
#1738=ORIENTED_EDGE('',*,*,#1356,.T.);
#1739=ORIENTED_EDGE('',*,*,#1346,.T.);
#1740=ORIENTED_EDGE('',*,*,#1357,.F.);
#1741=ORIENTED_EDGE('',*,*,#1358,.F.);
#1742=ORIENTED_EDGE('',*,*,#1359,.T.);
#1743=ORIENTED_EDGE('',*,*,#1360,.T.);
#1744=ORIENTED_EDGE('',*,*,#1361,.F.);
#1745=ORIENTED_EDGE('',*,*,#1360,.F.);
#1746=ORIENTED_EDGE('',*,*,#1252,.F.);
#1747=ORIENTED_EDGE('',*,*,#1362,.T.);
#1748=ORIENTED_EDGE('',*,*,#1363,.F.);
#1749=ORIENTED_EDGE('',*,*,#1362,.F.);
#1750=ORIENTED_EDGE('',*,*,#1364,.T.);
#1751=ORIENTED_EDGE('',*,*,#1365,.T.);
#1752=ORIENTED_EDGE('',*,*,#1366,.F.);
#1753=ORIENTED_EDGE('',*,*,#1365,.F.);
#1754=ORIENTED_EDGE('',*,*,#1367,.T.);
#1755=ORIENTED_EDGE('',*,*,#1358,.T.);
#1756=ORIENTED_EDGE('',*,*,#1368,.F.);
#1757=ORIENTED_EDGE('',*,*,#1369,.F.);
#1758=ORIENTED_EDGE('',*,*,#1370,.T.);
#1759=ORIENTED_EDGE('',*,*,#1371,.T.);
#1760=ORIENTED_EDGE('',*,*,#1372,.F.);
#1761=ORIENTED_EDGE('',*,*,#1371,.F.);
#1762=ORIENTED_EDGE('',*,*,#1264,.F.);
#1763=ORIENTED_EDGE('',*,*,#1373,.T.);
#1764=ORIENTED_EDGE('',*,*,#1374,.F.);
#1765=ORIENTED_EDGE('',*,*,#1373,.F.);
#1766=ORIENTED_EDGE('',*,*,#1375,.T.);
#1767=ORIENTED_EDGE('',*,*,#1376,.T.);
#1768=ORIENTED_EDGE('',*,*,#1377,.F.);
#1769=ORIENTED_EDGE('',*,*,#1376,.F.);
#1770=ORIENTED_EDGE('',*,*,#1378,.T.);
#1771=ORIENTED_EDGE('',*,*,#1369,.T.);
#1772=ORIENTED_EDGE('',*,*,#1379,.F.);
#1773=ORIENTED_EDGE('',*,*,#1380,.F.);
#1774=ORIENTED_EDGE('',*,*,#1381,.T.);
#1775=ORIENTED_EDGE('',*,*,#1382,.T.);
#1776=ORIENTED_EDGE('',*,*,#1383,.F.);
#1777=ORIENTED_EDGE('',*,*,#1382,.F.);
#1778=ORIENTED_EDGE('',*,*,#1282,.F.);
#1779=ORIENTED_EDGE('',*,*,#1384,.T.);
#1780=ORIENTED_EDGE('',*,*,#1385,.F.);
#1781=ORIENTED_EDGE('',*,*,#1384,.F.);
#1782=ORIENTED_EDGE('',*,*,#1386,.T.);
#1783=ORIENTED_EDGE('',*,*,#1387,.T.);
#1784=ORIENTED_EDGE('',*,*,#1388,.F.);
#1785=ORIENTED_EDGE('',*,*,#1387,.F.);
#1786=ORIENTED_EDGE('',*,*,#1389,.T.);
#1787=ORIENTED_EDGE('',*,*,#1380,.T.);
#1788=ORIENTED_EDGE('',*,*,#1390,.F.);
#1789=ORIENTED_EDGE('',*,*,#1391,.F.);
#1790=ORIENTED_EDGE('',*,*,#1392,.T.);
#1791=ORIENTED_EDGE('',*,*,#1393,.T.);
#1792=ORIENTED_EDGE('',*,*,#1394,.F.);
#1793=ORIENTED_EDGE('',*,*,#1393,.F.);
#1794=ORIENTED_EDGE('',*,*,#1294,.F.);
#1795=ORIENTED_EDGE('',*,*,#1395,.T.);
#1796=ORIENTED_EDGE('',*,*,#1396,.F.);
#1797=ORIENTED_EDGE('',*,*,#1395,.F.);
#1798=ORIENTED_EDGE('',*,*,#1397,.T.);
#1799=ORIENTED_EDGE('',*,*,#1398,.T.);
#1800=ORIENTED_EDGE('',*,*,#1399,.F.);
#1801=ORIENTED_EDGE('',*,*,#1398,.F.);
#1802=ORIENTED_EDGE('',*,*,#1400,.T.);
#1803=ORIENTED_EDGE('',*,*,#1391,.T.);
#1804=ORIENTED_EDGE('',*,*,#1401,.F.);
#1805=ORIENTED_EDGE('',*,*,#1402,.F.);
#1806=ORIENTED_EDGE('',*,*,#1403,.T.);
#1807=ORIENTED_EDGE('',*,*,#1404,.T.);
#1808=ORIENTED_EDGE('',*,*,#1405,.F.);
#1809=ORIENTED_EDGE('',*,*,#1404,.F.);
#1810=ORIENTED_EDGE('',*,*,#1306,.F.);
#1811=ORIENTED_EDGE('',*,*,#1406,.T.);
#1812=ORIENTED_EDGE('',*,*,#1407,.F.);
#1813=ORIENTED_EDGE('',*,*,#1406,.F.);
#1814=ORIENTED_EDGE('',*,*,#1408,.T.);
#1815=ORIENTED_EDGE('',*,*,#1409,.T.);
#1816=ORIENTED_EDGE('',*,*,#1410,.F.);
#1817=ORIENTED_EDGE('',*,*,#1409,.F.);
#1818=ORIENTED_EDGE('',*,*,#1411,.T.);
#1819=ORIENTED_EDGE('',*,*,#1402,.T.);
#1820=ORIENTED_EDGE('',*,*,#1412,.F.);
#1821=ORIENTED_EDGE('',*,*,#1413,.F.);
#1822=ORIENTED_EDGE('',*,*,#1414,.T.);
#1823=ORIENTED_EDGE('',*,*,#1415,.T.);
#1824=ORIENTED_EDGE('',*,*,#1416,.F.);
#1825=ORIENTED_EDGE('',*,*,#1415,.F.);
#1826=ORIENTED_EDGE('',*,*,#1318,.F.);
#1827=ORIENTED_EDGE('',*,*,#1417,.T.);
#1828=ORIENTED_EDGE('',*,*,#1418,.F.);
#1829=ORIENTED_EDGE('',*,*,#1417,.F.);
#1830=ORIENTED_EDGE('',*,*,#1419,.T.);
#1831=ORIENTED_EDGE('',*,*,#1420,.T.);
#1832=ORIENTED_EDGE('',*,*,#1421,.F.);
#1833=ORIENTED_EDGE('',*,*,#1420,.F.);
#1834=ORIENTED_EDGE('',*,*,#1422,.T.);
#1835=ORIENTED_EDGE('',*,*,#1413,.T.);
#1836=ORIENTED_EDGE('',*,*,#1423,.F.);
#1837=ORIENTED_EDGE('',*,*,#1424,.T.);
#1838=ORIENTED_EDGE('',*,*,#1425,.T.);
#1839=ORIENTED_EDGE('',*,*,#1426,.T.);
#1840=ORIENTED_EDGE('',*,*,#1427,.T.);
#1841=ORIENTED_EDGE('',*,*,#1428,.T.);
#1842=ORIENTED_EDGE('',*,*,#1425,.F.);
#1843=ORIENTED_EDGE('',*,*,#1429,.T.);
#1844=ORIENTED_EDGE('',*,*,#1430,.F.);
#1845=ORIENTED_EDGE('',*,*,#1431,.T.);
#1846=ORIENTED_EDGE('',*,*,#1427,.F.);
#1847=ORIENTED_EDGE('',*,*,#1432,.T.);
#1848=ORIENTED_EDGE('',*,*,#1432,.F.);
#1849=ORIENTED_EDGE('',*,*,#1429,.F.);
#1850=ORIENTED_EDGE('',*,*,#1424,.F.);
#1851=ORIENTED_EDGE('',*,*,#1433,.T.);
#1852=ORIENTED_EDGE('',*,*,#1434,.F.);
#1853=ORIENTED_EDGE('',*,*,#1435,.F.);
#1854=ORIENTED_EDGE('',*,*,#1436,.F.);
#1855=ORIENTED_EDGE('',*,*,#1437,.T.);
#1856=ORIENTED_EDGE('',*,*,#1426,.F.);
#1857=ORIENTED_EDGE('',*,*,#1438,.F.);
#1858=ORIENTED_EDGE('',*,*,#1353,.F.);
#1859=ORIENTED_EDGE('',*,*,#1439,.F.);
#1860=ORIENTED_EDGE('',*,*,#1271,.F.);
#1861=ORIENTED_EDGE('',*,*,#1436,.T.);
#1862=ORIENTED_EDGE('',*,*,#1440,.T.);
#1863=ORIENTED_EDGE('',*,*,#1441,.T.);
#1864=ORIENTED_EDGE('',*,*,#1442,.T.);
#1865=ORIENTED_EDGE('',*,*,#1443,.T.);
#1866=ORIENTED_EDGE('',*,*,#1440,.F.);
#1867=ORIENTED_EDGE('',*,*,#1435,.T.);
#1868=ORIENTED_EDGE('',*,*,#1275,.F.);
#1869=ORIENTED_EDGE('',*,*,#1444,.T.);
#1870=ORIENTED_EDGE('',*,*,#1442,.F.);
#1871=ORIENTED_EDGE('',*,*,#1434,.T.);
#1872=ORIENTED_EDGE('',*,*,#1441,.F.);
#1873=ORIENTED_EDGE('',*,*,#1445,.F.);
#1874=ORIENTED_EDGE('',*,*,#1272,.F.);
#1875=ORIENTED_EDGE('',*,*,#1443,.F.);
#1876=ORIENTED_EDGE('',*,*,#1446,.F.);
#1877=ORIENTED_EDGE('',*,*,#1273,.F.);
#1878=ORIENTED_EDGE('',*,*,#1445,.T.);
#1879=ORIENTED_EDGE('',*,*,#1444,.F.);
#1880=ORIENTED_EDGE('',*,*,#1274,.F.);
#1881=ORIENTED_EDGE('',*,*,#1446,.T.);
#1882=ORIENTED_EDGE('',*,*,#1431,.F.);
#1883=ORIENTED_EDGE('',*,*,#1447,.F.);
#1884=ORIENTED_EDGE('',*,*,#1347,.F.);
#1885=ORIENTED_EDGE('',*,*,#1448,.T.);
#1886=ORIENTED_EDGE('',*,*,#1428,.F.);
#1887=ORIENTED_EDGE('',*,*,#1448,.F.);
#1888=ORIENTED_EDGE('',*,*,#1356,.F.);
#1889=ORIENTED_EDGE('',*,*,#1438,.T.);
#1890=ORIENTED_EDGE('',*,*,#1350,.T.);
#1891=ORIENTED_EDGE('',*,*,#1447,.T.);
#1892=ORIENTED_EDGE('',*,*,#1430,.T.);
#1893=ORIENTED_EDGE('',*,*,#1449,.T.);
#1894=ORIENTED_EDGE('',*,*,#1423,.T.);
#1895=ORIENTED_EDGE('',*,*,#1439,.T.);
#1896=ORIENTED_EDGE('',*,*,#1262,.F.);
#1897=ORIENTED_EDGE('',*,*,#1450,.T.);
#1898=ORIENTED_EDGE('',*,*,#1451,.T.);
#1899=ORIENTED_EDGE('',*,*,#1452,.T.);
#1900=ORIENTED_EDGE('',*,*,#1453,.T.);
#1901=ORIENTED_EDGE('',*,*,#1454,.T.);
#1902=ORIENTED_EDGE('',*,*,#1451,.F.);
#1903=ORIENTED_EDGE('',*,*,#1455,.T.);
#1904=ORIENTED_EDGE('',*,*,#1254,.F.);
#1905=ORIENTED_EDGE('',*,*,#1456,.T.);
#1906=ORIENTED_EDGE('',*,*,#1453,.F.);
#1907=ORIENTED_EDGE('',*,*,#1457,.T.);
#1908=ORIENTED_EDGE('',*,*,#1457,.F.);
#1909=ORIENTED_EDGE('',*,*,#1455,.F.);
#1910=ORIENTED_EDGE('',*,*,#1450,.F.);
#1911=ORIENTED_EDGE('',*,*,#1261,.F.);
#1912=ORIENTED_EDGE('',*,*,#1458,.F.);
#1913=ORIENTED_EDGE('',*,*,#1459,.F.);
#1914=ORIENTED_EDGE('',*,*,#1460,.F.);
#1915=ORIENTED_EDGE('',*,*,#1255,.F.);
#1916=ORIENTED_EDGE('',*,*,#1452,.F.);
#1917=ORIENTED_EDGE('',*,*,#1461,.F.);
#1918=ORIENTED_EDGE('',*,*,#1364,.F.);
#1919=ORIENTED_EDGE('',*,*,#1263,.F.);
#1920=ORIENTED_EDGE('',*,*,#1256,.F.);
#1921=ORIENTED_EDGE('',*,*,#1460,.T.);
#1922=ORIENTED_EDGE('',*,*,#1462,.T.);
#1923=ORIENTED_EDGE('',*,*,#1463,.T.);
#1924=ORIENTED_EDGE('',*,*,#1464,.T.);
#1925=ORIENTED_EDGE('',*,*,#1465,.T.);
#1926=ORIENTED_EDGE('',*,*,#1462,.F.);
#1927=ORIENTED_EDGE('',*,*,#1459,.T.);
#1928=ORIENTED_EDGE('',*,*,#1260,.F.);
#1929=ORIENTED_EDGE('',*,*,#1466,.T.);
#1930=ORIENTED_EDGE('',*,*,#1464,.F.);
#1931=ORIENTED_EDGE('',*,*,#1458,.T.);
#1932=ORIENTED_EDGE('',*,*,#1463,.F.);
#1933=ORIENTED_EDGE('',*,*,#1467,.F.);
#1934=ORIENTED_EDGE('',*,*,#1257,.F.);
#1935=ORIENTED_EDGE('',*,*,#1465,.F.);
#1936=ORIENTED_EDGE('',*,*,#1468,.F.);
#1937=ORIENTED_EDGE('',*,*,#1258,.F.);
#1938=ORIENTED_EDGE('',*,*,#1467,.T.);
#1939=ORIENTED_EDGE('',*,*,#1466,.F.);
#1940=ORIENTED_EDGE('',*,*,#1259,.F.);
#1941=ORIENTED_EDGE('',*,*,#1468,.T.);
#1942=ORIENTED_EDGE('',*,*,#1456,.F.);
#1943=ORIENTED_EDGE('',*,*,#1253,.F.);
#1944=ORIENTED_EDGE('',*,*,#1359,.F.);
#1945=ORIENTED_EDGE('',*,*,#1469,.T.);
#1946=ORIENTED_EDGE('',*,*,#1454,.F.);
#1947=ORIENTED_EDGE('',*,*,#1469,.F.);
#1948=ORIENTED_EDGE('',*,*,#1367,.F.);
#1949=ORIENTED_EDGE('',*,*,#1461,.T.);
#1950=ORIENTED_EDGE('',*,*,#1328,.F.);
#1951=ORIENTED_EDGE('',*,*,#1470,.T.);
#1952=ORIENTED_EDGE('',*,*,#1471,.T.);
#1953=ORIENTED_EDGE('',*,*,#1472,.T.);
#1954=ORIENTED_EDGE('',*,*,#1473,.T.);
#1955=ORIENTED_EDGE('',*,*,#1474,.T.);
#1956=ORIENTED_EDGE('',*,*,#1471,.F.);
#1957=ORIENTED_EDGE('',*,*,#1475,.T.);
#1958=ORIENTED_EDGE('',*,*,#1320,.F.);
#1959=ORIENTED_EDGE('',*,*,#1476,.T.);
#1960=ORIENTED_EDGE('',*,*,#1473,.F.);
#1961=ORIENTED_EDGE('',*,*,#1477,.T.);
#1962=ORIENTED_EDGE('',*,*,#1477,.F.);
#1963=ORIENTED_EDGE('',*,*,#1475,.F.);
#1964=ORIENTED_EDGE('',*,*,#1470,.F.);
#1965=ORIENTED_EDGE('',*,*,#1327,.F.);
#1966=ORIENTED_EDGE('',*,*,#1478,.F.);
#1967=ORIENTED_EDGE('',*,*,#1479,.F.);
#1968=ORIENTED_EDGE('',*,*,#1480,.F.);
#1969=ORIENTED_EDGE('',*,*,#1321,.F.);
#1970=ORIENTED_EDGE('',*,*,#1472,.F.);
#1971=ORIENTED_EDGE('',*,*,#1481,.F.);
#1972=ORIENTED_EDGE('',*,*,#1419,.F.);
#1973=ORIENTED_EDGE('',*,*,#1329,.F.);
#1974=ORIENTED_EDGE('',*,*,#1322,.F.);
#1975=ORIENTED_EDGE('',*,*,#1480,.T.);
#1976=ORIENTED_EDGE('',*,*,#1482,.T.);
#1977=ORIENTED_EDGE('',*,*,#1483,.T.);
#1978=ORIENTED_EDGE('',*,*,#1484,.T.);
#1979=ORIENTED_EDGE('',*,*,#1485,.T.);
#1980=ORIENTED_EDGE('',*,*,#1482,.F.);
#1981=ORIENTED_EDGE('',*,*,#1479,.T.);
#1982=ORIENTED_EDGE('',*,*,#1326,.F.);
#1983=ORIENTED_EDGE('',*,*,#1486,.T.);
#1984=ORIENTED_EDGE('',*,*,#1484,.F.);
#1985=ORIENTED_EDGE('',*,*,#1478,.T.);
#1986=ORIENTED_EDGE('',*,*,#1483,.F.);
#1987=ORIENTED_EDGE('',*,*,#1487,.F.);
#1988=ORIENTED_EDGE('',*,*,#1323,.F.);
#1989=ORIENTED_EDGE('',*,*,#1485,.F.);
#1990=ORIENTED_EDGE('',*,*,#1488,.F.);
#1991=ORIENTED_EDGE('',*,*,#1324,.F.);
#1992=ORIENTED_EDGE('',*,*,#1487,.T.);
#1993=ORIENTED_EDGE('',*,*,#1486,.F.);
#1994=ORIENTED_EDGE('',*,*,#1325,.F.);
#1995=ORIENTED_EDGE('',*,*,#1488,.T.);
#1996=ORIENTED_EDGE('',*,*,#1474,.F.);
#1997=ORIENTED_EDGE('',*,*,#1489,.F.);
#1998=ORIENTED_EDGE('',*,*,#1422,.F.);
#1999=ORIENTED_EDGE('',*,*,#1481,.T.);
#2000=ORIENTED_EDGE('',*,*,#1476,.F.);
#2001=ORIENTED_EDGE('',*,*,#1319,.F.);
#2002=ORIENTED_EDGE('',*,*,#1414,.F.);
#2003=ORIENTED_EDGE('',*,*,#1489,.T.);
#2004=ORIENTED_EDGE('',*,*,#1316,.F.);
#2005=ORIENTED_EDGE('',*,*,#1490,.T.);
#2006=ORIENTED_EDGE('',*,*,#1491,.T.);
#2007=ORIENTED_EDGE('',*,*,#1492,.T.);
#2008=ORIENTED_EDGE('',*,*,#1493,.T.);
#2009=ORIENTED_EDGE('',*,*,#1494,.T.);
#2010=ORIENTED_EDGE('',*,*,#1491,.F.);
#2011=ORIENTED_EDGE('',*,*,#1495,.T.);
#2012=ORIENTED_EDGE('',*,*,#1308,.F.);
#2013=ORIENTED_EDGE('',*,*,#1496,.T.);
#2014=ORIENTED_EDGE('',*,*,#1493,.F.);
#2015=ORIENTED_EDGE('',*,*,#1497,.T.);
#2016=ORIENTED_EDGE('',*,*,#1497,.F.);
#2017=ORIENTED_EDGE('',*,*,#1495,.F.);
#2018=ORIENTED_EDGE('',*,*,#1490,.F.);
#2019=ORIENTED_EDGE('',*,*,#1315,.F.);
#2020=ORIENTED_EDGE('',*,*,#1498,.F.);
#2021=ORIENTED_EDGE('',*,*,#1499,.F.);
#2022=ORIENTED_EDGE('',*,*,#1500,.F.);
#2023=ORIENTED_EDGE('',*,*,#1309,.F.);
#2024=ORIENTED_EDGE('',*,*,#1492,.F.);
#2025=ORIENTED_EDGE('',*,*,#1501,.F.);
#2026=ORIENTED_EDGE('',*,*,#1408,.F.);
#2027=ORIENTED_EDGE('',*,*,#1317,.F.);
#2028=ORIENTED_EDGE('',*,*,#1310,.F.);
#2029=ORIENTED_EDGE('',*,*,#1500,.T.);
#2030=ORIENTED_EDGE('',*,*,#1502,.T.);
#2031=ORIENTED_EDGE('',*,*,#1503,.T.);
#2032=ORIENTED_EDGE('',*,*,#1504,.T.);
#2033=ORIENTED_EDGE('',*,*,#1505,.T.);
#2034=ORIENTED_EDGE('',*,*,#1502,.F.);
#2035=ORIENTED_EDGE('',*,*,#1499,.T.);
#2036=ORIENTED_EDGE('',*,*,#1314,.F.);
#2037=ORIENTED_EDGE('',*,*,#1506,.T.);
#2038=ORIENTED_EDGE('',*,*,#1504,.F.);
#2039=ORIENTED_EDGE('',*,*,#1498,.T.);
#2040=ORIENTED_EDGE('',*,*,#1503,.F.);
#2041=ORIENTED_EDGE('',*,*,#1507,.F.);
#2042=ORIENTED_EDGE('',*,*,#1311,.F.);
#2043=ORIENTED_EDGE('',*,*,#1505,.F.);
#2044=ORIENTED_EDGE('',*,*,#1508,.F.);
#2045=ORIENTED_EDGE('',*,*,#1312,.F.);
#2046=ORIENTED_EDGE('',*,*,#1507,.T.);
#2047=ORIENTED_EDGE('',*,*,#1506,.F.);
#2048=ORIENTED_EDGE('',*,*,#1313,.F.);
#2049=ORIENTED_EDGE('',*,*,#1508,.T.);
#2050=ORIENTED_EDGE('',*,*,#1494,.F.);
#2051=ORIENTED_EDGE('',*,*,#1509,.F.);
#2052=ORIENTED_EDGE('',*,*,#1411,.F.);
#2053=ORIENTED_EDGE('',*,*,#1501,.T.);
#2054=ORIENTED_EDGE('',*,*,#1496,.F.);
#2055=ORIENTED_EDGE('',*,*,#1307,.F.);
#2056=ORIENTED_EDGE('',*,*,#1403,.F.);
#2057=ORIENTED_EDGE('',*,*,#1509,.T.);
#2058=ORIENTED_EDGE('',*,*,#1292,.F.);
#2059=ORIENTED_EDGE('',*,*,#1510,.T.);
#2060=ORIENTED_EDGE('',*,*,#1511,.T.);
#2061=ORIENTED_EDGE('',*,*,#1512,.T.);
#2062=ORIENTED_EDGE('',*,*,#1513,.T.);
#2063=ORIENTED_EDGE('',*,*,#1514,.T.);
#2064=ORIENTED_EDGE('',*,*,#1511,.F.);
#2065=ORIENTED_EDGE('',*,*,#1515,.T.);
#2066=ORIENTED_EDGE('',*,*,#1284,.F.);
#2067=ORIENTED_EDGE('',*,*,#1516,.T.);
#2068=ORIENTED_EDGE('',*,*,#1513,.F.);
#2069=ORIENTED_EDGE('',*,*,#1517,.T.);
#2070=ORIENTED_EDGE('',*,*,#1517,.F.);
#2071=ORIENTED_EDGE('',*,*,#1515,.F.);
#2072=ORIENTED_EDGE('',*,*,#1510,.F.);
#2073=ORIENTED_EDGE('',*,*,#1291,.F.);
#2074=ORIENTED_EDGE('',*,*,#1518,.F.);
#2075=ORIENTED_EDGE('',*,*,#1519,.F.);
#2076=ORIENTED_EDGE('',*,*,#1520,.F.);
#2077=ORIENTED_EDGE('',*,*,#1285,.F.);
#2078=ORIENTED_EDGE('',*,*,#1512,.F.);
#2079=ORIENTED_EDGE('',*,*,#1521,.F.);
#2080=ORIENTED_EDGE('',*,*,#1386,.F.);
#2081=ORIENTED_EDGE('',*,*,#1293,.F.);
#2082=ORIENTED_EDGE('',*,*,#1286,.F.);
#2083=ORIENTED_EDGE('',*,*,#1520,.T.);
#2084=ORIENTED_EDGE('',*,*,#1522,.T.);
#2085=ORIENTED_EDGE('',*,*,#1523,.T.);
#2086=ORIENTED_EDGE('',*,*,#1524,.T.);
#2087=ORIENTED_EDGE('',*,*,#1525,.T.);
#2088=ORIENTED_EDGE('',*,*,#1522,.F.);
#2089=ORIENTED_EDGE('',*,*,#1519,.T.);
#2090=ORIENTED_EDGE('',*,*,#1290,.F.);
#2091=ORIENTED_EDGE('',*,*,#1526,.T.);
#2092=ORIENTED_EDGE('',*,*,#1524,.F.);
#2093=ORIENTED_EDGE('',*,*,#1518,.T.);
#2094=ORIENTED_EDGE('',*,*,#1523,.F.);
#2095=ORIENTED_EDGE('',*,*,#1527,.F.);
#2096=ORIENTED_EDGE('',*,*,#1287,.F.);
#2097=ORIENTED_EDGE('',*,*,#1525,.F.);
#2098=ORIENTED_EDGE('',*,*,#1528,.F.);
#2099=ORIENTED_EDGE('',*,*,#1288,.F.);
#2100=ORIENTED_EDGE('',*,*,#1527,.T.);
#2101=ORIENTED_EDGE('',*,*,#1526,.F.);
#2102=ORIENTED_EDGE('',*,*,#1289,.F.);
#2103=ORIENTED_EDGE('',*,*,#1528,.T.);
#2104=ORIENTED_EDGE('',*,*,#1514,.F.);
#2105=ORIENTED_EDGE('',*,*,#1529,.F.);
#2106=ORIENTED_EDGE('',*,*,#1389,.F.);
#2107=ORIENTED_EDGE('',*,*,#1521,.T.);
#2108=ORIENTED_EDGE('',*,*,#1516,.F.);
#2109=ORIENTED_EDGE('',*,*,#1283,.F.);
#2110=ORIENTED_EDGE('',*,*,#1381,.F.);
#2111=ORIENTED_EDGE('',*,*,#1529,.T.);
#2112=ORIENTED_EDGE('',*,*,#1280,.F.);
#2113=ORIENTED_EDGE('',*,*,#1530,.T.);
#2114=ORIENTED_EDGE('',*,*,#1531,.T.);
#2115=ORIENTED_EDGE('',*,*,#1532,.T.);
#2116=ORIENTED_EDGE('',*,*,#1533,.T.);
#2117=ORIENTED_EDGE('',*,*,#1534,.T.);
#2118=ORIENTED_EDGE('',*,*,#1531,.F.);
#2119=ORIENTED_EDGE('',*,*,#1535,.T.);
#2120=ORIENTED_EDGE('',*,*,#1266,.F.);
#2121=ORIENTED_EDGE('',*,*,#1536,.T.);
#2122=ORIENTED_EDGE('',*,*,#1533,.F.);
#2123=ORIENTED_EDGE('',*,*,#1537,.T.);
#2124=ORIENTED_EDGE('',*,*,#1537,.F.);
#2125=ORIENTED_EDGE('',*,*,#1535,.F.);
#2126=ORIENTED_EDGE('',*,*,#1530,.F.);
#2127=ORIENTED_EDGE('',*,*,#1279,.F.);
#2128=ORIENTED_EDGE('',*,*,#1538,.F.);
#2129=ORIENTED_EDGE('',*,*,#1539,.F.);
#2130=ORIENTED_EDGE('',*,*,#1540,.F.);
#2131=ORIENTED_EDGE('',*,*,#1267,.F.);
#2132=ORIENTED_EDGE('',*,*,#1532,.F.);
#2133=ORIENTED_EDGE('',*,*,#1541,.F.);
#2134=ORIENTED_EDGE('',*,*,#1375,.F.);
#2135=ORIENTED_EDGE('',*,*,#1281,.F.);
#2136=ORIENTED_EDGE('',*,*,#1268,.F.);
#2137=ORIENTED_EDGE('',*,*,#1540,.T.);
#2138=ORIENTED_EDGE('',*,*,#1542,.T.);
#2139=ORIENTED_EDGE('',*,*,#1543,.T.);
#2140=ORIENTED_EDGE('',*,*,#1544,.T.);
#2141=ORIENTED_EDGE('',*,*,#1545,.T.);
#2142=ORIENTED_EDGE('',*,*,#1542,.F.);
#2143=ORIENTED_EDGE('',*,*,#1539,.T.);
#2144=ORIENTED_EDGE('',*,*,#1278,.F.);
#2145=ORIENTED_EDGE('',*,*,#1546,.T.);
#2146=ORIENTED_EDGE('',*,*,#1544,.F.);
#2147=ORIENTED_EDGE('',*,*,#1538,.T.);
#2148=ORIENTED_EDGE('',*,*,#1543,.F.);
#2149=ORIENTED_EDGE('',*,*,#1547,.F.);
#2150=ORIENTED_EDGE('',*,*,#1269,.F.);
#2151=ORIENTED_EDGE('',*,*,#1545,.F.);
#2152=ORIENTED_EDGE('',*,*,#1548,.F.);
#2153=ORIENTED_EDGE('',*,*,#1276,.F.);
#2154=ORIENTED_EDGE('',*,*,#1433,.F.);
#2155=ORIENTED_EDGE('',*,*,#1449,.F.);
#2156=ORIENTED_EDGE('',*,*,#1437,.F.);
#2157=ORIENTED_EDGE('',*,*,#1270,.F.);
#2158=ORIENTED_EDGE('',*,*,#1547,.T.);
#2159=ORIENTED_EDGE('',*,*,#1546,.F.);
#2160=ORIENTED_EDGE('',*,*,#1277,.F.);
#2161=ORIENTED_EDGE('',*,*,#1548,.T.);
#2162=ORIENTED_EDGE('',*,*,#1534,.F.);
#2163=ORIENTED_EDGE('',*,*,#1549,.F.);
#2164=ORIENTED_EDGE('',*,*,#1378,.F.);
#2165=ORIENTED_EDGE('',*,*,#1541,.T.);
#2166=ORIENTED_EDGE('',*,*,#1536,.F.);
#2167=ORIENTED_EDGE('',*,*,#1265,.F.);
#2168=ORIENTED_EDGE('',*,*,#1370,.F.);
#2169=ORIENTED_EDGE('',*,*,#1549,.T.);
#2170=ORIENTED_EDGE('',*,*,#1304,.F.);
#2171=ORIENTED_EDGE('',*,*,#1550,.T.);
#2172=ORIENTED_EDGE('',*,*,#1551,.T.);
#2173=ORIENTED_EDGE('',*,*,#1552,.T.);
#2174=ORIENTED_EDGE('',*,*,#1553,.T.);
#2175=ORIENTED_EDGE('',*,*,#1554,.T.);
#2176=ORIENTED_EDGE('',*,*,#1551,.F.);
#2177=ORIENTED_EDGE('',*,*,#1555,.T.);
#2178=ORIENTED_EDGE('',*,*,#1296,.F.);
#2179=ORIENTED_EDGE('',*,*,#1556,.T.);
#2180=ORIENTED_EDGE('',*,*,#1553,.F.);
#2181=ORIENTED_EDGE('',*,*,#1557,.T.);
#2182=ORIENTED_EDGE('',*,*,#1557,.F.);
#2183=ORIENTED_EDGE('',*,*,#1555,.F.);
#2184=ORIENTED_EDGE('',*,*,#1550,.F.);
#2185=ORIENTED_EDGE('',*,*,#1303,.F.);
#2186=ORIENTED_EDGE('',*,*,#1558,.F.);
#2187=ORIENTED_EDGE('',*,*,#1559,.F.);
#2188=ORIENTED_EDGE('',*,*,#1560,.F.);
#2189=ORIENTED_EDGE('',*,*,#1297,.F.);
#2190=ORIENTED_EDGE('',*,*,#1552,.F.);
#2191=ORIENTED_EDGE('',*,*,#1561,.F.);
#2192=ORIENTED_EDGE('',*,*,#1397,.F.);
#2193=ORIENTED_EDGE('',*,*,#1305,.F.);
#2194=ORIENTED_EDGE('',*,*,#1298,.F.);
#2195=ORIENTED_EDGE('',*,*,#1560,.T.);
#2196=ORIENTED_EDGE('',*,*,#1562,.T.);
#2197=ORIENTED_EDGE('',*,*,#1563,.T.);
#2198=ORIENTED_EDGE('',*,*,#1564,.T.);
#2199=ORIENTED_EDGE('',*,*,#1565,.T.);
#2200=ORIENTED_EDGE('',*,*,#1562,.F.);
#2201=ORIENTED_EDGE('',*,*,#1559,.T.);
#2202=ORIENTED_EDGE('',*,*,#1302,.F.);
#2203=ORIENTED_EDGE('',*,*,#1566,.T.);
#2204=ORIENTED_EDGE('',*,*,#1564,.F.);
#2205=ORIENTED_EDGE('',*,*,#1558,.T.);
#2206=ORIENTED_EDGE('',*,*,#1563,.F.);
#2207=ORIENTED_EDGE('',*,*,#1567,.F.);
#2208=ORIENTED_EDGE('',*,*,#1299,.F.);
#2209=ORIENTED_EDGE('',*,*,#1565,.F.);
#2210=ORIENTED_EDGE('',*,*,#1568,.F.);
#2211=ORIENTED_EDGE('',*,*,#1300,.F.);
#2212=ORIENTED_EDGE('',*,*,#1567,.T.);
#2213=ORIENTED_EDGE('',*,*,#1566,.F.);
#2214=ORIENTED_EDGE('',*,*,#1301,.F.);
#2215=ORIENTED_EDGE('',*,*,#1568,.T.);
#2216=ORIENTED_EDGE('',*,*,#1554,.F.);
#2217=ORIENTED_EDGE('',*,*,#1569,.F.);
#2218=ORIENTED_EDGE('',*,*,#1400,.F.);
#2219=ORIENTED_EDGE('',*,*,#1561,.T.);
#2220=ORIENTED_EDGE('',*,*,#1556,.F.);
#2221=ORIENTED_EDGE('',*,*,#1295,.F.);
#2222=ORIENTED_EDGE('',*,*,#1392,.F.);
#2223=ORIENTED_EDGE('',*,*,#1569,.T.);
#2224=ORIENTED_EDGE('',*,*,#1570,.T.);
#2225=ORIENTED_EDGE('',*,*,#1242,.T.);
#2226=ORIENTED_EDGE('',*,*,#1571,.T.);
#2227=ORIENTED_EDGE('',*,*,#1572,.T.);
#2228=ORIENTED_EDGE('',*,*,#1570,.F.);
#2229=ORIENTED_EDGE('',*,*,#1573,.T.);
#2230=ORIENTED_EDGE('',*,*,#1574,.T.);
#2231=ORIENTED_EDGE('',*,*,#1243,.T.);
#2232=ORIENTED_EDGE('',*,*,#1575,.T.);
#2233=ORIENTED_EDGE('',*,*,#1244,.T.);
#2234=ORIENTED_EDGE('',*,*,#1574,.F.);
#2235=ORIENTED_EDGE('',*,*,#1576,.T.);
#2236=ORIENTED_EDGE('',*,*,#1575,.F.);
#2237=ORIENTED_EDGE('',*,*,#1577,.T.);
#2238=ORIENTED_EDGE('',*,*,#1578,.T.);
#2239=ORIENTED_EDGE('',*,*,#1245,.T.);
#2240=ORIENTED_EDGE('',*,*,#1579,.T.);
#2241=ORIENTED_EDGE('',*,*,#1246,.T.);
#2242=ORIENTED_EDGE('',*,*,#1578,.F.);
#2243=ORIENTED_EDGE('',*,*,#1580,.T.);
#2244=ORIENTED_EDGE('',*,*,#1579,.F.);
#2245=ORIENTED_EDGE('',*,*,#1581,.T.);
#2246=ORIENTED_EDGE('',*,*,#1582,.T.);
#2247=ORIENTED_EDGE('',*,*,#1247,.T.);
#2248=ORIENTED_EDGE('',*,*,#1583,.T.);
#2249=ORIENTED_EDGE('',*,*,#1248,.T.);
#2250=ORIENTED_EDGE('',*,*,#1582,.F.);
#2251=ORIENTED_EDGE('',*,*,#1584,.T.);
#2252=ORIENTED_EDGE('',*,*,#1583,.F.);
#2253=ORIENTED_EDGE('',*,*,#1585,.T.);
#2254=ORIENTED_EDGE('',*,*,#1571,.F.);
#2255=ORIENTED_EDGE('',*,*,#1249,.T.);
#2256=ORIENTED_EDGE('',*,*,#1577,.F.);
#2257=ORIENTED_EDGE('',*,*,#1586,.T.);
#2258=ORIENTED_EDGE('',*,*,#1587,.T.);
#2259=ORIENTED_EDGE('',*,*,#1588,.T.);
#2260=ORIENTED_EDGE('',*,*,#1576,.F.);
#2261=ORIENTED_EDGE('',*,*,#1589,.F.);
#2262=ORIENTED_EDGE('',*,*,#1590,.F.);
#2263=ORIENTED_EDGE('',*,*,#1586,.F.);
#2264=ORIENTED_EDGE('',*,*,#1573,.F.);
#2265=ORIENTED_EDGE('',*,*,#1591,.T.);
#2266=ORIENTED_EDGE('',*,*,#1592,.T.);
#2267=ORIENTED_EDGE('',*,*,#1589,.T.);
#2268=ORIENTED_EDGE('',*,*,#1572,.F.);
#2269=ORIENTED_EDGE('',*,*,#1593,.F.);
#2270=ORIENTED_EDGE('',*,*,#1594,.F.);
#2271=ORIENTED_EDGE('',*,*,#1591,.F.);
#2272=ORIENTED_EDGE('',*,*,#1587,.F.);
#2273=ORIENTED_EDGE('',*,*,#1590,.T.);
#2274=ORIENTED_EDGE('',*,*,#1592,.F.);
#2275=ORIENTED_EDGE('',*,*,#1594,.T.);
#2276=ORIENTED_EDGE('',*,*,#1595,.F.);
#2277=ORIENTED_EDGE('',*,*,#1596,.T.);
#2278=ORIENTED_EDGE('',*,*,#1597,.F.);
#2279=ORIENTED_EDGE('',*,*,#1598,.T.);
#2280=ORIENTED_EDGE('',*,*,#1352,.T.);
#2281=ORIENTED_EDGE('',*,*,#1355,.T.);
#2282=ORIENTED_EDGE('',*,*,#1345,.T.);
#2283=ORIENTED_EDGE('',*,*,#1349,.T.);
#2284=ORIENTED_EDGE('',*,*,#1363,.T.);
#2285=ORIENTED_EDGE('',*,*,#1366,.T.);
#2286=ORIENTED_EDGE('',*,*,#1357,.T.);
#2287=ORIENTED_EDGE('',*,*,#1361,.T.);
#2288=ORIENTED_EDGE('',*,*,#1374,.T.);
#2289=ORIENTED_EDGE('',*,*,#1377,.T.);
#2290=ORIENTED_EDGE('',*,*,#1368,.T.);
#2291=ORIENTED_EDGE('',*,*,#1372,.T.);
#2292=ORIENTED_EDGE('',*,*,#1385,.T.);
#2293=ORIENTED_EDGE('',*,*,#1388,.T.);
#2294=ORIENTED_EDGE('',*,*,#1379,.T.);
#2295=ORIENTED_EDGE('',*,*,#1383,.T.);
#2296=ORIENTED_EDGE('',*,*,#1396,.T.);
#2297=ORIENTED_EDGE('',*,*,#1399,.T.);
#2298=ORIENTED_EDGE('',*,*,#1390,.T.);
#2299=ORIENTED_EDGE('',*,*,#1394,.T.);
#2300=ORIENTED_EDGE('',*,*,#1407,.T.);
#2301=ORIENTED_EDGE('',*,*,#1410,.T.);
#2302=ORIENTED_EDGE('',*,*,#1401,.T.);
#2303=ORIENTED_EDGE('',*,*,#1405,.T.);
#2304=ORIENTED_EDGE('',*,*,#1418,.T.);
#2305=ORIENTED_EDGE('',*,*,#1421,.T.);
#2306=ORIENTED_EDGE('',*,*,#1412,.T.);
#2307=ORIENTED_EDGE('',*,*,#1416,.T.);
#2308=ORIENTED_EDGE('',*,*,#1344,.F.);
#2309=ORIENTED_EDGE('',*,*,#1336,.F.);
#2310=ORIENTED_EDGE('',*,*,#1332,.F.);
#2311=ORIENTED_EDGE('',*,*,#1340,.F.);
#2312=ORIENTED_EDGE('',*,*,#1581,.F.);
#2313=ORIENTED_EDGE('',*,*,#1599,.T.);
#2314=ORIENTED_EDGE('',*,*,#1597,.T.);
#2315=ORIENTED_EDGE('',*,*,#1600,.T.);
#2316=ORIENTED_EDGE('',*,*,#1584,.F.);
#2317=ORIENTED_EDGE('',*,*,#1600,.F.);
#2318=ORIENTED_EDGE('',*,*,#1596,.F.);
#2319=ORIENTED_EDGE('',*,*,#1601,.F.);
#2320=ORIENTED_EDGE('',*,*,#1585,.F.);
#2321=ORIENTED_EDGE('',*,*,#1601,.T.);
#2322=ORIENTED_EDGE('',*,*,#1595,.T.);
#2323=ORIENTED_EDGE('',*,*,#1593,.T.);
#2324=ORIENTED_EDGE('',*,*,#1580,.F.);
#2325=ORIENTED_EDGE('',*,*,#1588,.F.);
#2326=ORIENTED_EDGE('',*,*,#1598,.F.);
#2327=ORIENTED_EDGE('',*,*,#1599,.F.);
#2328=CONICAL_SURFACE('',#2496,3.,0.785398163397448);
#2329=CONICAL_SURFACE('',#2535,3.,0.785398163397448);
#2330=CONICAL_SURFACE('',#2539,3.,0.785398163397448);
#2331=CONICAL_SURFACE('',#2543,3.,0.785398163397448);
#2332=CONICAL_SURFACE('',#2670,4.65000000000001,0.785398163397446);
#2333=CONICAL_SURFACE('',#2673,4.65,0.785398163397449);
#2334=CONICAL_SURFACE('',#2676,4.65,0.785398163397449);
#2335=CONICAL_SURFACE('',#2679,4.65,0.78539816339745);
#2336=ADVANCED_FACE('',(#258),#2328,.F.);
#2337=ADVANCED_FACE('',(#259,#191,#192,#193,#194,#195,#196,#197,#198,#199,
#200),#212,.T.);
#2338=ADVANCED_FACE('',(#260),#71,.F.);
#2339=ADVANCED_FACE('',(#261),#2329,.F.);
#2340=ADVANCED_FACE('',(#262),#72,.F.);
#2341=ADVANCED_FACE('',(#263),#2330,.F.);
#2342=ADVANCED_FACE('',(#264),#73,.F.);
#2343=ADVANCED_FACE('',(#265),#2331,.F.);
#2344=ADVANCED_FACE('',(#266),#74,.F.);
#2345=ADVANCED_FACE('',(#267),#75,.F.);
#2346=ADVANCED_FACE('',(#268),#213,.F.);
#2347=ADVANCED_FACE('',(#269),#76,.F.);
#2348=ADVANCED_FACE('',(#270),#214,.F.);
#2349=ADVANCED_FACE('',(#271),#77,.F.);
#2350=ADVANCED_FACE('',(#272),#215,.F.);
#2351=ADVANCED_FACE('',(#273),#78,.F.);
#2352=ADVANCED_FACE('',(#274),#216,.F.);
#2353=ADVANCED_FACE('',(#275),#79,.F.);
#2354=ADVANCED_FACE('',(#276),#217,.F.);
#2355=ADVANCED_FACE('',(#277),#80,.F.);
#2356=ADVANCED_FACE('',(#278),#218,.F.);
#2357=ADVANCED_FACE('',(#279),#81,.F.);
#2358=ADVANCED_FACE('',(#280),#219,.F.);
#2359=ADVANCED_FACE('',(#281),#82,.F.);
#2360=ADVANCED_FACE('',(#282),#220,.F.);
#2361=ADVANCED_FACE('',(#283),#83,.F.);
#2362=ADVANCED_FACE('',(#284),#221,.F.);
#2363=ADVANCED_FACE('',(#285),#84,.F.);
#2364=ADVANCED_FACE('',(#286),#222,.F.);
#2365=ADVANCED_FACE('',(#287),#85,.F.);
#2366=ADVANCED_FACE('',(#288),#223,.F.);
#2367=ADVANCED_FACE('',(#289),#86,.F.);
#2368=ADVANCED_FACE('',(#290),#224,.F.);
#2369=ADVANCED_FACE('',(#291),#87,.F.);
#2370=ADVANCED_FACE('',(#292),#225,.F.);
#2371=ADVANCED_FACE('',(#293),#88,.F.);
#2372=ADVANCED_FACE('',(#294),#226,.F.);
#2373=ADVANCED_FACE('',(#295),#43,.F.);
#2374=ADVANCED_FACE('',(#296),#89,.T.);
#2375=ADVANCED_FACE('',(#297),#44,.F.);
#2376=ADVANCED_FACE('',(#298),#227,.T.);
#2377=ADVANCED_FACE('',(#299),#15,.T.);
#2378=ADVANCED_FACE('',(#300),#45,.F.);
#2379=ADVANCED_FACE('',(#301),#90,.T.);
#2380=ADVANCED_FACE('',(#302),#46,.F.);
#2381=ADVANCED_FACE('',(#303),#16,.F.);
#2382=ADVANCED_FACE('',(#304),#228,.T.);
#2383=ADVANCED_FACE('',(#305),#17,.F.);
#2384=ADVANCED_FACE('',(#306),#18,.T.);
#2385=ADVANCED_FACE('',(#307),#229,.T.);
#2386=ADVANCED_FACE('',(#308),#230,.T.);
#2387=ADVANCED_FACE('',(#309),#47,.F.);
#2388=ADVANCED_FACE('',(#310),#91,.T.);
#2389=ADVANCED_FACE('',(#311),#48,.F.);
#2390=ADVANCED_FACE('',(#312),#231,.T.);
#2391=ADVANCED_FACE('',(#313),#19,.T.);
#2392=ADVANCED_FACE('',(#314),#49,.F.);
#2393=ADVANCED_FACE('',(#315),#92,.T.);
#2394=ADVANCED_FACE('',(#316),#50,.F.);
#2395=ADVANCED_FACE('',(#317),#20,.F.);
#2396=ADVANCED_FACE('',(#318),#232,.T.);
#2397=ADVANCED_FACE('',(#319),#21,.F.);
#2398=ADVANCED_FACE('',(#320),#22,.T.);
#2399=ADVANCED_FACE('',(#321),#233,.T.);
#2400=ADVANCED_FACE('',(#322),#51,.F.);
#2401=ADVANCED_FACE('',(#323),#93,.T.);
#2402=ADVANCED_FACE('',(#324),#52,.F.);
#2403=ADVANCED_FACE('',(#325),#234,.F.);
#2404=ADVANCED_FACE('',(#326),#23,.T.);
#2405=ADVANCED_FACE('',(#327),#53,.F.);
#2406=ADVANCED_FACE('',(#328),#94,.T.);
#2407=ADVANCED_FACE('',(#329),#54,.F.);
#2408=ADVANCED_FACE('',(#330),#24,.F.);
#2409=ADVANCED_FACE('',(#331),#235,.T.);
#2410=ADVANCED_FACE('',(#332),#25,.F.);
#2411=ADVANCED_FACE('',(#333),#236,.T.);
#2412=ADVANCED_FACE('',(#334),#26,.T.);
#2413=ADVANCED_FACE('',(#335),#55,.F.);
#2414=ADVANCED_FACE('',(#336),#95,.T.);
#2415=ADVANCED_FACE('',(#337),#56,.F.);
#2416=ADVANCED_FACE('',(#338),#237,.F.);
#2417=ADVANCED_FACE('',(#339),#27,.T.);
#2418=ADVANCED_FACE('',(#340),#57,.F.);
#2419=ADVANCED_FACE('',(#341),#96,.T.);
#2420=ADVANCED_FACE('',(#342),#58,.F.);
#2421=ADVANCED_FACE('',(#343),#28,.F.);
#2422=ADVANCED_FACE('',(#344),#238,.T.);
#2423=ADVANCED_FACE('',(#345),#29,.F.);
#2424=ADVANCED_FACE('',(#346),#239,.T.);
#2425=ADVANCED_FACE('',(#347),#30,.T.);
#2426=ADVANCED_FACE('',(#348),#59,.F.);
#2427=ADVANCED_FACE('',(#349),#97,.T.);
#2428=ADVANCED_FACE('',(#350),#60,.F.);
#2429=ADVANCED_FACE('',(#351),#240,.F.);
#2430=ADVANCED_FACE('',(#352),#31,.T.);
#2431=ADVANCED_FACE('',(#353),#61,.F.);
#2432=ADVANCED_FACE('',(#354),#98,.T.);
#2433=ADVANCED_FACE('',(#355),#62,.F.);
#2434=ADVANCED_FACE('',(#356),#32,.F.);
#2435=ADVANCED_FACE('',(#357),#241,.T.);
#2436=ADVANCED_FACE('',(#358),#33,.F.);
#2437=ADVANCED_FACE('',(#359),#242,.T.);
#2438=ADVANCED_FACE('',(#360),#34,.T.);
#2439=ADVANCED_FACE('',(#361),#63,.F.);
#2440=ADVANCED_FACE('',(#362),#99,.T.);
#2441=ADVANCED_FACE('',(#363),#64,.F.);
#2442=ADVANCED_FACE('',(#364),#243,.F.);
#2443=ADVANCED_FACE('',(#365),#35,.T.);
#2444=ADVANCED_FACE('',(#366),#65,.F.);
#2445=ADVANCED_FACE('',(#367),#100,.T.);
#2446=ADVANCED_FACE('',(#368),#66,.F.);
#2447=ADVANCED_FACE('',(#369),#36,.F.);
#2448=ADVANCED_FACE('',(#370),#244,.T.);
#2449=ADVANCED_FACE('',(#371),#37,.F.);
#2450=ADVANCED_FACE('',(#372),#245,.T.);
#2451=ADVANCED_FACE('',(#373),#38,.T.);
#2452=ADVANCED_FACE('',(#374),#67,.F.);
#2453=ADVANCED_FACE('',(#375),#101,.T.);
#2454=ADVANCED_FACE('',(#376),#68,.F.);
#2455=ADVANCED_FACE('',(#377),#246,.F.);
#2456=ADVANCED_FACE('',(#378),#39,.T.);
#2457=ADVANCED_FACE('',(#379),#69,.F.);
#2458=ADVANCED_FACE('',(#380),#102,.T.);
#2459=ADVANCED_FACE('',(#381),#70,.F.);
#2460=ADVANCED_FACE('',(#382),#40,.F.);
#2461=ADVANCED_FACE('',(#383),#247,.T.);
#2462=ADVANCED_FACE('',(#384),#41,.F.);
#2463=ADVANCED_FACE('',(#385),#248,.T.);
#2464=ADVANCED_FACE('',(#386),#42,.T.);
#2465=ADVANCED_FACE('',(#387),#249,.T.);
#2466=ADVANCED_FACE('',(#388),#2332,.T.);
#2467=ADVANCED_FACE('',(#389),#250,.T.);
#2468=ADVANCED_FACE('',(#390),#2333,.T.);
#2469=ADVANCED_FACE('',(#391),#251,.T.);
#2470=ADVANCED_FACE('',(#392),#2334,.T.);
#2471=ADVANCED_FACE('',(#393),#252,.T.);
#2472=ADVANCED_FACE('',(#394),#2335,.T.);
#2473=ADVANCED_FACE('',(#395),#103,.T.);
#2474=ADVANCED_FACE('',(#396),#253,.T.);
#2475=ADVANCED_FACE('',(#397),#104,.T.);
#2476=ADVANCED_FACE('',(#398),#254,.T.);
#2477=ADVANCED_FACE('',(#399,#201,#202,#203,#204,#205,#206,#207,#208,#209,
#210,#211),#255,.F.);
#2478=ADVANCED_FACE('',(#400),#105,.T.);
#2479=ADVANCED_FACE('',(#401),#256,.T.);
#2480=ADVANCED_FACE('',(#402),#106,.T.);
#2481=ADVANCED_FACE('',(#403),#257,.T.);
#2482=CLOSED_SHELL('',(#2336,#2337,#2338,#2339,#2340,#2341,#2342,#2343,
#2344,#2345,#2346,#2347,#2348,#2349,#2350,#2351,#2352,#2353,#2354,#2355,
#2356,#2357,#2358,#2359,#2360,#2361,#2362,#2363,#2364,#2365,#2366,#2367,
#2368,#2369,#2370,#2371,#2372,#2373,#2374,#2375,#2376,#2377,#2378,#2379,
#2380,#2381,#2382,#2383,#2384,#2385,#2386,#2387,#2388,#2389,#2390,#2391,
#2392,#2393,#2394,#2395,#2396,#2397,#2398,#2399,#2400,#2401,#2402,#2403,
#2404,#2405,#2406,#2407,#2408,#2409,#2410,#2411,#2412,#2413,#2414,#2415,
#2416,#2417,#2418,#2419,#2420,#2421,#2422,#2423,#2424,#2425,#2426,#2427,
#2428,#2429,#2430,#2431,#2432,#2433,#2434,#2435,#2436,#2437,#2438,#2439,
#2440,#2441,#2442,#2443,#2444,#2445,#2446,#2447,#2448,#2449,#2450,#2451,
#2452,#2453,#2454,#2455,#2456,#2457,#2458,#2459,#2460,#2461,#2462,#2463,
#2464,#2465,#2466,#2467,#2468,#2469,#2470,#2471,#2472,#2473,#2474,#2475,
#2476,#2477,#2478,#2479,#2480,#2481));
#2483=DERIVED_UNIT_ELEMENT(#2485,1.);
#2484=DERIVED_UNIT_ELEMENT(#6625,-3.);
#2485=(
MASS_UNIT()
NAMED_UNIT(*)
SI_UNIT(.KILO.,.GRAM.)
);
#2486=DERIVED_UNIT((#2483,#2484));
#2487=MEASURE_REPRESENTATION_ITEM('density measure',
POSITIVE_RATIO_MEASURE(7850.),#2486);
#2488=PROPERTY_DEFINITION_REPRESENTATION(#2493,#2490);
#2489=PROPERTY_DEFINITION_REPRESENTATION(#2494,#2491);
#2490=REPRESENTATION('material name',(#2492),#6622);
#2491=REPRESENTATION('density',(#2487),#6622);
#2492=DESCRIPTIVE_REPRESENTATION_ITEM('Steel','Steel');
#2493=PROPERTY_DEFINITION('material property','material name',#6632);
#2494=PROPERTY_DEFINITION('material property','density of part',#6632);
#2495=AXIS2_PLACEMENT_3D('',#3263,#2694,#2695);
#2496=AXIS2_PLACEMENT_3D('',#3264,#2696,#2697);
#2497=AXIS2_PLACEMENT_3D('',#3266,#2698,#2699);
#2498=AXIS2_PLACEMENT_3D('',#3269,#2701,#2702);
#2499=AXIS2_PLACEMENT_3D('',#3270,#2703,#2704);
#2500=AXIS2_PLACEMENT_3D('',#3275,#2706,#2707);
#2501=AXIS2_PLACEMENT_3D('',#3279,#2709,#2710);
#2502=AXIS2_PLACEMENT_3D('',#3283,#2712,#2713);
#2503=AXIS2_PLACEMENT_3D('',#3286,#2715,#2716);
#2504=AXIS2_PLACEMENT_3D('',#3288,#2717,#2718);
#2505=AXIS2_PLACEMENT_3D('',#3290,#2719,#2720);
#2506=AXIS2_PLACEMENT_3D('',#3295,#2722,#2723);
#2507=AXIS2_PLACEMENT_3D('',#3384,#2725,#2726);
#2508=AXIS2_PLACEMENT_3D('',#3388,#2728,#2729);
#2509=AXIS2_PLACEMENT_3D('',#3476,#2731,#2732);
#2510=AXIS2_PLACEMENT_3D('',#3481,#2734,#2735);
#2511=AXIS2_PLACEMENT_3D('',#3570,#2737,#2738);
#2512=AXIS2_PLACEMENT_3D('',#3618,#2740,#2741);
#2513=AXIS2_PLACEMENT_3D('',#3622,#2743,#2744);
#2514=AXIS2_PLACEMENT_3D('',#3670,#2746,#2747);
#2515=AXIS2_PLACEMENT_3D('',#3758,#2749,#2750);
#2516=AXIS2_PLACEMENT_3D('',#3763,#2752,#2753);
#2517=AXIS2_PLACEMENT_3D('',#3852,#2755,#2756);
#2518=AXIS2_PLACEMENT_3D('',#3856,#2758,#2759);
#2519=AXIS2_PLACEMENT_3D('',#3944,#2761,#2762);
#2520=AXIS2_PLACEMENT_3D('',#3949,#2764,#2765);
#2521=AXIS2_PLACEMENT_3D('',#4038,#2767,#2768);
#2522=AXIS2_PLACEMENT_3D('',#4042,#2770,#2771);
#2523=AXIS2_PLACEMENT_3D('',#4130,#2773,#2774);
#2524=AXIS2_PLACEMENT_3D('',#4135,#2776,#2777);
#2525=AXIS2_PLACEMENT_3D('',#4224,#2779,#2780);
#2526=AXIS2_PLACEMENT_3D('',#4228,#2782,#2783);
#2527=AXIS2_PLACEMENT_3D('',#4316,#2785,#2786);
#2528=AXIS2_PLACEMENT_3D('',#4321,#2788,#2789);
#2529=AXIS2_PLACEMENT_3D('',#4410,#2791,#2792);
#2530=AXIS2_PLACEMENT_3D('',#4414,#2794,#2795);
#2531=AXIS2_PLACEMENT_3D('',#4502,#2797,#2798);
#2532=AXIS2_PLACEMENT_3D('',#4504,#2799,#2800);
#2533=AXIS2_PLACEMENT_3D('',#4505,#2801,#2802);
#2534=AXIS2_PLACEMENT_3D('',#4508,#2804,#2805);
#2535=AXIS2_PLACEMENT_3D('',#4509,#2806,#2807);
#2536=AXIS2_PLACEMENT_3D('',#4512,#2809,#2810);
#2537=AXIS2_PLACEMENT_3D('',#4513,#2811,#2812);
#2538=AXIS2_PLACEMENT_3D('',#4516,#2814,#2815);
#2539=AXIS2_PLACEMENT_3D('',#4517,#2816,#2817);
#2540=AXIS2_PLACEMENT_3D('',#4520,#2819,#2820);
#2541=AXIS2_PLACEMENT_3D('',#4521,#2821,#2822);
#2542=AXIS2_PLACEMENT_3D('',#4524,#2824,#2825);
#2543=AXIS2_PLACEMENT_3D('',#4525,#2826,#2827);
#2544=AXIS2_PLACEMENT_3D('',#4528,#2829,#2830);
#2545=AXIS2_PLACEMENT_3D('',#4529,#2831,#2832);
#2546=AXIS2_PLACEMENT_3D('',#4532,#2834,#2835);
#2547=AXIS2_PLACEMENT_3D('',#4533,#2836,#2837);
#2548=AXIS2_PLACEMENT_3D('',#4536,#2838,#2839);
#2549=AXIS2_PLACEMENT_3D('',#4540,#2841,#2842);
#2550=AXIS2_PLACEMENT_3D('',#4542,#2844,#2845);
#2551=AXIS2_PLACEMENT_3D('',#4548,#2849,#2850);
#2552=AXIS2_PLACEMENT_3D('',#4550,#2851,#2852);
#2553=AXIS2_PLACEMENT_3D('',#4552,#2853,#2854);
#2554=AXIS2_PLACEMENT_3D('',#4554,#2856,#2857);
#2555=AXIS2_PLACEMENT_3D('',#4557,#2860,#2861);
#2556=AXIS2_PLACEMENT_3D('',#4560,#2862,#2863);
#2557=AXIS2_PLACEMENT_3D('',#4563,#2865,#2866);
#2558=AXIS2_PLACEMENT_3D('',#4565,#2868,#2869);
#2559=AXIS2_PLACEMENT_3D('',#4569,#2872,#2873);
#2560=AXIS2_PLACEMENT_3D('',#4571,#2874,#2875);
#2561=AXIS2_PLACEMENT_3D('',#4573,#2876,#2877);
#2562=AXIS2_PLACEMENT_3D('',#4575,#2879,#2880);
#2563=AXIS2_PLACEMENT_3D('',#4578,#2883,#2884);
#2564=AXIS2_PLACEMENT_3D('',#4581,#2885,#2886);
#2565=AXIS2_PLACEMENT_3D('',#4584,#2888,#2889);
#2566=AXIS2_PLACEMENT_3D('',#4586,#2891,#2892);
#2567=AXIS2_PLACEMENT_3D('',#4590,#2895,#2896);
#2568=AXIS2_PLACEMENT_3D('',#4592,#2897,#2898);
#2569=AXIS2_PLACEMENT_3D('',#4594,#2899,#2900);
#2570=AXIS2_PLACEMENT_3D('',#4596,#2902,#2903);
#2571=AXIS2_PLACEMENT_3D('',#4599,#2906,#2907);
#2572=AXIS2_PLACEMENT_3D('',#4602,#2908,#2909);
#2573=AXIS2_PLACEMENT_3D('',#4605,#2911,#2912);
#2574=AXIS2_PLACEMENT_3D('',#4607,#2914,#2915);
#2575=AXIS2_PLACEMENT_3D('',#4611,#2918,#2919);
#2576=AXIS2_PLACEMENT_3D('',#4613,#2920,#2921);
#2577=AXIS2_PLACEMENT_3D('',#4615,#2922,#2923);
#2578=AXIS2_PLACEMENT_3D('',#4617,#2925,#2926);
#2579=AXIS2_PLACEMENT_3D('',#4620,#2929,#2930);
#2580=AXIS2_PLACEMENT_3D('',#4623,#2931,#2932);
#2581=AXIS2_PLACEMENT_3D('',#4626,#2934,#2935);
#2582=AXIS2_PLACEMENT_3D('',#4628,#2937,#2938);
#2583=AXIS2_PLACEMENT_3D('',#4632,#2941,#2942);
#2584=AXIS2_PLACEMENT_3D('',#4634,#2943,#2944);
#2585=AXIS2_PLACEMENT_3D('',#4636,#2945,#2946);
#2586=AXIS2_PLACEMENT_3D('',#4638,#2948,#2949);
#2587=AXIS2_PLACEMENT_3D('',#4641,#2952,#2953);
#2588=AXIS2_PLACEMENT_3D('',#4644,#2954,#2955);
#2589=AXIS2_PLACEMENT_3D('',#4647,#2957,#2958);
#2590=AXIS2_PLACEMENT_3D('',#4649,#2960,#2961);
#2591=AXIS2_PLACEMENT_3D('',#4653,#2964,#2965);
#2592=AXIS2_PLACEMENT_3D('',#4655,#2966,#2967);
#2593=AXIS2_PLACEMENT_3D('',#4657,#2968,#2969);
#2594=AXIS2_PLACEMENT_3D('',#4659,#2971,#2972);
#2595=AXIS2_PLACEMENT_3D('',#4662,#2975,#2976);
#2596=AXIS2_PLACEMENT_3D('',#4665,#2977,#2978);
#2597=AXIS2_PLACEMENT_3D('',#4668,#2980,#2981);
#2598=AXIS2_PLACEMENT_3D('',#4670,#2983,#2984);
#2599=AXIS2_PLACEMENT_3D('',#4674,#2987,#2988);
#2600=AXIS2_PLACEMENT_3D('',#4676,#2989,#2990);
#2601=AXIS2_PLACEMENT_3D('',#4678,#2991,#2992);
#2602=AXIS2_PLACEMENT_3D('',#4680,#2994,#2995);
#2603=AXIS2_PLACEMENT_3D('',#4769,#2998,#2999);
#2604=AXIS2_PLACEMENT_3D('',#4777,#3000,#3001);
#2605=AXIS2_PLACEMENT_3D('',#4780,#3002,#3003);
#2606=AXIS2_PLACEMENT_3D('',#4867,#3006,#3007);
#2607=AXIS2_PLACEMENT_3D('',#4894,#3012,#3013);
#2608=AXIS2_PLACEMENT_3D('',#4945,#3014,#3015);
#2609=AXIS2_PLACEMENT_3D('',#4953,#3016,#3017);
#2610=AXIS2_PLACEMENT_3D('',#4955,#3018,#3019);
#2611=AXIS2_PLACEMENT_3D('',#5020,#3022,#3023);
#2612=AXIS2_PLACEMENT_3D('',#5034,#3025,#3026);
#2613=AXIS2_PLACEMENT_3D('',#5036,#3028,#3029);
#2614=AXIS2_PLACEMENT_3D('',#5037,#3030,#3031);
#2615=AXIS2_PLACEMENT_3D('',#5083,#3033,#3034);
#2616=AXIS2_PLACEMENT_3D('',#5091,#3035,#3036);
#2617=AXIS2_PLACEMENT_3D('',#5094,#3037,#3038);
#2618=AXIS2_PLACEMENT_3D('',#5139,#3041,#3042);
#2619=AXIS2_PLACEMENT_3D('',#5214,#3045,#3046);
#2620=AXIS2_PLACEMENT_3D('',#5222,#3047,#3048);
#2621=AXIS2_PLACEMENT_3D('',#5224,#3049,#3050);
#2622=AXIS2_PLACEMENT_3D('',#5289,#3053,#3054);
#2623=AXIS2_PLACEMENT_3D('',#5304,#3057,#3058);
#2624=AXIS2_PLACEMENT_3D('',#5343,#3059,#3060);
#2625=AXIS2_PLACEMENT_3D('',#5350,#3061,#3062);
#2626=AXIS2_PLACEMENT_3D('',#5353,#3063,#3064);
#2627=AXIS2_PLACEMENT_3D('',#5398,#3067,#3068);
#2628=AXIS2_PLACEMENT_3D('',#5472,#3071,#3072);
#2629=AXIS2_PLACEMENT_3D('',#5480,#3073,#3074);
#2630=AXIS2_PLACEMENT_3D('',#5482,#3075,#3076);
#2631=AXIS2_PLACEMENT_3D('',#5539,#3079,#3080);
#2632=AXIS2_PLACEMENT_3D('',#5547,#3082,#3083);
#2633=AXIS2_PLACEMENT_3D('',#5593,#3085,#3086);
#2634=AXIS2_PLACEMENT_3D('',#5600,#3087,#3088);
#2635=AXIS2_PLACEMENT_3D('',#5603,#3089,#3090);
#2636=AXIS2_PLACEMENT_3D('',#5648,#3093,#3094);
#2637=AXIS2_PLACEMENT_3D('',#5722,#3097,#3098);
#2638=AXIS2_PLACEMENT_3D('',#5730,#3099,#3100);
#2639=AXIS2_PLACEMENT_3D('',#5732,#3101,#3102);
#2640=AXIS2_PLACEMENT_3D('',#5789,#3105,#3106);
#2641=AXIS2_PLACEMENT_3D('',#5797,#3108,#3109);
#2642=AXIS2_PLACEMENT_3D('',#5843,#3111,#3112);
#2643=AXIS2_PLACEMENT_3D('',#5850,#3113,#3114);
#2644=AXIS2_PLACEMENT_3D('',#5853,#3115,#3116);
#2645=AXIS2_PLACEMENT_3D('',#5898,#3119,#3120);
#2646=AXIS2_PLACEMENT_3D('',#5972,#3123,#3124);
#2647=AXIS2_PLACEMENT_3D('',#5980,#3125,#3126);
#2648=AXIS2_PLACEMENT_3D('',#5982,#3127,#3128);
#2649=AXIS2_PLACEMENT_3D('',#6039,#3131,#3132);
#2650=AXIS2_PLACEMENT_3D('',#6047,#3134,#3135);
#2651=AXIS2_PLACEMENT_3D('',#6093,#3137,#3138);
#2652=AXIS2_PLACEMENT_3D('',#6100,#3139,#3140);
#2653=AXIS2_PLACEMENT_3D('',#6103,#3141,#3142);
#2654=AXIS2_PLACEMENT_3D('',#6148,#3145,#3146);
#2655=AXIS2_PLACEMENT_3D('',#6222,#3149,#3150);
#2656=AXIS2_PLACEMENT_3D('',#6230,#3151,#3152);
#2657=AXIS2_PLACEMENT_3D('',#6232,#3153,#3154);
#2658=AXIS2_PLACEMENT_3D('',#6289,#3157,#3158);
#2659=AXIS2_PLACEMENT_3D('',#6297,#3160,#3161);
#2660=AXIS2_PLACEMENT_3D('',#6343,#3163,#3164);
#2661=AXIS2_PLACEMENT_3D('',#6350,#3165,#3166);
#2662=AXIS2_PLACEMENT_3D('',#6353,#3167,#3168);
#2663=AXIS2_PLACEMENT_3D('',#6398,#3171,#3172);
#2664=AXIS2_PLACEMENT_3D('',#6472,#3175,#3176);
#2665=AXIS2_PLACEMENT_3D('',#6480,#3177,#3178);
#2666=AXIS2_PLACEMENT_3D('',#6482,#3179,#3180);
#2667=AXIS2_PLACEMENT_3D('',#6539,#3183,#3184);
#2668=AXIS2_PLACEMENT_3D('',#6547,#3186,#3187);
#2669=AXIS2_PLACEMENT_3D('',#6555,#3189,#3190);
#2670=AXIS2_PLACEMENT_3D('',#6561,#3194,#3195);
#2671=AXIS2_PLACEMENT_3D('',#6563,#3196,#3197);
#2672=AXIS2_PLACEMENT_3D('',#6565,#3199,#3200);
#2673=AXIS2_PLACEMENT_3D('',#6569,#3203,#3204);
#2674=AXIS2_PLACEMENT_3D('',#6571,#3205,#3206);
#2675=AXIS2_PLACEMENT_3D('',#6573,#3208,#3209);
#2676=AXIS2_PLACEMENT_3D('',#6577,#3212,#3213);
#2677=AXIS2_PLACEMENT_3D('',#6579,#3214,#3215);
#2678=AXIS2_PLACEMENT_3D('',#6581,#3217,#3218);
#2679=AXIS2_PLACEMENT_3D('',#6585,#3221,#3222);
#2680=AXIS2_PLACEMENT_3D('',#6586,#3223,#3224);
#2681=AXIS2_PLACEMENT_3D('',#6587,#3225,#3226);
#2682=AXIS2_PLACEMENT_3D('',#6591,#3228,#3229);
#2683=AXIS2_PLACEMENT_3D('',#6593,#3231,#3232);
#2684=AXIS2_PLACEMENT_3D('',#6597,#3235,#3236);
#2685=AXIS2_PLACEMENT_3D('',#6600,#3238,#3239);
#2686=AXIS2_PLACEMENT_3D('',#6601,#3240,#3241);
#2687=AXIS2_PLACEMENT_3D('',#6605,#3244,#3245);
#2688=AXIS2_PLACEMENT_3D('',#6607,#3246,#3247);
#2689=AXIS2_PLACEMENT_3D('',#6611,#3249,#3250);
#2690=AXIS2_PLACEMENT_3D('',#6613,#3252,#3253);
#2691=AXIS2_PLACEMENT_3D('',#6616,#3256,#3257);
#2692=AXIS2_PLACEMENT_3D('',#6618,#3259,#3260);
#2693=AXIS2_PLACEMENT_3D('',#6619,#3261,#3262);
#2694=DIRECTION('axis',(0.,0.,1.));
#2695=DIRECTION('refdir',(1.,0.,0.));
#2696=DIRECTION('center_axis',(0.,0.,-1.));
#2697=DIRECTION('ref_axis',(-1.,0.,0.));
#2698=DIRECTION('center_axis',(0.,0.,-1.));
#2699=DIRECTION('ref_axis',(-1.,0.,0.));
#2700=DIRECTION('',(-0.707106781186548,8.65956056235493E-17,0.707106781186548));
#2701=DIRECTION('center_axis',(0.,0.,1.));
#2702=DIRECTION('ref_axis',(-1.,0.,0.));
#2703=DIRECTION('center_axis',(0.,0.,-1.));
#2704=DIRECTION('ref_axis',(-1.,0.,0.));
#2705=DIRECTION('',(-2.54999069479059E-10,1.,0.));
#2706=DIRECTION('center_axis',(0.,0.,1.));
#2707=DIRECTION('ref_axis',(0.707106781276704,-0.707106781096391,0.));
#2708=DIRECTION('',(1.,0.,0.));
#2709=DIRECTION('center_axis',(0.,0.,1.));
#2710=DIRECTION('ref_axis',(-0.707106781186546,-0.707106781186549,0.));
#2711=DIRECTION('',(-5.07530525542929E-16,-1.,0.));
#2712=DIRECTION('center_axis',(0.,0.,1.));
#2713=DIRECTION('ref_axis',(-0.707106781186546,0.707106781186549,0.));
#2714=DIRECTION('',(-1.,0.,0.));
#2715=DIRECTION('center_axis',(0.,0.,1.));
#2716=DIRECTION('ref_axis',(0.70710678109639,0.707106781276705,0.));
#2717=DIRECTION('center_axis',(0.,0.,-1.));
#2718=DIRECTION('ref_axis',(-1.,0.,0.));
#2719=DIRECTION('center_axis',(0.,0.,-1.));
#2720=DIRECTION('ref_axis',(-1.,0.,0.));
#2721=DIRECTION('',(1.,0.,0.));
#2722=DIRECTION('center_axis',(0.,0.,-1.));
#2723=DIRECTION('ref_axis',(-1.,0.,0.));
#2724=DIRECTION('',(1.,0.,0.));
#2725=DIRECTION('center_axis',(0.,0.,1.));
#2726=DIRECTION('ref_axis',(-1.41961892895045E-7,-0.99999999999999,0.));
#2727=DIRECTION('',(-1.,-3.25665331816198E-14,0.));
#2728=DIRECTION('center_axis',(0.,0.,1.));
#2729=DIRECTION('ref_axis',(0.,1.,0.));
#2730=DIRECTION('',(1.,0.,0.));
#2731=DIRECTION('center_axis',(0.,0.,-1.));
#2732=DIRECTION('ref_axis',(-1.,5.9211894646675E-15,0.));
#2733=DIRECTION('',(1.,-1.31992240602262E-15,0.));
#2734=DIRECTION('center_axis',(0.,0.,-1.));
#2735=DIRECTION('ref_axis',(-1.,0.,0.));
#2736=DIRECTION('',(1.,0.,0.));
#2737=DIRECTION('center_axis',(0.,0.,1.));
#2738=DIRECTION('ref_axis',(3.02567471935773E-7,-0.999999999999954,0.));
#2739=DIRECTION('',(-1.,0.,0.));
#2740=DIRECTION('center_axis',(0.,0.,1.));
#2741=DIRECTION('ref_axis',(-1.41961892895045E-7,-0.99999999999999,0.));
#2742=DIRECTION('',(-1.,-3.25665331816198E-14,0.));
#2743=DIRECTION('center_axis',(0.,0.,1.));
#2744=DIRECTION('ref_axis',(0.,1.,0.));
#2745=DIRECTION('',(-1.,0.,0.));
#2746=DIRECTION('center_axis',(0.,0.,1.));
#2747=DIRECTION('ref_axis',(-1.,8.44878401617241E-15,0.));
#2748=DIRECTION('',(1.,0.,0.));
#2749=DIRECTION('center_axis',(0.,0.,-1.));
#2750=DIRECTION('ref_axis',(-1.,0.,0.));
#2751=DIRECTION('',(1.,-1.31992240602262E-15,0.));
#2752=DIRECTION('center_axis',(0.,0.,-1.));
#2753=DIRECTION('ref_axis',(-1.,0.,0.));
#2754=DIRECTION('',(1.,0.,0.));
#2755=DIRECTION('center_axis',(0.,0.,1.));
#2756=DIRECTION('ref_axis',(3.02567471935773E-7,-0.999999999999954,0.));
#2757=DIRECTION('',(-1.,0.,0.));
#2758=DIRECTION('center_axis',(0.,0.,1.));
#2759=DIRECTION('ref_axis',(-1.,8.44878401617241E-15,0.));
#2760=DIRECTION('',(1.,0.,0.));
#2761=DIRECTION('center_axis',(0.,0.,-1.));
#2762=DIRECTION('ref_axis',(-1.,0.,0.));
#2763=DIRECTION('',(1.,-1.31992240602262E-15,0.));
#2764=DIRECTION('center_axis',(0.,0.,-1.));
#2765=DIRECTION('ref_axis',(-1.,0.,0.));
#2766=DIRECTION('',(1.,0.,0.));
#2767=DIRECTION('center_axis',(0.,0.,1.));
#2768=DIRECTION('ref_axis',(3.02567471935773E-7,-0.999999999999954,0.));
#2769=DIRECTION('',(-1.,0.,0.));
#2770=DIRECTION('center_axis',(0.,0.,1.));
#2771=DIRECTION('ref_axis',(-1.,8.44878401617241E-15,0.));
#2772=DIRECTION('',(1.,0.,0.));
#2773=DIRECTION('center_axis',(0.,0.,-1.));
#2774=DIRECTION('ref_axis',(-1.,0.,0.));
#2775=DIRECTION('',(1.,-1.31992240602262E-15,0.));
#2776=DIRECTION('center_axis',(0.,0.,-1.));
#2777=DIRECTION('ref_axis',(-1.,0.,0.));
#2778=DIRECTION('',(1.,0.,0.));
#2779=DIRECTION('center_axis',(0.,0.,1.));
#2780=DIRECTION('ref_axis',(3.02567471935773E-7,-0.999999999999954,0.));
#2781=DIRECTION('',(-1.,0.,0.));
#2782=DIRECTION('center_axis',(0.,0.,1.));
#2783=DIRECTION('ref_axis',(-1.,8.44878401617241E-15,0.));
#2784=DIRECTION('',(1.,0.,0.));
#2785=DIRECTION('center_axis',(0.,0.,-1.));
#2786=DIRECTION('ref_axis',(-1.,0.,0.));
#2787=DIRECTION('',(1.,-1.31992240602262E-15,0.));
#2788=DIRECTION('center_axis',(0.,0.,-1.));
#2789=DIRECTION('ref_axis',(-1.,0.,0.));
#2790=DIRECTION('',(1.,0.,0.));
#2791=DIRECTION('center_axis',(0.,0.,1.));
#2792=DIRECTION('ref_axis',(3.02567471935773E-7,-0.999999999999954,0.));
#2793=DIRECTION('',(-1.,0.,0.));
#2794=DIRECTION('center_axis',(0.,0.,1.));
#2795=DIRECTION('ref_axis',(-1.,8.44878401617241E-15,0.));
#2796=DIRECTION('',(1.,0.,0.));
#2797=DIRECTION('center_axis',(0.,0.,-1.));
#2798=DIRECTION('ref_axis',(-1.,0.,0.));
#2799=DIRECTION('center_axis',(0.,0.,-1.));
#2800=DIRECTION('ref_axis',(-1.,0.,0.));
#2801=DIRECTION('center_axis',(0.,0.,-1.));
#2802=DIRECTION('ref_axis',(-1.,0.,0.));
#2803=DIRECTION('',(0.,0.,1.));
#2804=DIRECTION('center_axis',(0.,0.,1.));
#2805=DIRECTION('ref_axis',(-1.,0.,0.));
#2806=DIRECTION('center_axis',(0.,0.,-1.));
#2807=DIRECTION('ref_axis',(-1.,0.,0.));
#2808=DIRECTION('',(-0.707106781186548,8.65956056235493E-17,0.707106781186548));
#2809=DIRECTION('center_axis',(0.,0.,1.));
#2810=DIRECTION('ref_axis',(-1.,0.,0.));
#2811=DIRECTION('center_axis',(0.,0.,-1.));
#2812=DIRECTION('ref_axis',(-1.,0.,0.));
#2813=DIRECTION('',(0.,0.,1.));
#2814=DIRECTION('center_axis',(0.,0.,1.));
#2815=DIRECTION('ref_axis',(-1.,0.,0.));
#2816=DIRECTION('center_axis',(0.,0.,-1.));
#2817=DIRECTION('ref_axis',(-1.,0.,0.));
#2818=DIRECTION('',(-0.707106781186548,8.65956056235493E-17,0.707106781186548));
#2819=DIRECTION('center_axis',(0.,0.,1.));
#2820=DIRECTION('ref_axis',(-1.,0.,0.));
#2821=DIRECTION('center_axis',(0.,0.,-1.));
#2822=DIRECTION('ref_axis',(-1.,0.,0.));
#2823=DIRECTION('',(0.,0.,1.));
#2824=DIRECTION('center_axis',(0.,0.,1.));
#2825=DIRECTION('ref_axis',(-1.,0.,0.));
#2826=DIRECTION('center_axis',(0.,0.,-1.));
#2827=DIRECTION('ref_axis',(-1.,0.,0.));
#2828=DIRECTION('',(-0.707106781186548,8.65956056235493E-17,0.707106781186548));
#2829=DIRECTION('center_axis',(0.,0.,1.));
#2830=DIRECTION('ref_axis',(-1.,0.,0.));
#2831=DIRECTION('center_axis',(0.,0.,-1.));
#2832=DIRECTION('ref_axis',(-1.,0.,0.));
#2833=DIRECTION('',(0.,0.,1.));
#2834=DIRECTION('center_axis',(0.,0.,1.));
#2835=DIRECTION('ref_axis',(-1.,0.,0.));
#2836=DIRECTION('center_axis',(0.,0.,1.));
#2837=DIRECTION('ref_axis',(-3.77475828372584E-14,1.,0.));
#2838=DIRECTION('center_axis',(0.,0.,-1.));
#2839=DIRECTION('ref_axis',(-3.77475828372584E-14,1.,0.));
#2840=DIRECTION('',(0.,0.,1.));
#2841=DIRECTION('center_axis',(0.,0.,-1.));
#2842=DIRECTION('ref_axis',(-1.,0.,0.));
#2843=DIRECTION('',(0.,0.,1.));
#2844=DIRECTION('center_axis',(0.,-1.,0.));
#2845=DIRECTION('ref_axis',(1.,0.,0.));
#2846=DIRECTION('',(-1.,0.,0.));
#2847=DIRECTION('',(1.,0.,0.));
#2848=DIRECTION('',(0.,0.,1.));
#2849=DIRECTION('center_axis',(0.,0.,1.));
#2850=DIRECTION('ref_axis',(-0.998044487338085,0.0625076098891895,0.));
#2851=DIRECTION('center_axis',(0.,0.,-1.));
#2852=DIRECTION('ref_axis',(-0.998044487338085,0.0625076098891895,0.));
#2853=DIRECTION('center_axis',(0.,0.,-1.));
#2854=DIRECTION('ref_axis',(-1.,5.9211894646675E-15,0.));
#2855=DIRECTION('',(0.,0.,1.));
#2856=DIRECTION('center_axis',(0.,1.,0.));
#2857=DIRECTION('ref_axis',(-1.,0.,0.));
#2858=DIRECTION('',(1.,0.,0.));
#2859=DIRECTION('',(1.,0.,0.));
#2860=DIRECTION('center_axis',(0.,0.,1.));
#2861=DIRECTION('ref_axis',(-3.77475828372584E-14,1.,0.));
#2862=DIRECTION('center_axis',(0.,0.,-1.));
#2863=DIRECTION('ref_axis',(-3.77475828372584E-14,1.,0.));
#2864=DIRECTION('',(0.,0.,1.));
#2865=DIRECTION('center_axis',(0.,0.,-1.));
#2866=DIRECTION('ref_axis',(-1.,0.,0.));
#2867=DIRECTION('',(0.,0.,1.));
#2868=DIRECTION('center_axis',(0.,-1.,0.));
#2869=DIRECTION('ref_axis',(1.,0.,0.));
#2870=DIRECTION('',(-1.,0.,0.));
#2871=DIRECTION('',(0.,0.,1.));
#2872=DIRECTION('center_axis',(0.,0.,1.));
#2873=DIRECTION('ref_axis',(-0.998044487338085,0.0625076098891895,0.));
#2874=DIRECTION('center_axis',(0.,0.,-1.));
#2875=DIRECTION('ref_axis',(-0.998044487338085,0.0625076098891895,0.));
#2876=DIRECTION('center_axis',(0.,0.,-1.));
#2877=DIRECTION('ref_axis',(-1.,5.9211894646675E-15,0.));
#2878=DIRECTION('',(0.,0.,1.));
#2879=DIRECTION('center_axis',(0.,1.,0.));
#2880=DIRECTION('ref_axis',(-1.,0.,0.));
#2881=DIRECTION('',(1.,0.,0.));
#2882=DIRECTION('',(1.,0.,0.));
#2883=DIRECTION('center_axis',(0.,0.,1.));
#2884=DIRECTION('ref_axis',(-1.47289587933656E-13,1.,0.));
#2885=DIRECTION('center_axis',(0.,0.,-1.));
#2886=DIRECTION('ref_axis',(-1.47289587933656E-13,1.,0.));
#2887=DIRECTION('',(0.,0.,1.));
#2888=DIRECTION('center_axis',(0.,0.,-1.));
#2889=DIRECTION('ref_axis',(-1.,0.,0.));
#2890=DIRECTION('',(0.,0.,1.));
#2891=DIRECTION('center_axis',(-1.31992240602262E-15,-1.,0.));
#2892=DIRECTION('ref_axis',(1.,-1.31992240602262E-15,0.));
#2893=DIRECTION('',(-1.,1.31992240602262E-15,0.));
#2894=DIRECTION('',(0.,0.,1.));
#2895=DIRECTION('center_axis',(0.,0.,1.));
#2896=DIRECTION('ref_axis',(-0.998044487338102,0.0625076098889165,0.));
#2897=DIRECTION('center_axis',(0.,0.,-1.));
#2898=DIRECTION('ref_axis',(-0.998044487338102,0.0625076098889165,0.));
#2899=DIRECTION('center_axis',(0.,0.,-1.));
#2900=DIRECTION('ref_axis',(-1.,0.,0.));
#2901=DIRECTION('',(0.,0.,1.));
#2902=DIRECTION('center_axis',(0.,1.,0.));
#2903=DIRECTION('ref_axis',(-1.,0.,0.));
#2904=DIRECTION('',(1.,0.,0.));
#2905=DIRECTION('',(1.,0.,0.));
#2906=DIRECTION('center_axis',(0.,0.,1.));
#2907=DIRECTION('ref_axis',(-1.47289587933656E-13,1.,0.));
#2908=DIRECTION('center_axis',(0.,0.,-1.));
#2909=DIRECTION('ref_axis',(-1.47289587933656E-13,1.,0.));
#2910=DIRECTION('',(0.,0.,1.));
#2911=DIRECTION('center_axis',(0.,0.,-1.));
#2912=DIRECTION('ref_axis',(-1.,0.,0.));
#2913=DIRECTION('',(0.,0.,1.));
#2914=DIRECTION('center_axis',(-1.31992240602262E-15,-1.,0.));
#2915=DIRECTION('ref_axis',(1.,-1.31992240602262E-15,0.));
#2916=DIRECTION('',(-1.,1.31992240602262E-15,0.));
#2917=DIRECTION('',(0.,0.,1.));
#2918=DIRECTION('center_axis',(0.,0.,1.));
#2919=DIRECTION('ref_axis',(-0.998044487338102,0.0625076098889165,0.));
#2920=DIRECTION('center_axis',(0.,0.,-1.));
#2921=DIRECTION('ref_axis',(-0.998044487338102,0.0625076098889165,0.));
#2922=DIRECTION('center_axis',(0.,0.,-1.));
#2923=DIRECTION('ref_axis',(-1.,0.,0.));
#2924=DIRECTION('',(0.,0.,1.));
#2925=DIRECTION('center_axis',(0.,1.,0.));
#2926=DIRECTION('ref_axis',(-1.,0.,0.));
#2927=DIRECTION('',(1.,0.,0.));
#2928=DIRECTION('',(1.,0.,0.));
#2929=DIRECTION('center_axis',(0.,0.,1.));
#2930=DIRECTION('ref_axis',(-1.47289587933656E-13,1.,0.));
#2931=DIRECTION('center_axis',(0.,0.,-1.));
#2932=DIRECTION('ref_axis',(-1.47289587933656E-13,1.,0.));
#2933=DIRECTION('',(0.,0.,1.));
#2934=DIRECTION('center_axis',(0.,0.,-1.));
#2935=DIRECTION('ref_axis',(-1.,0.,0.));
#2936=DIRECTION('',(0.,0.,1.));
#2937=DIRECTION('center_axis',(-1.31992240602262E-15,-1.,0.));
#2938=DIRECTION('ref_axis',(1.,-1.31992240602262E-15,0.));
#2939=DIRECTION('',(-1.,1.31992240602262E-15,0.));
#2940=DIRECTION('',(0.,0.,1.));
#2941=DIRECTION('center_axis',(0.,0.,1.));
#2942=DIRECTION('ref_axis',(-0.998044487338102,0.0625076098889165,0.));
#2943=DIRECTION('center_axis',(0.,0.,-1.));
#2944=DIRECTION('ref_axis',(-0.998044487338102,0.0625076098889165,0.));
#2945=DIRECTION('center_axis',(0.,0.,-1.));
#2946=DIRECTION('ref_axis',(-1.,0.,0.));
#2947=DIRECTION('',(0.,0.,1.));
#2948=DIRECTION('center_axis',(0.,1.,0.));
#2949=DIRECTION('ref_axis',(-1.,0.,0.));
#2950=DIRECTION('',(1.,0.,0.));
#2951=DIRECTION('',(1.,0.,0.));
#2952=DIRECTION('center_axis',(0.,0.,1.));
#2953=DIRECTION('ref_axis',(-1.47289587933656E-13,1.,0.));
#2954=DIRECTION('center_axis',(0.,0.,-1.));
#2955=DIRECTION('ref_axis',(-1.47289587933656E-13,1.,0.));
#2956=DIRECTION('',(0.,0.,1.));
#2957=DIRECTION('center_axis',(0.,0.,-1.));
#2958=DIRECTION('ref_axis',(-1.,0.,0.));
#2959=DIRECTION('',(0.,0.,1.));
#2960=DIRECTION('center_axis',(-1.31992240602262E-15,-1.,0.));
#2961=DIRECTION('ref_axis',(1.,-1.31992240602262E-15,0.));
#2962=DIRECTION('',(-1.,1.31992240602262E-15,0.));
#2963=DIRECTION('',(0.,0.,1.));
#2964=DIRECTION('center_axis',(0.,0.,1.));
#2965=DIRECTION('ref_axis',(-0.998044487338102,0.0625076098889165,0.));
#2966=DIRECTION('center_axis',(0.,0.,-1.));
#2967=DIRECTION('ref_axis',(-0.998044487338102,0.0625076098889165,0.));
#2968=DIRECTION('center_axis',(0.,0.,-1.));
#2969=DIRECTION('ref_axis',(-1.,0.,0.));
#2970=DIRECTION('',(0.,0.,1.));
#2971=DIRECTION('center_axis',(0.,1.,0.));
#2972=DIRECTION('ref_axis',(-1.,0.,0.));
#2973=DIRECTION('',(1.,0.,0.));
#2974=DIRECTION('',(1.,0.,0.));
#2975=DIRECTION('center_axis',(0.,0.,1.));
#2976=DIRECTION('ref_axis',(-1.47289587933656E-13,1.,0.));
#2977=DIRECTION('center_axis',(0.,0.,-1.));
#2978=DIRECTION('ref_axis',(-1.47289587933656E-13,1.,0.));
#2979=DIRECTION('',(0.,0.,1.));
#2980=DIRECTION('center_axis',(0.,0.,-1.));
#2981=DIRECTION('ref_axis',(-1.,0.,0.));
#2982=DIRECTION('',(0.,0.,1.));
#2983=DIRECTION('center_axis',(-1.31992240602262E-15,-1.,0.));
#2984=DIRECTION('ref_axis',(1.,-1.31992240602262E-15,0.));
#2985=DIRECTION('',(-1.,1.31992240602262E-15,0.));
#2986=DIRECTION('',(0.,0.,1.));
#2987=DIRECTION('center_axis',(0.,0.,1.));
#2988=DIRECTION('ref_axis',(-0.998044487338102,0.0625076098889165,0.));
#2989=DIRECTION('center_axis',(0.,0.,-1.));
#2990=DIRECTION('ref_axis',(-0.998044487338102,0.0625076098889165,0.));
#2991=DIRECTION('center_axis',(0.,0.,-1.));
#2992=DIRECTION('ref_axis',(-1.,0.,0.));
#2993=DIRECTION('',(0.,0.,1.));
#2994=DIRECTION('center_axis',(0.,1.,0.));
#2995=DIRECTION('ref_axis',(-1.,0.,0.));
#2996=DIRECTION('',(1.,0.,0.));
#2997=DIRECTION('',(1.,0.,0.));
#2998=DIRECTION('center_axis',(-1.,0.,0.));
#2999=DIRECTION('ref_axis',(0.,-1.,-7.21867010611292E-11));
#3000=DIRECTION('center_axis',(1.,0.,0.));
#3001=DIRECTION('ref_axis',(0.,-0.923879532525097,0.38268343233175));
#3002=DIRECTION('center_axis',(-1.,0.,0.));
#3003=DIRECTION('ref_axis',(0.,-1.,-7.22089055216217E-11));
#3004=DIRECTION('',(-1.,0.,0.));
#3005=DIRECTION('',(1.,0.,0.));
#3006=DIRECTION('center_axis',(0.,-1.,-7.21982473805838E-11));
#3007=DIRECTION('ref_axis',(1.,0.,0.));
#3008=DIRECTION('',(-1.,0.,0.));
#3009=DIRECTION('',(-1.,-2.35124661880482E-24,3.25665331792685E-14));
#3010=DIRECTION('',(-1.,0.,0.));
#3011=DIRECTION('',(0.,-0.707106781186548,-0.707106781186548));
#3012=DIRECTION('center_axis',(0.,0.,-1.));
#3013=DIRECTION('ref_axis',(-1.,5.9211894646675E-15,0.));
#3014=DIRECTION('center_axis',(0.999999999999909,-3.0752735398229E-17,4.25885632472586E-7));
#3015=DIRECTION('ref_axis',(0.,-1.,-7.22089055216217E-11));
#3016=DIRECTION('center_axis',(-1.,-2.35124661880482E-24,3.25665331792685E-14));
#3017=DIRECTION('ref_axis',(0.,-0.382683432331839,-0.92387953252506));
#3018=DIRECTION('center_axis',(1.,2.26749316002248E-24,-3.14018491714089E-14));
#3019=DIRECTION('ref_axis',(0.,-1.,-7.22089055216217E-11));
#3020=DIRECTION('',(1.,2.35124661880482E-24,-3.25665331792685E-14));
#3021=DIRECTION('',(0.,-0.707106781186548,-0.707106781186548));
#3022=DIRECTION('center_axis',(-2.302801645246E-14,0.707106781186548,-0.707106781186548));
#3023=DIRECTION('ref_axis',(1.,3.25665331816198E-14,0.));
#3024=DIRECTION('',(0.,-0.707106781186548,-0.707106781186548));
#3025=DIRECTION('center_axis',(0.,0.,-1.));
#3026=DIRECTION('ref_axis',(-1.,0.,0.));
#3027=DIRECTION('',(0.,-0.707106781186548,-0.707106781186548));
#3028=DIRECTION('center_axis',(0.,-0.707106781186548,0.707106781186548));
#3029=DIRECTION('ref_axis',(-1.,0.,0.));
#3030=DIRECTION('center_axis',(0.,0.,-1.));
#3031=DIRECTION('ref_axis',(-1.,0.,0.));
#3032=DIRECTION('',(-1.,0.,0.));
#3033=DIRECTION('center_axis',(-1.,0.,0.));
#3034=DIRECTION('ref_axis',(0.,-1.,-7.21867010611292E-11));
#3035=DIRECTION('center_axis',(1.,0.,0.));
#3036=DIRECTION('ref_axis',(0.,-0.923879532525097,0.38268343233175));
#3037=DIRECTION('center_axis',(-1.,0.,0.));
#3038=DIRECTION('ref_axis',(0.,-1.,-7.22089055216217E-11));
#3039=DIRECTION('',(-1.,0.,0.));
#3040=DIRECTION('',(1.,0.,0.));
#3041=DIRECTION('center_axis',(0.,-1.,-7.21982473805838E-11));
#3042=DIRECTION('ref_axis',(1.,0.,0.));
#3043=DIRECTION('',(-1.,-2.35124661880482E-24,3.25665331792685E-14));
#3044=DIRECTION('',(0.,-0.707106781186548,-0.707106781186548));
#3045=DIRECTION('center_axis',(0.999999999999909,-3.0752735398229E-17,4.25885632472586E-7));
#3046=DIRECTION('ref_axis',(0.,-1.,-7.22089055216217E-11));
#3047=DIRECTION('center_axis',(-1.,-2.35124661880482E-24,3.25665331792685E-14));
#3048=DIRECTION('ref_axis',(0.,-0.382683432331839,-0.92387953252506));
#3049=DIRECTION('center_axis',(1.,2.26749316002248E-24,-3.14018491714089E-14));
#3050=DIRECTION('ref_axis',(0.,-1.,-7.22089055216217E-11));
#3051=DIRECTION('',(1.,2.35124661880482E-24,-3.25665331792685E-14));
#3052=DIRECTION('',(0.,-0.707106781186548,-0.707106781186548));
#3053=DIRECTION('center_axis',(-2.302801645246E-14,0.707106781186548,-0.707106781186548));
#3054=DIRECTION('ref_axis',(1.,3.25665331816198E-14,0.));
#3055=DIRECTION('',(0.,-0.707106781186548,-0.707106781186548));
#3056=DIRECTION('',(0.,-0.707106781186548,-0.707106781186548));
#3057=DIRECTION('center_axis',(0.,-0.707106781186548,0.707106781186548));
#3058=DIRECTION('ref_axis',(-1.,0.,0.));
#3059=DIRECTION('center_axis',(-1.,0.,0.));
#3060=DIRECTION('ref_axis',(0.,-1.,0.));
#3061=DIRECTION('center_axis',(1.,0.,0.));
#3062=DIRECTION('ref_axis',(0.,-0.923879532511277,0.382683432365113));
#3063=DIRECTION('center_axis',(-1.,0.,0.));
#3064=DIRECTION('ref_axis',(0.,-1.,0.));
#3065=DIRECTION('',(-1.,0.,0.));
#3066=DIRECTION('',(1.,0.,0.));
#3067=DIRECTION('center_axis',(0.,1.,0.));
#3068=DIRECTION('ref_axis',(1.,0.,0.));
#3069=DIRECTION('',(-1.,0.,0.));
#3070=DIRECTION('',(0.,-0.707106781186548,-0.707106781186547));
#3071=DIRECTION('center_axis',(0.999999999999588,0.,-9.07702605858665E-7));
#3072=DIRECTION('ref_axis',(0.,-1.,0.));
#3073=DIRECTION('center_axis',(-1.,0.,0.));
#3074=DIRECTION('ref_axis',(0.,-0.382683432364977,-0.923879532511334));
#3075=DIRECTION('center_axis',(1.,0.,0.));
#3076=DIRECTION('ref_axis',(0.,-1.,0.));
#3077=DIRECTION('',(1.,0.,0.));
#3078=DIRECTION('',(0.,-0.707106781186548,-0.707106781186547));
#3079=DIRECTION('center_axis',(0.,0.707106781186547,-0.707106781186548));
#3080=DIRECTION('ref_axis',(1.,0.,0.));
#3081=DIRECTION('',(0.,-0.707106781186548,-0.707106781186547));
#3082=DIRECTION('center_axis',(0.,-0.707106781186547,0.707106781186548));
#3083=DIRECTION('ref_axis',(-1.,0.,0.));
#3084=DIRECTION('',(0.,-0.707106781186548,-0.707106781186547));
#3085=DIRECTION('center_axis',(-1.,0.,0.));
#3086=DIRECTION('ref_axis',(0.,-1.,0.));
#3087=DIRECTION('center_axis',(1.,0.,0.));
#3088=DIRECTION('ref_axis',(0.,-0.923879532511277,0.382683432365113));
#3089=DIRECTION('center_axis',(-1.,0.,0.));
#3090=DIRECTION('ref_axis',(0.,-1.,0.));
#3091=DIRECTION('',(-1.,0.,0.));
#3092=DIRECTION('',(1.,0.,0.));
#3093=DIRECTION('center_axis',(0.,1.,0.));
#3094=DIRECTION('ref_axis',(1.,0.,0.));
#3095=DIRECTION('',(-1.,0.,0.));
#3096=DIRECTION('',(0.,-0.707106781186548,-0.707106781186547));
#3097=DIRECTION('center_axis',(0.999999999999588,0.,-9.07702605858665E-7));
#3098=DIRECTION('ref_axis',(0.,-1.,0.));
#3099=DIRECTION('center_axis',(-1.,0.,0.));
#3100=DIRECTION('ref_axis',(0.,-0.382683432364977,-0.923879532511334));
#3101=DIRECTION('center_axis',(1.,0.,0.));
#3102=DIRECTION('ref_axis',(0.,-1.,0.));
#3103=DIRECTION('',(1.,0.,0.));
#3104=DIRECTION('',(0.,-0.707106781186548,-0.707106781186547));
#3105=DIRECTION('center_axis',(0.,0.707106781186547,-0.707106781186548));
#3106=DIRECTION('ref_axis',(1.,0.,0.));
#3107=DIRECTION('',(0.,-0.707106781186548,-0.707106781186547));
#3108=DIRECTION('center_axis',(0.,-0.707106781186547,0.707106781186548));
#3109=DIRECTION('ref_axis',(-1.,0.,0.));
#3110=DIRECTION('',(0.,-0.707106781186548,-0.707106781186547));
#3111=DIRECTION('center_axis',(-1.,0.,0.));
#3112=DIRECTION('ref_axis',(0.,-1.,0.));
#3113=DIRECTION('center_axis',(1.,0.,0.));
#3114=DIRECTION('ref_axis',(0.,-0.923879532511277,0.382683432365113));
#3115=DIRECTION('center_axis',(-1.,0.,0.));
#3116=DIRECTION('ref_axis',(0.,-1.,0.));
#3117=DIRECTION('',(-1.,0.,0.));
#3118=DIRECTION('',(1.,0.,0.));
#3119=DIRECTION('center_axis',(0.,1.,0.));
#3120=DIRECTION('ref_axis',(1.,0.,0.));
#3121=DIRECTION('',(-1.,0.,0.));
#3122=DIRECTION('',(0.,-0.707106781186548,-0.707106781186547));
#3123=DIRECTION('center_axis',(0.999999999999588,0.,-9.07702605858665E-7));
#3124=DIRECTION('ref_axis',(0.,-1.,0.));
#3125=DIRECTION('center_axis',(-1.,0.,0.));
#3126=DIRECTION('ref_axis',(0.,-0.382683432364977,-0.923879532511334));
#3127=DIRECTION('center_axis',(1.,0.,0.));
#3128=DIRECTION('ref_axis',(0.,-1.,0.));
#3129=DIRECTION('',(1.,0.,0.));
#3130=DIRECTION('',(0.,-0.707106781186548,-0.707106781186547));
#3131=DIRECTION('center_axis',(0.,0.707106781186547,-0.707106781186548));
#3132=DIRECTION('ref_axis',(1.,0.,0.));
#3133=DIRECTION('',(0.,-0.707106781186548,-0.707106781186547));
#3134=DIRECTION('center_axis',(0.,-0.707106781186547,0.707106781186548));
#3135=DIRECTION('ref_axis',(-1.,0.,0.));
#3136=DIRECTION('',(0.,-0.707106781186548,-0.707106781186547));
#3137=DIRECTION('center_axis',(-1.,0.,0.));
#3138=DIRECTION('ref_axis',(0.,-1.,0.));
#3139=DIRECTION('center_axis',(1.,0.,0.));
#3140=DIRECTION('ref_axis',(0.,-0.923879532511277,0.382683432365113));
#3141=DIRECTION('center_axis',(-1.,0.,0.));
#3142=DIRECTION('ref_axis',(0.,-1.,0.));
#3143=DIRECTION('',(-1.,0.,0.));
#3144=DIRECTION('',(1.,0.,0.));
#3145=DIRECTION('center_axis',(0.,1.,0.));
#3146=DIRECTION('ref_axis',(1.,0.,0.));
#3147=DIRECTION('',(-1.,0.,0.));
#3148=DIRECTION('',(0.,-0.707106781186548,-0.707106781186547));
#3149=DIRECTION('center_axis',(0.999999999999588,0.,-9.07702605858665E-7));
#3150=DIRECTION('ref_axis',(0.,-1.,0.));
#3151=DIRECTION('center_axis',(-1.,0.,0.));
#3152=DIRECTION('ref_axis',(0.,-0.382683432364977,-0.923879532511334));
#3153=DIRECTION('center_axis',(1.,0.,0.));
#3154=DIRECTION('ref_axis',(0.,-1.,0.));
#3155=DIRECTION('',(1.,0.,0.));
#3156=DIRECTION('',(0.,-0.707106781186548,-0.707106781186547));
#3157=DIRECTION('center_axis',(0.,0.707106781186547,-0.707106781186548));
#3158=DIRECTION('ref_axis',(1.,0.,0.));
#3159=DIRECTION('',(0.,-0.707106781186548,-0.707106781186547));
#3160=DIRECTION('center_axis',(0.,-0.707106781186547,0.707106781186548));
#3161=DIRECTION('ref_axis',(-1.,0.,0.));
#3162=DIRECTION('',(0.,-0.707106781186548,-0.707106781186547));
#3163=DIRECTION('center_axis',(-1.,0.,0.));
#3164=DIRECTION('ref_axis',(0.,-1.,0.));
#3165=DIRECTION('center_axis',(1.,0.,0.));
#3166=DIRECTION('ref_axis',(0.,-0.923879532511277,0.382683432365113));
#3167=DIRECTION('center_axis',(-1.,0.,0.));
#3168=DIRECTION('ref_axis',(0.,-1.,0.));
#3169=DIRECTION('',(-1.,0.,0.));
#3170=DIRECTION('',(1.,0.,0.));
#3171=DIRECTION('center_axis',(0.,1.,0.));
#3172=DIRECTION('ref_axis',(1.,0.,0.));
#3173=DIRECTION('',(-1.,0.,0.));
#3174=DIRECTION('',(0.,-0.707106781186548,-0.707106781186547));
#3175=DIRECTION('center_axis',(0.999999999999588,0.,-9.07702605858665E-7));
#3176=DIRECTION('ref_axis',(0.,-1.,0.));
#3177=DIRECTION('center_axis',(-1.,0.,0.));
#3178=DIRECTION('ref_axis',(0.,-0.382683432364977,-0.923879532511334));
#3179=DIRECTION('center_axis',(1.,0.,0.));
#3180=DIRECTION('ref_axis',(0.,-1.,0.));
#3181=DIRECTION('',(1.,0.,0.));
#3182=DIRECTION('',(0.,-0.707106781186548,-0.707106781186547));
#3183=DIRECTION('center_axis',(0.,0.707106781186547,-0.707106781186548));
#3184=DIRECTION('ref_axis',(1.,0.,0.));
#3185=DIRECTION('',(0.,-0.707106781186548,-0.707106781186547));
#3186=DIRECTION('center_axis',(0.,-0.707106781186547,0.707106781186548));
#3187=DIRECTION('ref_axis',(-1.,0.,0.));
#3188=DIRECTION('',(0.,-0.707106781186548,-0.707106781186547));
#3189=DIRECTION('center_axis',(0.707106781186548,1.80311571224903E-10,-0.707106781186547));
#3190=DIRECTION('ref_axis',(-0.707106781186547,0.,-0.707106781186548));
#3191=DIRECTION('',(-0.707106781186547,-1.80307091892343E-10,-0.707106781186548));
#3192=DIRECTION('',(0.707106781186547,1.80307091892343E-10,0.707106781186548));
#3193=DIRECTION('',(2.54999069479059E-10,-1.,0.));
#3194=DIRECTION('center_axis',(0.,0.,1.));
#3195=DIRECTION('ref_axis',(0.707106781276704,-0.707106781096391,0.));
#3196=DIRECTION('center_axis',(0.,0.,-1.));
#3197=DIRECTION('ref_axis',(0.707106781276704,-0.707106781096391,0.));
#3198=DIRECTION('',(0.,0.707106781186547,-0.707106781186547));
#3199=DIRECTION('center_axis',(0.,-0.707106781186549,-0.707106781186546));
#3200=DIRECTION('ref_axis',(-1.,0.,0.));
#3201=DIRECTION('',(0.,0.707106781186546,-0.707106781186549));
#3202=DIRECTION('',(-1.,0.,0.));
#3203=DIRECTION('center_axis',(0.,0.,1.));
#3204=DIRECTION('ref_axis',(-0.707106781186546,-0.707106781186549,0.));
#3205=DIRECTION('center_axis',(0.,0.,-1.));
#3206=DIRECTION('ref_axis',(-0.707106781186546,-0.707106781186549,0.));
#3207=DIRECTION('',(0.707106781186546,0.,-0.707106781186549));
#3208=DIRECTION('center_axis',(-0.707106781186548,3.58878276270577E-16,
-0.707106781186548));
#3209=DIRECTION('ref_axis',(-0.707106781186548,0.,0.707106781186548));
#3210=DIRECTION('',(0.707106781186546,0.,-0.707106781186549));
#3211=DIRECTION('',(5.07530525542929E-16,1.,0.));
#3212=DIRECTION('center_axis',(0.,0.,1.));
#3213=DIRECTION('ref_axis',(-0.707106781186546,0.707106781186549,0.));
#3214=DIRECTION('center_axis',(0.,0.,-1.));
#3215=DIRECTION('ref_axis',(-0.707106781186546,0.707106781186549,0.));
#3216=DIRECTION('',(0.,-0.707106781186552,-0.707106781186543));
#3217=DIRECTION('center_axis',(0.,0.707106781186549,-0.707106781186546));
#3218=DIRECTION('ref_axis',(-1.,0.,0.));
#3219=DIRECTION('',(0.,-0.707106781186546,-0.707106781186549));
#3220=DIRECTION('',(1.,0.,0.));
#3221=DIRECTION('center_axis',(0.,0.,1.));
#3222=DIRECTION('ref_axis',(0.70710678109639,0.707106781276705,0.));
#3223=DIRECTION('center_axis',(0.,0.,-1.));
#3224=DIRECTION('ref_axis',(0.70710678109639,0.707106781276705,0.));
#3225=DIRECTION('center_axis',(0.,0.,-1.));
#3226=DIRECTION('ref_axis',(-0.707106781186546,-0.707106781186549,0.));
#3227=DIRECTION('',(0.,0.,1.));
#3228=DIRECTION('center_axis',(0.,0.,-1.));
#3229=DIRECTION('ref_axis',(-0.707106781186546,-0.707106781186549,0.));
#3230=DIRECTION('',(0.,0.,-1.));
#3231=DIRECTION('center_axis',(0.,-1.,0.));
#3232=DIRECTION('ref_axis',(-1.,0.,0.));
#3233=DIRECTION('',(0.,0.,-1.));
#3234=DIRECTION('',(1.,0.,0.));
#3235=DIRECTION('center_axis',(0.,0.,-1.));
#3236=DIRECTION('ref_axis',(0.707106781276704,-0.707106781096391,0.));
#3237=DIRECTION('',(0.,0.,1.));
#3238=DIRECTION('center_axis',(0.,0.,-1.));
#3239=DIRECTION('ref_axis',(0.707106781276704,-0.707106781096391,0.));
#3240=DIRECTION('center_axis',(1.,2.54999069479059E-10,0.));
#3241=DIRECTION('ref_axis',(2.54999069479059E-10,-1.,0.));
#3242=DIRECTION('',(0.,0.,-1.));
#3243=DIRECTION('',(-2.54999069479059E-10,1.,0.));
#3244=DIRECTION('center_axis',(0.,0.,-1.));
#3245=DIRECTION('ref_axis',(-1.,0.,0.));
#3246=DIRECTION('center_axis',(0.,0.,-1.));
#3247=DIRECTION('ref_axis',(0.70710678109639,0.707106781276705,0.));
#3248=DIRECTION('',(-1.,0.,0.));
#3249=DIRECTION('center_axis',(0.,0.,-1.));
#3250=DIRECTION('ref_axis',(-0.707106781186546,0.707106781186549,0.));
#3251=DIRECTION('',(-5.07530525542929E-16,-1.,0.));
#3252=DIRECTION('center_axis',(0.,0.,-1.));
#3253=DIRECTION('ref_axis',(-0.707106781186546,0.707106781186549,0.));
#3254=DIRECTION('',(0.,0.,1.));
#3255=DIRECTION('',(0.,0.,-1.));
#3256=DIRECTION('center_axis',(0.,1.,0.));
#3257=DIRECTION('ref_axis',(1.,0.,0.));
#3258=DIRECTION('',(0.,0.,1.));
#3259=DIRECTION('center_axis',(0.,0.,-1.));
#3260=DIRECTION('ref_axis',(0.70710678109639,0.707106781276705,0.));
#3261=DIRECTION('center_axis',(-1.,5.07530525542929E-16,0.));
#3262=DIRECTION('ref_axis',(5.07530525542929E-16,1.,0.));
#3263=CARTESIAN_POINT('',(0.,0.,0.));
#3264=CARTESIAN_POINT('Origin',(-72.2000000025619,194.000000009541,-41.9));
#3265=CARTESIAN_POINT('',(-68.2000000025619,194.000000009541,-42.9));
#3266=CARTESIAN_POINT('Origin',(-72.2000000025619,194.000000009541,-42.9));
#3267=CARTESIAN_POINT('',(-70.2000000025619,194.000000009541,-40.9));
#3268=CARTESIAN_POINT('',(-69.2000000025619,194.000000009541,-41.9));
#3269=CARTESIAN_POINT('Origin',(-72.2000000025619,194.000000009541,-40.9));
#3270=CARTESIAN_POINT('Origin',(-47.1999999981,219.000000005079,-42.9));
#3271=CARTESIAN_POINT('',(-14.89999999963,190.000000005921,-42.9));
#3272=CARTESIAN_POINT('',(-14.90000001442,248.000000005921,-42.9));
#3273=CARTESIAN_POINT('',(-14.9000000114875,236.500000008853,-42.9));
#3274=CARTESIAN_POINT('',(-18.19999999963,186.700000005079,-42.9));
#3275=CARTESIAN_POINT('Origin',(-18.19999999963,190.000000005079,-42.9));
#3276=CARTESIAN_POINT('',(-76.1999999981,186.700000005079,-42.9));
#3277=CARTESIAN_POINT('',(-29.6999999981,186.700000005079,-42.9));
#3278=CARTESIAN_POINT('',(-79.4999999981,190.000000005079,-42.9));
#3279=CARTESIAN_POINT('Origin',(-76.1999999981,190.000000005079,-42.9));
#3280=CARTESIAN_POINT('',(-79.4999999981,248.000000005079,-42.9));
#3281=CARTESIAN_POINT('',(-79.4999999981,201.500000005079,-42.9));
#3282=CARTESIAN_POINT('',(-76.1999999981,251.300000005079,-42.9));
#3283=CARTESIAN_POINT('Origin',(-76.1999999981,248.000000005079,-42.9));
#3284=CARTESIAN_POINT('',(-18.20000001442,251.300000005079,-42.9));
#3285=CARTESIAN_POINT('',(-64.6999999981,251.300000005079,-42.9));
#3286=CARTESIAN_POINT('Origin',(-18.20000001442,248.000000005079,-42.9));
#3287=CARTESIAN_POINT('',(-18.2000000025619,194.000000009541,-42.9));
#3288=CARTESIAN_POINT('Origin',(-22.2000000025619,194.000000009541,-42.9));
#3289=CARTESIAN_POINT('',(-18.2000000025619,244.000000009541,-42.9));
#3290=CARTESIAN_POINT('Origin',(-22.2000000025619,244.000000009541,-42.9));
#3291=CARTESIAN_POINT('',(-65.1142616393912,190.565001381177,-42.9));
#3292=CARTESIAN_POINT('',(-29.2821020731922,190.565001381177,-42.9));
#3293=CARTESIAN_POINT('',(-56.1571308187456,190.565001381177,-42.9));
#3294=CARTESIAN_POINT('',(-29.2099149322631,189.940047040512,-42.9));
#3295=CARTESIAN_POINT('Origin',(-35.1981818562916,189.565001381177,-42.9));
#3296=CARTESIAN_POINT('',(-28.8099579567718,189.565001381177,-42.9));
#3297=CARTESIAN_POINT('Ctrl Pts',(-29.2099150372831,189.940047421774,-42.9000001782992));
#3298=CARTESIAN_POINT('Ctrl Pts',(-29.2085385668673,189.918095533906,-42.8999997058945));
#3299=CARTESIAN_POINT('Ctrl Pts',(-29.2052672413011,189.896370460371,-42.9000044859036));
#3300=CARTESIAN_POINT('Ctrl Pts',(-29.2002477537878,189.875064362219,-42.9000095262501));
#3301=CARTESIAN_POINT('Ctrl Pts',(-29.1951097029953,189.853255001363,-42.9000146856527));
#3302=CARTESIAN_POINT('Ctrl Pts',(-29.188139484961,189.831883294817,-42.9000201360389));
#3303=CARTESIAN_POINT('Ctrl Pts',(-29.1794420289441,189.811165071899,-42.9000227548734));
#3304=CARTESIAN_POINT('Ctrl Pts',(-29.1765603943763,189.804300725907,-42.9000236225437));
#3305=CARTESIAN_POINT('Ctrl Pts',(-29.1734887673637,189.79750828194,-42.900024195971));
#3306=CARTESIAN_POINT('Ctrl Pts',(-29.1702298668003,189.790796220155,-42.9000244080955));
#3307=CARTESIAN_POINT('Ctrl Pts',(-29.1604146687988,189.770580747439,-42.9000250469749));
#3308=CARTESIAN_POINT('Ctrl Pts',(-29.1489848346255,189.751258797418,-42.900022603157));
#3309=CARTESIAN_POINT('Ctrl Pts',(-29.1360639133813,189.733035131198,-42.9000184942094));
#3310=CARTESIAN_POINT('Ctrl Pts',(-29.1233407632502,189.715090401339,-42.9000144481543));
#3311=CARTESIAN_POINT('Ctrl Pts',(-29.1091710844142,189.698209403857,-42.9000088210589));
#3312=CARTESIAN_POINT('Ctrl Pts',(-29.0936314812945,189.682614734798,-42.9000052621047));
#3313=CARTESIAN_POINT('Ctrl Pts',(-29.0906207936053,189.679593378474,-42.9000045725826));
#3314=CARTESIAN_POINT('Ctrl Pts',(-29.0875585765024,189.676620419769,-42.9000039668365));
#3315=CARTESIAN_POINT('Ctrl Pts',(-29.0844452387879,189.673697655732,-42.9000034799559));
#3316=CARTESIAN_POINT('Ctrl Pts',(-29.0821256762278,189.671520078273,-42.9000031172101));
#3317=CARTESIAN_POINT('Ctrl Pts',(-29.0797777361739,189.669370364688,-42.9000028205066));
#3318=CARTESIAN_POINT('Ctrl Pts',(-29.077402020643,189.667248805668,-42.9000025779508));
#3319=CARTESIAN_POINT('Ctrl Pts',(-29.0609841040941,189.652587294858,-42.9000009017143));
#3320=CARTESIAN_POINT('Ctrl Pts',(-29.0433695803002,189.639380543548,-42.9000019918611));
#3321=CARTESIAN_POINT('Ctrl Pts',(-29.0247929437938,189.627680125922,-42.9000029145503));
#3322=CARTESIAN_POINT('Ctrl Pts',(-29.0058498233101,189.615748879878,-42.9000038554425));
#3323=CARTESIAN_POINT('Ctrl Pts',(-28.985904993954,189.605383306195,-42.9000046858865));
#3324=CARTESIAN_POINT('Ctrl Pts',(-28.965177417911,189.596681613138,-42.9000048091493));
#3325=CARTESIAN_POINT('Ctrl Pts',(-28.9612049104561,189.595013905324,-42.900004832773));
#3326=CARTESIAN_POINT('Ctrl Pts',(-28.9572035989237,189.593407457504,-42.9000048360314));
#3327=CARTESIAN_POINT('Ctrl Pts',(-28.9531749644999,189.591863172549,-42.9000048218955));
#3328=CARTESIAN_POINT('Ctrl Pts',(-28.9321622737842,189.583808437685,-42.900004748165));
#3329=CARTESIAN_POINT('Ctrl Pts',(-28.9105669211791,189.577501944939,-42.9000042647037));
#3330=CARTESIAN_POINT('Ctrl Pts',(-28.8886150494488,189.573021715029,-42.9000032089932));
#3331=CARTESIAN_POINT('Ctrl Pts',(-28.867099169813,189.568630468183,-42.9000021742504));
#3332=CARTESIAN_POINT('Ctrl Pts',(-28.8452394666316,189.565993307174,-42.9000006701397));
#3333=CARTESIAN_POINT('Ctrl Pts',(-28.8232381732341,189.565231617723,-42.9000001612342));
#3334=CARTESIAN_POINT('Ctrl Pts',(-28.8188165985476,189.565078541868,-42.90000005896));
#3335=CARTESIAN_POINT('Ctrl Pts',(-28.8143893064567,189.565001381177,-42.9));
#3336=CARTESIAN_POINT('Ctrl Pts',(-28.8099579567718,189.565001381177,-42.9));
#3337=CARTESIAN_POINT('',(-27.1987009095027,189.565001381177,-42.9));
#3338=CARTESIAN_POINT('',(-46.20000000626,189.565001381177,-42.9));
#3339=CARTESIAN_POINT('',(-26.7986734277519,189.984950374965,-42.9));
#3340=CARTESIAN_POINT('Ctrl Pts',(-27.1987012526241,189.565001381177,-42.8999998976597));
#3341=CARTESIAN_POINT('Ctrl Pts',(-27.1764814095523,189.565001220494,-42.8999998997693));
#3342=CARTESIAN_POINT('Ctrl Pts',(-27.1543542258427,189.566879771812,-42.9000000243586));
#3343=CARTESIAN_POINT('Ctrl Pts',(-27.1325396242244,189.570545434083,-42.9000000419961));
#3344=CARTESIAN_POINT('Ctrl Pts',(-27.1105841555594,189.574234767243,-42.9000000597474));
#3345=CARTESIAN_POINT('Ctrl Pts',(-27.0889439272879,189.579734654235,-42.9000000449347));
#3346=CARTESIAN_POINT('Ctrl Pts',(-27.0678494973207,189.587002788361,-42.9000001654512));
#3347=CARTESIAN_POINT('Ctrl Pts',(-27.0606730134665,189.589475462298,-42.9000002064518));
#3348=CARTESIAN_POINT('Ctrl Pts',(-27.0535598496949,189.59215320949,-42.9000002613677));
#3349=CARTESIAN_POINT('Ctrl Pts',(-27.0465196977523,189.595035613087,-42.9000003230541));
#3350=CARTESIAN_POINT('Ctrl Pts',(-27.0373967296427,189.598770770553,-42.9000004029904));
#3351=CARTESIAN_POINT('Ctrl Pts',(-27.0284287340917,189.602836276154,-42.9000004778016));
#3352=CARTESIAN_POINT('Ctrl Pts',(-27.019634478511,189.607225679882,-42.900000422767));
#3353=CARTESIAN_POINT('Ctrl Pts',(-26.9996289073787,189.617210894401,-42.9000002975717));
#3354=CARTESIAN_POINT('Ctrl Pts',(-26.9805206461419,189.628869074355,-42.8999995787722));
#3355=CARTESIAN_POINT('Ctrl Pts',(-26.9624832783171,189.642033872688,-42.8999994445295));
#3356=CARTESIAN_POINT('Ctrl Pts',(-26.9465024532991,189.653697677551,-42.8999993255925));
#3357=CARTESIAN_POINT('Ctrl Pts',(-26.9313619555554,189.66654530181,-42.8999996868047));
#3358=CARTESIAN_POINT('Ctrl Pts',(-26.9172042779458,189.680487377173,-42.9000003505619));
#3359=CARTESIAN_POINT('Ctrl Pts',(-26.9031853843885,189.694292781977,-42.9000010078124));
#3360=CARTESIAN_POINT('Ctrl Pts',(-26.8902306182063,189.709072504425,-42.9000018416484));
#3361=CARTESIAN_POINT('Ctrl Pts',(-26.8784570696457,189.724718095399,-42.9000016560001));
#3362=CARTESIAN_POINT('Ctrl Pts',(-26.865047888541,189.742537239881,-42.9000014445608));
#3363=CARTESIAN_POINT('Ctrl Pts',(-26.8531693693713,189.761479800985,-42.9000000082376));
#3364=CARTESIAN_POINT('Ctrl Pts',(-26.8429120427274,189.781327779486,-42.8999994344378));
#3365=CARTESIAN_POINT('Ctrl Pts',(-26.8383275704294,189.790198756376,-42.8999991779801));
#3366=CARTESIAN_POINT('Ctrl Pts',(-26.8340675525387,189.799250947545,-42.8999990578879));
#3367=CARTESIAN_POINT('Ctrl Pts',(-26.8301432204791,189.808466082139,-42.8999990733734));
#3368=CARTESIAN_POINT('Ctrl Pts',(-26.8213905986306,189.829019029023,-42.8999991079113));
#3369=CARTESIAN_POINT('Ctrl Pts',(-26.8143610661761,189.850248732613,-42.9000001244423));
#3370=CARTESIAN_POINT('Ctrl Pts',(-26.8091483203032,189.871938082253,-42.9000009281237));
#3371=CARTESIAN_POINT('Ctrl Pts',(-26.8074907488051,189.878834955542,-42.9000011836817));
#3372=CARTESIAN_POINT('Ctrl Pts',(-26.806017249488,189.885778437035,-42.9000013942926));
#3373=CARTESIAN_POINT('Ctrl Pts',(-26.8047319153858,189.892761804871,-42.9000014532718));
#3374=CARTESIAN_POINT('Ctrl Pts',(-26.8046006934241,189.893474748864,-42.9000014592931));
#3375=CARTESIAN_POINT('Ctrl Pts',(-26.8044714331341,189.894188108618,-42.9000014637038));
#3376=CARTESIAN_POINT('Ctrl Pts',(-26.8043441347022,189.894901876055,-42.9000014665949));
#3377=CARTESIAN_POINT('Ctrl Pts',(-26.8004250938261,189.916876096153,-42.9000015555997));
#3378=CARTESIAN_POINT('Ctrl Pts',(-26.7983797931076,189.939131388408,-42.9000004777285));
#3379=CARTESIAN_POINT('Ctrl Pts',(-26.7981873394473,189.961428287279,-42.9000001599122));
#3380=CARTESIAN_POINT('Ctrl Pts',(-26.7981196781954,189.969267244925,-42.900000048177));
#3381=CARTESIAN_POINT('Ctrl Pts',(-26.7982815030918,189.977111405231,-42.8999999998837));
#3382=CARTESIAN_POINT('Ctrl Pts',(-26.7986734277592,189.984950374963,-42.8999999999962));
#3383=CARTESIAN_POINT('',(-35.1981794684926,197.975001381177,-42.9));
#3384=CARTESIAN_POINT('Origin',(-35.1981818562916,189.565001381177,-42.9));
#3385=CARTESIAN_POINT('',(-59.1981860082503,197.975001381176,-42.9));
#3386=CARTESIAN_POINT('',(-53.1990930031748,197.975001381176,-42.9));
#3387=CARTESIAN_POINT('',(-67.5976903474064,189.9849503158,-42.9));
#3388=CARTESIAN_POINT('Origin',(-59.1981818562916,189.565001381177,-42.9));
#3389=CARTESIAN_POINT('',(-67.1976628658259,189.565001381177,-42.9));
#3390=CARTESIAN_POINT('Ctrl Pts',(-67.5976903473991,189.984950315798,-42.8999999999961));
#3391=CARTESIAN_POINT('Ctrl Pts',(-67.5988086238009,189.962583361829,-42.8999999996752));
#3392=CARTESIAN_POINT('Ctrl Pts',(-67.5980554909075,189.940212701673,-42.9000004182951));
#3393=CARTESIAN_POINT('Ctrl Pts',(-67.595447369273,189.91807724088,-42.9000008703732));
#3394=CARTESIAN_POINT('Ctrl Pts',(-67.594448518153,189.909599864092,-42.9000010435088));
#3395=CARTESIAN_POINT('Ctrl Pts',(-67.5931770522096,189.901156911909,-42.9000011864721));
#3396=CARTESIAN_POINT('Ctrl Pts',(-67.5916318750087,189.89276180018,-42.9000011465614));
#3397=CARTESIAN_POINT('Ctrl Pts',(-67.5878427529947,189.872175098121,-42.9000010486914));
#3398=CARTESIAN_POINT('Ctrl Pts',(-67.5824102285415,189.851874893416,-42.9000000160786));
#3399=CARTESIAN_POINT('Ctrl Pts',(-67.5753992194984,189.832044788195,-42.8999994497117));
#3400=CARTESIAN_POINT('Ctrl Pts',(-67.567927945317,189.810912858078,-42.8999988461633));
#3401=CARTESIAN_POINT('Ctrl Pts',(-67.5587259820607,189.790487923747,-42.8999988928727));
#3402=CARTESIAN_POINT('Ctrl Pts',(-67.5479102972992,189.770978363893,-42.8999997105319));
#3403=CARTESIAN_POINT('Ctrl Pts',(-67.5389933061586,189.754893707561,-42.9000003846511));
#3404=CARTESIAN_POINT('Ctrl Pts',(-67.5289782836807,189.739430954861,-42.9000015137838));
#3405=CARTESIAN_POINT('Ctrl Pts',(-67.5179067095904,189.724718214545,-42.9000017108657));
#3406=CARTESIAN_POINT('Ctrl Pts',(-67.5112205810675,189.715833184117,-42.9000018298835));
#3407=CARTESIAN_POINT('Ctrl Pts',(-67.5041487059946,189.707221939947,-42.900001582749));
#3408=CARTESIAN_POINT('Ctrl Pts',(-67.496711946226,189.698904652637,-42.9000012248021));
#3409=CARTESIAN_POINT('Ctrl Pts',(-67.4818609592608,189.682295278491,-42.9000005099929));
#3410=CARTESIAN_POINT('Ctrl Pts',(-67.4656777423156,189.666990606393,-42.8999996297737));
#3411=CARTESIAN_POINT('Ctrl Pts',(-67.4483658486675,189.653116017273,-42.8999994567674));
#3412=CARTESIAN_POINT('Ctrl Pts',(-67.4310582671754,189.639244884123,-42.8999992838041));
#3413=CARTESIAN_POINT('Ctrl Pts',(-67.4126214589988,189.626802225907,-42.899999754763));
#3414=CARTESIAN_POINT('Ctrl Pts',(-67.3932251821263,189.615951327161,-42.9000001266323));
#3415=CARTESIAN_POINT('Ctrl Pts',(-67.3878006063833,189.612916645685,-42.9000002306334));
#3416=CARTESIAN_POINT('Ctrl Pts',(-67.3823008381702,189.610006738658,-42.9000003203091));
#3417=CARTESIAN_POINT('Ctrl Pts',(-67.3767293008283,189.607225860027,-42.9000003670254));
#3418=CARTESIAN_POINT('Ctrl Pts',(-67.375531492413,189.606628007115,-42.9000003770688));
#3419=CARTESIAN_POINT('Ctrl Pts',(-67.3743303665385,189.606036119044,-42.9000003851144));
#3420=CARTESIAN_POINT('Ctrl Pts',(-67.3731259698065,189.605450212964,-42.9000003915345));
#3421=CARTESIAN_POINT('Ctrl Pts',(-67.3530239850574,189.595671147008,-42.900000498689));
#3422=CARTESIAN_POINT('Ctrl Pts',(-67.3321411315939,189.587616980916,-42.9000001470244));
#3423=CARTESIAN_POINT('Ctrl Pts',(-67.3107122644121,189.58132694475,-42.8999999256387));
#3424=CARTESIAN_POINT('Ctrl Pts',(-67.3031145489795,189.57909677997,-42.8999998471453));
#3425=CARTESIAN_POINT('Ctrl Pts',(-67.2954480033183,189.577088824726,-42.8999997804192));
#3426=CARTESIAN_POINT('Ctrl Pts',(-67.2877226473459,189.575306328697,-42.8999997466871));
#3427=CARTESIAN_POINT('Ctrl Pts',(-67.2659433600432,189.570281124256,-42.8999996515899));
#3428=CARTESIAN_POINT('Ctrl Pts',(-67.2437996987892,189.56706774649,-42.8999998140496));
#3429=CARTESIAN_POINT('Ctrl Pts',(-67.2215199376682,189.565722408375,-42.8999998664053));
#3430=CARTESIAN_POINT('Ctrl Pts',(-67.2135814196116,189.565243049963,-42.8999998850602));
#3431=CARTESIAN_POINT('Ctrl Pts',(-67.2056255378603,189.565001323653,-42.8999998925174));
#3432=CARTESIAN_POINT('Ctrl Pts',(-67.1976625227048,189.565001381177,-42.8999998914951));
#3433=CARTESIAN_POINT('',(-65.5864057558114,189.565001381177,-42.9));
#3434=CARTESIAN_POINT('',(-46.20000000626,189.565001381177,-42.9));
#3435=CARTESIAN_POINT('',(-65.1864487803201,189.940047040512,-42.9));
#3436=CARTESIAN_POINT('Ctrl Pts',(-65.5864057558114,189.565001381177,-42.9));
#3437=CARTESIAN_POINT('Ctrl Pts',(-65.5643922500723,189.565001381177,-42.9));
#3438=CARTESIAN_POINT('Ctrl Pts',(-65.5424845599127,189.566901301846,-42.9000014464044));
#3439=CARTESIAN_POINT('Ctrl Pts',(-65.5208837557627,189.570567292755,-42.9000026402607));
#3440=CARTESIAN_POINT('Ctrl Pts',(-65.4987945705771,189.574316169488,-42.9000038611092));
#3441=CARTESIAN_POINT('Ctrl Pts',(-65.4770249470925,189.579912234517,-42.9000047355138));
#3442=CARTESIAN_POINT('Ctrl Pts',(-65.4557963228148,189.587265221976,-42.9000048766445));
#3443=CARTESIAN_POINT('Ctrl Pts',(-65.4485429179512,189.589777593682,-42.9000049248661));
#3444=CARTESIAN_POINT('Ctrl Pts',(-65.4413528210139,189.592495499823,-42.9000049052841));
#3445=CARTESIAN_POINT('Ctrl Pts',(-65.434235482229,189.595416594822,-42.9000048668809));
#3446=CARTESIAN_POINT('Ctrl Pts',(-65.4134085770917,189.603964363907,-42.9000047545049));
#3447=CARTESIAN_POINT('Ctrl Pts',(-65.3933715511361,189.614179375584,-42.900004038892));
#3448=CARTESIAN_POINT('Ctrl Pts',(-65.374339002051,189.625953448961,-42.9000031684746));
#3449=CARTESIAN_POINT('Ctrl Pts',(-65.3556407972669,189.637520687493,-42.9000023133477));
#3450=CARTESIAN_POINT('Ctrl Pts',(-65.3379108616035,189.650593356234,-42.9000012469146));
#3451=CARTESIAN_POINT('Ctrl Pts',(-65.3213773353545,189.665111512821,-42.9000025533037));
#3452=CARTESIAN_POINT('Ctrl Pts',(-65.3181792472307,189.667919766999,-42.9000028059991));
#3453=CARTESIAN_POINT('Ctrl Pts',(-65.3150260301669,189.670782217899,-42.9000031556605));
#3454=CARTESIAN_POINT('Ctrl Pts',(-65.3119195041046,189.673698589066,-42.9000036335424));
#3455=CARTESIAN_POINT('Ctrl Pts',(-65.309529829792,189.675941988002,-42.9000040011498));
#3456=CARTESIAN_POINT('Ctrl Pts',(-65.3071677856514,189.678217294754,-42.9000044447421));
#3457=CARTESIAN_POINT('Ctrl Pts',(-65.3048337366024,189.680523880242,-42.9000049504513));
#3458=CARTESIAN_POINT('Ctrl Pts',(-65.2891650233127,189.696008227801,-42.9000083453293));
#3459=CARTESIAN_POINT('Ctrl Pts',(-65.2748762645444,189.712779156118,-42.9000139211192));
#3460=CARTESIAN_POINT('Ctrl Pts',(-65.2620363010484,189.730607141697,-42.900018059112));
#3461=CARTESIAN_POINT('Ctrl Pts',(-65.2489734360694,189.748744620712,-42.9000222689403));
#3462=CARTESIAN_POINT('Ctrl Pts',(-65.2374093497764,189.767977392025,-42.9000249559373));
#3463=CARTESIAN_POINT('Ctrl Pts',(-65.227458199185,189.788095635301,-42.9000245885614));
#3464=CARTESIAN_POINT('Ctrl Pts',(-65.2255972630517,189.791857890279,-42.9000245198595));
#3465=CARTESIAN_POINT('Ctrl Pts',(-65.2237928683688,189.795651169556,-42.9000243515096));
#3466=CARTESIAN_POINT('Ctrl Pts',(-65.2220459542634,189.79947416736,-42.9000240836794));
#3467=CARTESIAN_POINT('Ctrl Pts',(-65.212691201041,189.819946382283,-42.9000226494438));
#3468=CARTESIAN_POINT('Ctrl Pts',(-65.2050532235433,189.841110991586,-42.9000178969323));
#3469=CARTESIAN_POINT('Ctrl Pts',(-65.1992254823919,189.862746869283,-42.9000126661035));
#3470=CARTESIAN_POINT('Ctrl Pts',(-65.193519377823,189.883931163055,-42.9000075444526));
#3471=CARTESIAN_POINT('Ctrl Pts',(-65.1895482938156,189.905568568324,-42.9000019451402));
#3472=CARTESIAN_POINT('Ctrl Pts',(-65.1874470574908,189.927465030848,-42.9000005261356));
#3473=CARTESIAN_POINT('Ctrl Pts',(-65.1870454502692,189.931650080085,-42.9000002549227));
#3474=CARTESIAN_POINT('Ctrl Pts',(-65.1867123013091,189.93584460037,-42.9000001428471));
#3475=CARTESIAN_POINT('Ctrl Pts',(-65.1864487746405,189.940047234192,-42.9000002318112));
#3476=CARTESIAN_POINT('Origin',(-59.1981818562916,189.565001381177,-42.9));
#3477=CARTESIAN_POINT('',(-74.1142616479686,232.615001381177,-42.9));
#3478=CARTESIAN_POINT('',(-20.2821020817702,232.615001381177,-42.9));
#3479=CARTESIAN_POINT('',(-60.6571308230343,232.615001381177,-42.9));
#3480=CARTESIAN_POINT('',(-20.2099149408403,231.99004704051,-42.9));
#3481=CARTESIAN_POINT('Origin',(-26.198181864869,231.615001381177,-42.9));
#3482=CARTESIAN_POINT('',(-19.8099579653508,231.615001381177,-42.9));
#3483=CARTESIAN_POINT('Ctrl Pts',(-20.2099150461758,231.990047421885,-42.9000001772712));
#3484=CARTESIAN_POINT('Ctrl Pts',(-20.2085385860825,231.968095698999,-42.899999704872));
#3485=CARTESIAN_POINT('Ctrl Pts',(-20.2052672467614,231.946370842817,-42.900004487916));
#3486=CARTESIAN_POINT('Ctrl Pts',(-20.2002477415441,231.925064985356,-42.9000095330599));
#3487=CARTESIAN_POINT('Ctrl Pts',(-20.1951096299662,231.903255689786,-42.9000146974159));
#3488=CARTESIAN_POINT('Ctrl Pts',(-20.1881393165614,231.88188408038,-42.9000201546096));
#3489=CARTESIAN_POINT('Ctrl Pts',(-20.1794417551244,231.861165961373,-42.9000227806695));
#3490=CARTESIAN_POINT('Ctrl Pts',(-20.1765600308946,231.854301519428,-42.9000236507503));
#3491=CARTESIAN_POINT('Ctrl Pts',(-20.1734883058983,231.847508982982,-42.9000242266228));
#3492=CARTESIAN_POINT('Ctrl Pts',(-20.1702293000754,231.840796831757,-42.9000244411711));
#3493=CARTESIAN_POINT('Ctrl Pts',(-20.1604139961778,231.820581524493,-42.9000250873367));
#3494=CARTESIAN_POINT('Ctrl Pts',(-20.148984063928,231.801259734444,-42.90002265069));
#3495=CARTESIAN_POINT('Ctrl Pts',(-20.1360630756073,231.783036196371,-42.9000185473837));
#3496=CARTESIAN_POINT('Ctrl Pts',(-20.1233397148071,231.76509138873,-42.9000145068378));
#3497=CARTESIAN_POINT('Ctrl Pts',(-20.1091698224467,231.748210306836,-42.9000088837341));
#3498=CARTESIAN_POINT('Ctrl Pts',(-20.0936300282135,231.73261552869,-42.9000053259981));
#3499=CARTESIAN_POINT('Ctrl Pts',(-20.0906194550263,231.729594303297,-42.9000046367467));
#3500=CARTESIAN_POINT('Ctrl Pts',(-20.0875573584532,231.726621469725,-42.9000040311588));
#3501=CARTESIAN_POINT('Ctrl Pts',(-20.0844441474206,231.723698824621,-42.9000035443093));
#3502=CARTESIAN_POINT('Ctrl Pts',(-20.0821245848569,231.721521247162,-42.9000031815719));
#3503=CARTESIAN_POINT('Ctrl Pts',(-20.0797766459056,231.719371532402,-42.9000028848116));
#3504=CARTESIAN_POINT('Ctrl Pts',(-20.0774009325163,231.717249971103,-42.9000026421377));
#3505=CARTESIAN_POINT('Ctrl Pts',(-20.0609828477172,231.702588281076,-42.9000009650663));
#3506=CARTESIAN_POINT('Ctrl Pts',(-20.0433681784157,231.689381330475,-42.9000020515241));
#3507=CARTESIAN_POINT('Ctrl Pts',(-20.0247914034043,231.677680720266,-42.900002968963));
#3508=CARTESIAN_POINT('Ctrl Pts',(-20.0058483563317,231.665749413038,-42.9000039044908));
#3509=CARTESIAN_POINT('Ctrl Pts',(-19.9859036303705,231.655383749607,-42.9000047279505));
#3510=CARTESIAN_POINT('Ctrl Pts',(-19.9651761635382,231.646681964036,-42.9000048440335));
#3511=CARTESIAN_POINT('Ctrl Pts',(-19.9612038991482,231.645014331747,-42.90000486628));
#3512=CARTESIAN_POINT('Ctrl Pts',(-19.9572028341162,231.643407952501,-42.9000048681562));
#3513=CARTESIAN_POINT('Ctrl Pts',(-19.9531744492098,231.641863729197,-42.9000048526427));
#3514=CARTESIAN_POINT('Ctrl Pts',(-19.9321618456245,231.633808850411,-42.9000047717221));
#3515=CARTESIAN_POINT('Ctrl Pts',(-19.9105665758947,231.627502222076,-42.9000042811965));
#3516=CARTESIAN_POINT('Ctrl Pts',(-19.8886147602576,231.623021890481,-42.9000032199411));
#3517=CARTESIAN_POINT('Ctrl Pts',(-19.8670991236174,231.618630582345,-42.9000021797727));
#3518=CARTESIAN_POINT('Ctrl Pts',(-19.8452396438061,231.615993361923,-42.9000006717003));
#3519=CARTESIAN_POINT('Ctrl Pts',(-19.8232385271249,231.615231636439,-42.9000001616045));
#3520=CARTESIAN_POINT('Ctrl Pts',(-19.8188168396274,231.615078548207,-42.9000000590876));
#3521=CARTESIAN_POINT('Ctrl Pts',(-19.8143894324529,231.615001381177,-42.9));
#3522=CARTESIAN_POINT('Ctrl Pts',(-19.8099579653508,231.615001381177,-42.9));
#3523=CARTESIAN_POINT('',(-18.1987007216057,231.615001381177,-42.9));
#3524=CARTESIAN_POINT('',(-46.6500000010095,231.615001381177,-42.9));
#3525=CARTESIAN_POINT('',(-17.7986732403868,232.034950189702,-42.9));
#3526=CARTESIAN_POINT('Ctrl Pts',(-18.1987010647662,231.615001381177,-42.89999989143));
#3527=CARTESIAN_POINT('Ctrl Pts',(-18.1764812850816,231.615001220661,-42.8999998942911));
#3528=CARTESIAN_POINT('Ctrl Pts',(-18.154354162447,231.61687978325,-42.9000000195919));
#3529=CARTESIAN_POINT('Ctrl Pts',(-18.132539618638,231.620545455359,-42.9000000379161));
#3530=CARTESIAN_POINT('Ctrl Pts',(-18.1105841092276,231.624234815045,-42.9000000563587));
#3531=CARTESIAN_POINT('Ctrl Pts',(-18.0889438397446,231.629734743448,-42.9000000422091));
#3532=CARTESIAN_POINT('Ctrl Pts',(-18.0678493701126,231.637002920293,-42.9000001633356));
#3533=CARTESIAN_POINT('Ctrl Pts',(-18.0606728618775,231.639475612514,-42.9000002045438));
#3534=CARTESIAN_POINT('Ctrl Pts',(-18.0535596740966,231.642153378765,-42.9000002596611));
#3535=CARTESIAN_POINT('Ctrl Pts',(-18.0465194986436,231.645035801654,-42.9000003215411));
#3536=CARTESIAN_POINT('Ctrl Pts',(-18.0373965450622,231.648770965698,-42.9000004017278));
#3537=CARTESIAN_POINT('Ctrl Pts',(-18.0284285635634,231.652836474878,-42.9000004767756));
#3538=CARTESIAN_POINT('Ctrl Pts',(-18.0196343215352,231.657225878081,-42.9000004219621));
#3539=CARTESIAN_POINT('Ctrl Pts',(-17.9996287356494,231.667211114156,-42.9000002972695));
#3540=CARTESIAN_POINT('Ctrl Pts',(-17.9805204611658,231.678869302092,-42.8999995788872));
#3541=CARTESIAN_POINT('Ctrl Pts',(-17.9624830817699,231.692034101539,-42.8999994449715));
#3542=CARTESIAN_POINT('Ctrl Pts',(-17.9465022513718,231.703697903833,-42.8999993263243));
#3543=CARTESIAN_POINT('Ctrl Pts',(-17.9313617490519,231.716545519391,-42.8999996877557));
#3544=CARTESIAN_POINT('Ctrl Pts',(-17.9172040677051,231.73048758463,-42.9000003516737));
#3545=CARTESIAN_POINT('Ctrl Pts',(-17.9031851978735,231.7442929524,-42.9000010090822));
#3546=CARTESIAN_POINT('Ctrl Pts',(-17.890230452128,231.759072632683,-42.9000018430181));
#3547=CARTESIAN_POINT('Ctrl Pts',(-17.8784569200244,231.77471818159,-42.900001657444));
#3548=CARTESIAN_POINT('Ctrl Pts',(-17.8650477346094,231.792537308796,-42.9000014460888));
#3549=CARTESIAN_POINT('Ctrl Pts',(-17.8531692112283,231.811479856589,-42.9000000098116));
#3550=CARTESIAN_POINT('Ctrl Pts',(-17.8429118808631,231.83132782211,-42.8999994359939));
#3551=CARTESIAN_POINT('Ctrl Pts',(-17.8383273909807,231.840198824005,-42.8999991795275));
#3552=CARTESIAN_POINT('Ctrl Pts',(-17.834067357856,231.849251041505,-42.8999990594149));
#3553=CARTESIAN_POINT('Ctrl Pts',(-17.8301430130685,231.858466203238,-42.8999990748675));
#3554=CARTESIAN_POINT('Ctrl Pts',(-17.8213903931162,231.879019139539,-42.8999991093321));
#3555=CARTESIAN_POINT('Ctrl Pts',(-17.8143608634345,231.900248831093,-42.9000001257202));
#3556=CARTESIAN_POINT('Ctrl Pts',(-17.809148121707,231.92193816365,-42.9000009291841));
#3557=CARTESIAN_POINT('Ctrl Pts',(-17.8074905634813,231.928834981767,-42.9000011846712));
#3558=CARTESIAN_POINT('Ctrl Pts',(-17.8060170749212,231.935778406906,-42.9000013952043));
#3559=CARTESIAN_POINT('Ctrl Pts',(-17.804731748987,231.94276171723,-42.9000014541017));
#3560=CARTESIAN_POINT('Ctrl Pts',(-17.8046005230475,231.943474681494,-42.9000014601149));
#3561=CARTESIAN_POINT('Ctrl Pts',(-17.8044712588966,231.944188061538,-42.9000014645174));
#3562=CARTESIAN_POINT('Ctrl Pts',(-17.8043439567205,231.944901849283,-42.9000014674));
#3563=CARTESIAN_POINT('Ctrl Pts',(-17.8004249153558,231.966876050997,-42.9000015561428));
#3564=CARTESIAN_POINT('Ctrl Pts',(-17.7983796158328,231.989131319875,-42.9000004779577));
#3565=CARTESIAN_POINT('Ctrl Pts',(-17.7981871604404,232.011428209941,-42.9000001599944));
#3566=CARTESIAN_POINT('Ctrl Pts',(-17.7981194988813,232.019267129525,-42.900000048208));
#3567=CARTESIAN_POINT('Ctrl Pts',(-17.7982813210623,232.027111253522,-42.8999999998837));
#3568=CARTESIAN_POINT('Ctrl Pts',(-17.7986732403941,232.034950189699,-42.8999999999961));
#3569=CARTESIAN_POINT('',(-26.1981869540538,240.025001381177,-42.9));
#3570=CARTESIAN_POINT('Origin',(-26.198181864869,231.615001381177,-42.9));
#3571=CARTESIAN_POINT('',(-27.19870092237,240.025001381177,-42.9));
#3572=CARTESIAN_POINT('',(-57.699088386892,240.025001381177,-42.9));
#3573=CARTESIAN_POINT('',(-26.7986734406191,240.444950374965,-42.9));
#3574=CARTESIAN_POINT('Ctrl Pts',(-27.1987012656614,240.025001381177,-42.8999998912402));
#3575=CARTESIAN_POINT('Ctrl Pts',(-27.176481517233,240.025001220651,-42.8999998941257));
#3576=CARTESIAN_POINT('Ctrl Pts',(-27.1543544247729,240.026879787691,-42.9000000194888));
#3577=CARTESIAN_POINT('Ctrl Pts',(-27.1325399095239,240.030545463065,-42.9000000378915));
#3578=CARTESIAN_POINT('Ctrl Pts',(-27.1105843830179,240.034234833739,-42.9000000564132));
#3579=CARTESIAN_POINT('Ctrl Pts',(-27.0889440961216,240.039734779499,-42.9000000423594));
#3580=CARTESIAN_POINT('Ctrl Pts',(-27.0678496095983,240.047002973942,-42.9000001635814));
#3581=CARTESIAN_POINT('Ctrl Pts',(-27.0606730832237,240.049475676421,-42.9000002048221));
#3582=CARTESIAN_POINT('Ctrl Pts',(-27.0535598775825,240.052153453666,-42.9000002599719));
#3583=CARTESIAN_POINT('Ctrl Pts',(-27.0465196846333,240.05503588804,-42.9000003218836));
#3584=CARTESIAN_POINT('Ctrl Pts',(-27.0373967142751,240.058771064555,-42.9000004021112));
#3585=CARTESIAN_POINT('Ctrl Pts',(-27.028428716566,240.062836586518,-42.900000477198));
#3586=CARTESIAN_POINT('Ctrl Pts',(-27.0196344590272,240.067226002276,-42.9000004224183));
#3587=CARTESIAN_POINT('Ctrl Pts',(-26.9996288681233,240.077211251808,-42.9000002978026));
#3588=CARTESIAN_POINT('Ctrl Pts',(-26.9805205895178,240.088869446963,-42.8999995794728));
#3589=CARTESIAN_POINT('Ctrl Pts',(-26.9624832069566,240.102034250412,-42.8999994456012));
#3590=CARTESIAN_POINT('Ctrl Pts',(-26.9465023949286,240.113698040797,-42.8999993269932));
#3591=CARTESIAN_POINT('Ctrl Pts',(-26.9313619095088,240.126545638778,-42.899999688456));
#3592=CARTESIAN_POINT('Ctrl Pts',(-26.9172042430906,240.140487683183,-42.9000003523991));
#3593=CARTESIAN_POINT('Ctrl Pts',(-26.9031853485001,240.154293069262,-42.9000010098342));
#3594=CARTESIAN_POINT('Ctrl Pts',(-26.8902305818435,240.169072770405,-42.9000018437911));
#3595=CARTESIAN_POINT('Ctrl Pts',(-26.8784570332514,240.184718344246,-42.9000016582172));
#3596=CARTESIAN_POINT('Ctrl Pts',(-26.8650478527631,240.202537468347,-42.9000014468626));
#3597=CARTESIAN_POINT('Ctrl Pts',(-26.8531693346352,240.221480014353,-42.9000000105644));
#3598=CARTESIAN_POINT('Ctrl Pts',(-26.8429120100079,240.241327977799,-42.8999994367154));
#3599=CARTESIAN_POINT('Ctrl Pts',(-26.8383275378891,240.250198949357,-42.8999991802358));
#3600=CARTESIAN_POINT('Ctrl Pts',(-26.8340675204749,240.25925113526,-42.8999990601067));
#3601=CARTESIAN_POINT('Ctrl Pts',(-26.8301431892452,240.26846626417,-42.8999990755388));
#3602=CARTESIAN_POINT('Ctrl Pts',(-26.8213905703366,240.289019195822,-42.8999991099577));
#3603=CARTESIAN_POINT('Ctrl Pts',(-26.8143610421444,240.310248882,-42.9000001262883));
#3604=CARTESIAN_POINT('Ctrl Pts',(-26.8091483024169,240.331938206779,-42.900000929668));
#3605=CARTESIAN_POINT('Ctrl Pts',(-26.8074907327664,240.338835072606,-42.9000011851302));
#3606=CARTESIAN_POINT('Ctrl Pts',(-26.8060172355112,240.34577854589,-42.900001395635));
#3607=CARTESIAN_POINT('Ctrl Pts',(-26.8047319037051,240.352761904592,-42.9000014544969));
#3608=CARTESIAN_POINT('Ctrl Pts',(-26.8046006819842,240.353474847618,-42.9000014605062));
#3609=CARTESIAN_POINT('Ctrl Pts',(-26.8044714219374,240.354188206395,-42.9000014649049));
#3610=CARTESIAN_POINT('Ctrl Pts',(-26.8043441237505,240.354901972847,-42.9000014677837));
#3611=CARTESIAN_POINT('Ctrl Pts',(-26.8004250895446,240.376876167511,-42.9000015564133));
#3612=CARTESIAN_POINT('Ctrl Pts',(-26.7983797981993,240.399131426391,-42.900000478071));
#3613=CARTESIAN_POINT('Ctrl Pts',(-26.7981873497178,240.421428312311,-42.9000001600354));
#3614=CARTESIAN_POINT('Ctrl Pts',(-26.7981196903447,240.429267258674,-42.9000000482231));
#3615=CARTESIAN_POINT('Ctrl Pts',(-26.798281516208,240.437111410211,-42.8999999998837));
#3616=CARTESIAN_POINT('Ctrl Pts',(-26.7986734406264,240.444950374963,-42.8999999999961));
#3617=CARTESIAN_POINT('',(-35.1981794813598,248.435001381177,-42.9));
#3618=CARTESIAN_POINT('Origin',(-35.1981818691589,240.025001381177,-42.9));
#3619=CARTESIAN_POINT('',(-59.1981860211175,248.435001381176,-42.9));
#3620=CARTESIAN_POINT('',(-53.1990930096092,248.435001381176,-42.9));
#3621=CARTESIAN_POINT('',(-67.5976903602736,240.4449503158,-42.9));
#3622=CARTESIAN_POINT('Origin',(-59.1981818691588,240.025001381177,-42.9));
#3623=CARTESIAN_POINT('',(-67.1976628786931,240.025001381177,-42.9));
#3624=CARTESIAN_POINT('Ctrl Pts',(-67.5976903602664,240.444950315798,-42.8999999999961));
#3625=CARTESIAN_POINT('Ctrl Pts',(-67.5988086377615,240.42258333996,-42.8999999996752));
#3626=CARTESIAN_POINT('Ctrl Pts',(-67.5980555086406,240.400212683923,-42.9000004186129));
#3627=CARTESIAN_POINT('Ctrl Pts',(-67.5954473875825,240.378077229461,-42.9000008710289));
#3628=CARTESIAN_POINT('Ctrl Pts',(-67.5944485402099,240.369599885029,-42.9000010442934));
#3629=CARTESIAN_POINT('Ctrl Pts',(-67.5931770794699,240.361156965292,-42.9000011873885));
#3630=CARTESIAN_POINT('Ctrl Pts',(-67.5916319086086,240.352761884643,-42.9000011475975));
#3631=CARTESIAN_POINT('Ctrl Pts',(-67.5878427924673,240.33217520624,-42.900001050021));
#3632=CARTESIAN_POINT('Ctrl Pts',(-67.5824102723197,240.311875018439,-42.900000017623));
#3633=CARTESIAN_POINT('Ctrl Pts',(-67.5753992664008,240.29204492703,-42.8999994514112));
#3634=CARTESIAN_POINT('Ctrl Pts',(-67.5679279959833,240.270913012861,-42.8999988480283));
#3635=CARTESIAN_POINT('Ctrl Pts',(-67.5587260353252,240.250488090782,-42.8999988948341));
#3636=CARTESIAN_POINT('Ctrl Pts',(-67.5479103524736,240.230978543953,-42.8999997125448));
#3637=CARTESIAN_POINT('Ctrl Pts',(-67.5389933617591,240.214893896289,-42.9000003867065));
#3638=CARTESIAN_POINT('Ctrl Pts',(-67.5289783389559,240.199431152932,-42.9000015158514));
#3639=CARTESIAN_POINT('Ctrl Pts',(-67.5179067640615,240.184718425175,-42.9000017129275));
#3640=CARTESIAN_POINT('Ctrl Pts',(-67.511220635525,240.175833402959,-42.9000018319419));
#3641=CARTESIAN_POINT('Ctrl Pts',(-67.5041487603182,240.167222168138,-42.9000015847974));
#3642=CARTESIAN_POINT('Ctrl Pts',(-67.4967120002768,240.158904890275,-42.9000012268329));
#3643=CARTESIAN_POINT('Ctrl Pts',(-67.4818610183205,240.142295541206,-42.9000005119889));
#3644=CARTESIAN_POINT('Ctrl Pts',(-67.4656778068291,240.126990893428,-42.8999996317051));
#3645=CARTESIAN_POINT('Ctrl Pts',(-67.4483659187268,240.113116319493,-42.899999458596));
#3646=CARTESIAN_POINT('Ctrl Pts',(-67.4310583001318,240.099245167346,-42.8999992855296));
#3647=CARTESIAN_POINT('Ctrl Pts',(-67.4126214493918,240.086802488063,-42.8999997563508));
#3648=CARTESIAN_POINT('Ctrl Pts',(-67.3932251253938,240.075951558875,-42.9000001280338));
#3649=CARTESIAN_POINT('Ctrl Pts',(-67.3878005810946,240.072916893849,-42.9000002319818));
#3650=CARTESIAN_POINT('Ctrl Pts',(-67.382300845204,240.070007000487,-42.9000003216009));
#3651=CARTESIAN_POINT('Ctrl Pts',(-67.3767293409967,240.067226132465,-42.9000003682572));
#3652=CARTESIAN_POINT('Ctrl Pts',(-67.3755315323551,240.066628278166,-42.9000003782878));
#3653=CARTESIAN_POINT('Ctrl Pts',(-67.374330406251,240.066036388639,-42.9000003863203));
#3654=CARTESIAN_POINT('Ctrl Pts',(-67.3731260092865,240.06545048104,-42.9000003927272));
#3655=CARTESIAN_POINT('Ctrl Pts',(-67.353023998856,240.055671379107,-42.9000004996618));
#3656=CARTESIAN_POINT('Ctrl Pts',(-67.332141117226,240.047617163004,-42.9000001477312));
#3657=CARTESIAN_POINT('Ctrl Pts',(-67.3107122212504,240.041327079491,-42.8999999260884));
#3658=CARTESIAN_POINT('Ctrl Pts',(-67.3031145270898,240.039096907165,-42.8999998475041));
#3659=CARTESIAN_POINT('Ctrl Pts',(-67.2954480031913,240.037088942867,-42.8999997806882));
#3660=CARTESIAN_POINT('Ctrl Pts',(-67.2877226694297,240.035306436982,-42.8999997468696));
#3661=CARTESIAN_POINT('Ctrl Pts',(-67.2659434181008,240.030281198608,-42.8999996515281));
#3662=CARTESIAN_POINT('Ctrl Pts',(-67.243799794875,240.027067785061,-42.8999998137712));
#3663=CARTESIAN_POINT('Ctrl Pts',(-67.2215200736943,240.025722425343,-42.8999998659933));
#3664=CARTESIAN_POINT('Ctrl Pts',(-67.2135815143992,240.025243055883,-42.8999998846007));
#3665=CARTESIAN_POINT('Ctrl Pts',(-67.2056255914102,240.025001323644,-42.8999998920209));
#3666=CARTESIAN_POINT('Ctrl Pts',(-67.1976625352276,240.025001381177,-42.8999998909744));
#3667=CARTESIAN_POINT('',(-68.1981767756841,240.025001381177,-42.9));
#3668=CARTESIAN_POINT('',(-57.699088386892,240.025001381177,-42.9));
#3669=CARTESIAN_POINT('',(-76.5976903559836,232.034950315802,-42.9));
#3670=CARTESIAN_POINT('Origin',(-68.1981818648689,231.615001381177,-42.9));
#3671=CARTESIAN_POINT('',(-76.1976628744017,231.615001381177,-42.9));
#3672=CARTESIAN_POINT('Ctrl Pts',(-76.5976903559728,232.034950315797,-42.8999999999911));
#3673=CARTESIAN_POINT('Ctrl Pts',(-76.5988086320967,232.012583367491,-42.8999999996778));
#3674=CARTESIAN_POINT('Ctrl Pts',(-76.5980555062683,231.990212739256,-42.9000004186241));
#3675=CARTESIAN_POINT('Ctrl Pts',(-76.5954473930289,231.968077311721,-42.9000008710059));
#3676=CARTESIAN_POINT('Ctrl Pts',(-76.5944485442113,231.959599939924,-42.9000010442579));
#3677=CARTESIAN_POINT('Ctrl Pts',(-76.5931770802681,231.951156993,-42.9000011873319));
#3678=CARTESIAN_POINT('Ctrl Pts',(-76.5916319044206,231.942761885451,-42.9000011474994));
#3679=CARTESIAN_POINT('Ctrl Pts',(-76.5878427882289,231.922175207245,-42.9000010498213));
#3680=CARTESIAN_POINT('Ctrl Pts',(-76.5824102678983,231.901875019527,-42.9000000172105));
#3681=CARTESIAN_POINT('Ctrl Pts',(-76.5753992613371,231.88204492808,-42.8999994504702));
#3682=CARTESIAN_POINT('Ctrl Pts',(-76.5679279926472,231.860913020692,-42.8999988465242));
#3683=CARTESIAN_POINT('Ctrl Pts',(-76.5587260343073,231.840488104797,-42.899998892409));
#3684=CARTESIAN_POINT('Ctrl Pts',(-76.5479103537107,231.820978563407,-42.8999997085661));
#3685=CARTESIAN_POINT('Ctrl Pts',(-76.5389933584849,231.804893908736,-42.9000003814474));
#3686=CARTESIAN_POINT('Ctrl Pts',(-76.5289783295564,231.789431158754,-42.9000015088838));
#3687=CARTESIAN_POINT('Ctrl Pts',(-76.5179067466511,231.77471842497,-42.900001703647));
#3688=CARTESIAN_POINT('Ctrl Pts',(-76.511220615895,231.765833402593,-42.9000018212645));
#3689=CARTESIAN_POINT('Ctrl Pts',(-76.504148738082,231.757222167617,-42.9000015725023));
#3690=CARTESIAN_POINT('Ctrl Pts',(-76.4967119749832,231.748904889607,-42.9000012126549));
#3691=CARTESIAN_POINT('Ctrl Pts',(-76.481860971835,231.732295523373,-42.90000049405));
#3692=CARTESIAN_POINT('Ctrl Pts',(-76.4656777346828,231.716990861114,-42.8999996089836));
#3693=CARTESIAN_POINT('Ctrl Pts',(-76.4483658167726,231.70311627582,-42.8999994296949));
#3694=CARTESIAN_POINT('Ctrl Pts',(-76.4310581678153,231.689245111865,-42.8999992504504));
#3695=CARTESIAN_POINT('Ctrl Pts',(-76.4126212824875,231.676802423987,-42.8999997137012));
#3696=CARTESIAN_POINT('Ctrl Pts',(-76.3932249201711,231.665951489983,-42.9000000759059));
#3697=CARTESIAN_POINT('Ctrl Pts',(-76.3878004108847,231.662916849193,-42.9000001772023));
#3698=CARTESIAN_POINT('Ctrl Pts',(-76.3823007109841,231.660006978259,-42.9000002640197));
#3699=CARTESIAN_POINT('Ctrl Pts',(-76.3767292436714,231.657226130764,-42.9000003077114));
#3700=CARTESIAN_POINT('Ctrl Pts',(-76.3755314341195,231.656628276463,-42.9000003171046));
#3701=CARTESIAN_POINT('Ctrl Pts',(-76.374330307098,231.656036386937,-42.9000003244923));
#3702=CARTESIAN_POINT('Ctrl Pts',(-76.373125909209,231.655450479337,-42.9000003302466));
#3703=CARTESIAN_POINT('Ctrl Pts',(-76.3530238603399,231.645671366208,-42.9000004262895));
#3704=CARTESIAN_POINT('Ctrl Pts',(-76.332140936586,231.637617142897,-42.9000000613851));
#3705=CARTESIAN_POINT('Ctrl Pts',(-76.3107119961387,231.631327056399,-42.8999998242174));
#3706=CARTESIAN_POINT('Ctrl Pts',(-76.3031143194397,231.629096892769,-42.899999740129));
#3707=CARTESIAN_POINT('Ctrl Pts',(-76.2954478133118,231.627088935755,-42.8999996674892));
#3708=CARTESIAN_POINT('Ctrl Pts',(-76.2877224975656,231.625306435711,-42.8999996275102));
#3709=CARTESIAN_POINT('Ctrl Pts',(-76.2659432137703,231.620281194594,-42.899999514801));
#3710=CARTESIAN_POINT('Ctrl Pts',(-76.2437995566542,231.61706778056,-42.899999657054));
#3711=CARTESIAN_POINT('Ctrl Pts',(-76.2215198014794,231.615722422603,-42.8999996866267));
#3712=CARTESIAN_POINT('Ctrl Pts',(-76.2135812480174,231.615243054855,-42.8999996971638));
#3713=CARTESIAN_POINT('Ctrl Pts',(-76.205625330928,231.615001323539,-42.8999996961803));
#3714=CARTESIAN_POINT('Ctrl Pts',(-76.1976622807043,231.615001381177,-42.899999686411));
#3715=CARTESIAN_POINT('',(-74.5864057643871,231.615001381177,-42.9));
#3716=CARTESIAN_POINT('',(-46.6500000010095,231.615001381177,-42.9));
#3717=CARTESIAN_POINT('',(-74.1864487888976,231.99004704051,-42.9));
#3718=CARTESIAN_POINT('Ctrl Pts',(-74.5864057643871,231.615001381177,-42.9));
#3719=CARTESIAN_POINT('Ctrl Pts',(-74.5643924757352,231.615001381177,-42.9));
#3720=CARTESIAN_POINT('Ctrl Pts',(-74.5424850635229,231.616901333331,-42.9000014482111));
#3721=CARTESIAN_POINT('Ctrl Pts',(-74.5208845632595,231.620567360757,-42.9000026443794));
#3722=CARTESIAN_POINT('Ctrl Pts',(-74.4987954769307,231.624316310795,-42.900003867604));
#3723=CARTESIAN_POINT('Ctrl Pts',(-74.4770259857087,231.629912489874,-42.9000047449141));
#3724=CARTESIAN_POINT('Ctrl Pts',(-74.455797497313,231.637265600858,-42.9000048883252));
#3725=CARTESIAN_POINT('Ctrl Pts',(-74.4485439265114,231.63977808833,-42.9000049373274));
#3726=CARTESIAN_POINT('Ctrl Pts',(-74.4413536677671,231.642496123378,-42.9000049184508));
#3727=CARTESIAN_POINT('Ctrl Pts',(-74.434236170951,231.645417358971,-42.9000048806417));
#3728=CARTESIAN_POINT('Ctrl Pts',(-74.4134094523351,231.653965273113,-42.9000047700074));
#3729=CARTESIAN_POINT('Ctrl Pts',(-74.3933726044679,231.664180420473,-42.9000040551732));
#3730=CARTESIAN_POINT('Ctrl Pts',(-74.3743401950838,231.675954589892,-42.900003183742));
#3731=CARTESIAN_POINT('Ctrl Pts',(-74.3556418680268,231.687522083329,-42.9000023276072));
#3732=CARTESIAN_POINT('Ctrl Pts',(-74.3379117999833,231.700595010551,-42.9000012584389));
#3733=CARTESIAN_POINT('Ctrl Pts',(-74.3213781122707,231.715113397071,-42.9000025597132));
#3734=CARTESIAN_POINT('Ctrl Pts',(-74.3181801881763,231.717921524264,-42.9000028114039));
#3735=CARTESIAN_POINT('Ctrl Pts',(-74.315027128577,231.720783840493,-42.9000031599598));
#3736=CARTESIAN_POINT('Ctrl Pts',(-74.3119207529432,231.723700069115,-42.900003636625));
#3737=CARTESIAN_POINT('Ctrl Pts',(-74.3095310764726,231.725943469058,-42.9000040033146));
#3738=CARTESIAN_POINT('Ctrl Pts',(-74.3071690287355,231.728218775306,-42.9000044459306));
#3739=CARTESIAN_POINT('Ctrl Pts',(-74.3048349747484,231.730525358875,-42.900004950613));
#3740=CARTESIAN_POINT('Ctrl Pts',(-74.2891659995215,231.746009919641,-42.9000083386476));
#3741=CARTESIAN_POINT('Ctrl Pts',(-74.2748769590062,231.762781035186,-42.9000139054763));
#3742=CARTESIAN_POINT('Ctrl Pts',(-74.26203672823,231.780609202943,-42.9000180344517));
#3743=CARTESIAN_POINT('Ctrl Pts',(-74.2489737542505,231.798746641092,-42.9000222350536));
#3744=CARTESIAN_POINT('Ctrl Pts',(-74.2374095364896,231.817979338987,-42.900024912804));
#3745=CARTESIAN_POINT('Ctrl Pts',(-74.2274582647737,231.838097506062,-42.9000245379888));
#3746=CARTESIAN_POINT('Ctrl Pts',(-74.2255974739714,231.841859407186,-42.900024467902));
#3747=CARTESIAN_POINT('Ctrl Pts',(-74.2237932147755,231.845652326909,-42.9000242982473));
#3748=CARTESIAN_POINT('Ctrl Pts',(-74.2220464262724,231.849474960008,-42.9000240292021));
#3749=CARTESIAN_POINT('Ctrl Pts',(-74.2126914581842,231.869947164046,-42.9000225883244));
#3750=CARTESIAN_POINT('Ctrl Pts',(-74.2050532972454,231.891111775448,-42.900017831289));
#3751=CARTESIAN_POINT('Ctrl Pts',(-74.199225436344,231.912747694228,-42.9000125992897));
#3752=CARTESIAN_POINT('Ctrl Pts',(-74.1935192724271,231.933931813262,-42.9000074765446));
#3753=CARTESIAN_POINT('Ctrl Pts',(-74.189548154873,231.955569071865,-42.9000018793461));
#3754=CARTESIAN_POINT('Ctrl Pts',(-74.1874469376053,231.977465446935,-42.9000004665132));
#3755=CARTESIAN_POINT('Ctrl Pts',(-74.1870453399144,231.981650418094,-42.9000001964838));
#3756=CARTESIAN_POINT('Ctrl Pts',(-74.1867122003991,231.985844862192,-42.9000000857352));
#3757=CARTESIAN_POINT('Ctrl Pts',(-74.1864486832254,231.990047422004,-42.9000001761736));
#3758=CARTESIAN_POINT('Origin',(-68.1981818648689,231.615001381177,-42.9));
#3759=CARTESIAN_POINT('',(-74.114261645824,224.205001381177,-42.9));
#3760=CARTESIAN_POINT('',(-20.2821020796257,224.205001381177,-42.9));
#3761=CARTESIAN_POINT('',(-60.657130821962,224.205001381177,-42.9));
#3762=CARTESIAN_POINT('',(-20.2099149386958,223.58004704051,-42.9));
#3763=CARTESIAN_POINT('Origin',(-26.1981818627244,223.205001381177,-42.9));
#3764=CARTESIAN_POINT('',(-19.8099579632063,223.205001381177,-42.9));
#3765=CARTESIAN_POINT('Ctrl Pts',(-20.2099150439572,223.580047421858,-42.9000001775126));
#3766=CARTESIAN_POINT('Ctrl Pts',(-20.2085385814426,223.558095660273,-42.8999997051121));
#3767=CARTESIAN_POINT('Ctrl Pts',(-20.2052672453479,223.536370753107,-42.9000044874442));
#3768=CARTESIAN_POINT('Ctrl Pts',(-20.2002477442833,223.515064839188,-42.9000095314627));
#3769=CARTESIAN_POINT('Ctrl Pts',(-20.1951096469636,223.493255528304,-42.9000146946568));
#3770=CARTESIAN_POINT('Ctrl Pts',(-20.1881393559296,223.471883896112,-42.9000201502537));
#3771=CARTESIAN_POINT('Ctrl Pts',(-20.1794418192207,223.45116575273,-42.9000227746188));
#3772=CARTESIAN_POINT('Ctrl Pts',(-20.1765601160229,223.444301333293,-42.9000236441341));
#3773=CARTESIAN_POINT('Ctrl Pts',(-20.1734884140107,223.437508818539,-42.900024219433));
#3774=CARTESIAN_POINT('Ctrl Pts',(-20.1702294328787,223.430796688294,-42.9000244334128));
#3775=CARTESIAN_POINT('Ctrl Pts',(-20.1604141538208,223.41058134222,-42.9000250778693));
#3776=CARTESIAN_POINT('Ctrl Pts',(-20.1489842445765,223.391259514646,-42.9000226395404));
#3777=CARTESIAN_POINT('Ctrl Pts',(-20.1360632719895,223.373035946514,-42.9000185349108));
#3778=CARTESIAN_POINT('Ctrl Pts',(-20.1233399606061,223.355091157118,-42.9000144930726));
#3779=CARTESIAN_POINT('Ctrl Pts',(-20.1091701183323,223.338210095025,-42.9000088690326));
#3780=CARTESIAN_POINT('Ctrl Pts',(-20.0936303689287,223.322615342468,-42.9000053110108));
#3781=CARTESIAN_POINT('Ctrl Pts',(-20.0906197688827,223.319594086362,-42.9000046216959));
#3782=CARTESIAN_POINT('Ctrl Pts',(-20.0875576440369,223.316621223438,-42.900004016071));
#3783=CARTESIAN_POINT('Ctrl Pts',(-20.0844444032885,223.313698550436,-42.9000035292141));
#3784=CARTESIAN_POINT('Ctrl Pts',(-20.0821248407258,223.311520972977,-42.9000031664747));
#3785=CARTESIAN_POINT('Ctrl Pts',(-20.0797769015158,223.309371258493,-42.9000028697277));
#3786=CARTESIAN_POINT('Ctrl Pts',(-20.0774011876243,223.307249697729,-42.9000026270815));
#3787=CARTESIAN_POINT('Ctrl Pts',(-20.0609831422926,223.292588049741,-42.900000950206));
#3788=CARTESIAN_POINT('Ctrl Pts',(-20.0433685071238,223.279381145889,-42.9000020375291));
#3789=CARTESIAN_POINT('Ctrl Pts',(-20.0247917646027,223.267680580855,-42.9000029561996));
#3790=CARTESIAN_POINT('Ctrl Pts',(-20.0058487003104,223.255749287979,-42.9000038929857));
#3791=CARTESIAN_POINT('Ctrl Pts',(-19.9859039500962,223.2453836456,-42.9000047180837));
#3792=CARTESIAN_POINT('Ctrl Pts',(-19.9651764576468,223.236681881729,-42.9000048358509));
#3793=CARTESIAN_POINT('Ctrl Pts',(-19.9612041362399,223.235014231723,-42.9000048584204));
#3794=CARTESIAN_POINT('Ctrl Pts',(-19.9572030133852,223.233407836391,-42.9000048606208));
#3795=CARTESIAN_POINT('Ctrl Pts',(-19.9531745699483,223.231863598625,-42.9000048454304));
#3796=CARTESIAN_POINT('Ctrl Pts',(-19.9321619459252,223.223808753598,-42.9000047661964));
#3797=CARTESIAN_POINT('Ctrl Pts',(-19.9105666567556,223.217502157068,-42.9000042773278));
#3798=CARTESIAN_POINT('Ctrl Pts',(-19.888614827961,223.213021849326,-42.9000032173731));
#3799=CARTESIAN_POINT('Ctrl Pts',(-19.867099134322,223.208630555566,-42.9000021784774));
#3800=CARTESIAN_POINT('Ctrl Pts',(-19.8452396021153,223.205993349081,-42.9000006713342));
#3801=CARTESIAN_POINT('Ctrl Pts',(-19.8232384439821,223.205231632049,-42.9000001615176));
#3802=CARTESIAN_POINT('Ctrl Pts',(-19.8188167829462,223.20507854672,-42.9000000590577));
#3803=CARTESIAN_POINT('Ctrl Pts',(-19.8143894027663,223.205001381177,-42.9));
#3804=CARTESIAN_POINT('Ctrl Pts',(-19.8099579632063,223.205001381177,-42.9));
#3805=CARTESIAN_POINT('',(-18.1987007194611,223.205001381177,-42.9));
#3806=CARTESIAN_POINT('',(-46.6499999999373,223.205001381177,-42.9));
#3807=CARTESIAN_POINT('',(-17.7986732382423,223.624950189702,-42.9));
#3808=CARTESIAN_POINT('Ctrl Pts',(-18.1987010625564,223.205001381177,-42.8999998915279));
#3809=CARTESIAN_POINT('Ctrl Pts',(-18.1764812663102,223.205001220666,-42.8999998943764));
#3810=CARTESIAN_POINT('Ctrl Pts',(-18.1543541276738,223.206879780926,-42.9000000196453));
#3811=CARTESIAN_POINT('Ctrl Pts',(-18.1325395687007,223.21054545132,-42.9000000379285));
#3812=CARTESIAN_POINT('Ctrl Pts',(-18.1105840680163,223.214234805249,-42.90000005633));
#3813=CARTESIAN_POINT('Ctrl Pts',(-18.0889438074181,223.219734724554,-42.9000000421303));
#3814=CARTESIAN_POINT('Ctrl Pts',(-18.0678493463905,223.227002892158,-42.9000001632078));
#3815=CARTESIAN_POINT('Ctrl Pts',(-18.0606728468921,223.229475579234,-42.9000002043993));
#3816=CARTESIAN_POINT('Ctrl Pts',(-18.0535596677129,223.232153339991,-42.9000002594999));
#3817=CARTESIAN_POINT('Ctrl Pts',(-18.0465195006847,223.235035757164,-42.9000003213638));
#3818=CARTESIAN_POINT('Ctrl Pts',(-18.0373965474687,223.238770918123,-42.9000004015297));
#3819=CARTESIAN_POINT('Ctrl Pts',(-18.0284285663204,223.242836424651,-42.9000004765577));
#3820=CARTESIAN_POINT('Ctrl Pts',(-18.0196343246105,223.247225825904,-42.9000004217261));
#3821=CARTESIAN_POINT('Ctrl Pts',(-17.9996287420098,223.257211056267,-42.9000002969926));
#3822=CARTESIAN_POINT('Ctrl Pts',(-17.9805204704147,223.268869241684,-42.8999995785789));
#3823=CARTESIAN_POINT('Ctrl Pts',(-17.9624830934711,223.282034040233,-42.8999994446392));
#3824=CARTESIAN_POINT('Ctrl Pts',(-17.9465022608905,223.29369784491,-42.8999993259707));
#3825=CARTESIAN_POINT('Ctrl Pts',(-17.9313617565026,223.306545464774,-42.899999687387));
#3826=CARTESIAN_POINT('Ctrl Pts',(-17.9172040732799,223.320487535086,-42.9000003512949));
#3827=CARTESIAN_POINT('Ctrl Pts',(-17.9031852036166,223.334292905885,-42.9000010086934));
#3828=CARTESIAN_POINT('Ctrl Pts',(-17.8902304579486,223.349072589614,-42.9000018426243));
#3829=CARTESIAN_POINT('Ctrl Pts',(-17.8784569258508,223.364718141294,-42.9000016570489));
#3830=CARTESIAN_POINT('Ctrl Pts',(-17.8650477403331,223.382537271802,-42.9000014456923));
#3831=CARTESIAN_POINT('Ctrl Pts',(-17.8531692167811,223.401479822044,-42.9000000094188));
#3832=CARTESIAN_POINT('Ctrl Pts',(-17.842911886088,223.421327790007,-42.8999994356141));
#3833=CARTESIAN_POINT('Ctrl Pts',(-17.83832739618,223.430198792761,-42.8999991791535));
#3834=CARTESIAN_POINT('Ctrl Pts',(-17.834067362981,223.439251011108,-42.8999990590487));
#3835=CARTESIAN_POINT('Ctrl Pts',(-17.8301430180616,223.448466173755,-42.8999990745113));
#3836=CARTESIAN_POINT('Ctrl Pts',(-17.8213903976359,223.469019112519,-42.8999991089983));
#3837=CARTESIAN_POINT('Ctrl Pts',(-17.8143608672657,223.490248806888,-42.9000001254201));
#3838=CARTESIAN_POINT('Ctrl Pts',(-17.809148124544,223.511938143465,-42.9000009289334));
#3839=CARTESIAN_POINT('Ctrl Pts',(-17.8074905660178,223.518834962797,-42.9000011844362));
#3840=CARTESIAN_POINT('Ctrl Pts',(-17.8060170771227,223.52577838927,-42.9000013949867));
#3841=CARTESIAN_POINT('Ctrl Pts',(-17.8047317508159,223.532761701079,-42.9000014539032));
#3842=CARTESIAN_POINT('Ctrl Pts',(-17.8046005248374,223.533474665499,-42.9000014599183));
#3843=CARTESIAN_POINT('Ctrl Pts',(-17.8044712606472,223.534188045701,-42.9000014643227));
#3844=CARTESIAN_POINT('Ctrl Pts',(-17.8043439584313,223.534901833606,-42.9000014672073));
#3845=CARTESIAN_POINT('Ctrl Pts',(-17.8004249159865,223.556876039444,-42.9000015560111));
#3846=CARTESIAN_POINT('Ctrl Pts',(-17.7983796149462,223.579131313732,-42.9000004779023));
#3847=CARTESIAN_POINT('Ctrl Pts',(-17.7981871587161,223.601428205899,-42.9000001599744));
#3848=CARTESIAN_POINT('Ctrl Pts',(-17.7981194968531,223.609267127306,-42.9000000482005));
#3849=CARTESIAN_POINT('Ctrl Pts',(-17.7982813188776,223.617111252719,-42.8999999998837));
#3850=CARTESIAN_POINT('Ctrl Pts',(-17.7986732382495,223.624950189699,-42.8999999999961));
#3851=CARTESIAN_POINT('',(-26.1981869519093,231.615001381177,-42.9));
#3852=CARTESIAN_POINT('Origin',(-26.1981818627244,223.205001381177,-42.9));
#3853=CARTESIAN_POINT('',(-68.1981767735395,231.615001381177,-42.9));
#3854=CARTESIAN_POINT('',(-57.6990883858198,231.615001381177,-42.9));
#3855=CARTESIAN_POINT('',(-76.5976903538391,223.624950315802,-42.9));
#3856=CARTESIAN_POINT('Origin',(-68.1981818627244,223.205001381177,-42.9));
#3857=CARTESIAN_POINT('',(-76.1976628722571,223.205001381177,-42.9));
#3858=CARTESIAN_POINT('Ctrl Pts',(-76.5976903538283,223.624950315797,-42.8999999999911));
#3859=CARTESIAN_POINT('Ctrl Pts',(-76.5988086297919,223.602583370695,-42.8999999996778));
#3860=CARTESIAN_POINT('Ctrl Pts',(-76.5980555034102,223.580212741845,-42.9000004185775));
#3861=CARTESIAN_POINT('Ctrl Pts',(-76.5954473900854,223.558077313371,-42.9000008709097));
#3862=CARTESIAN_POINT('Ctrl Pts',(-76.5944485407186,223.54959993683,-42.9000010441429));
#3863=CARTESIAN_POINT('Ctrl Pts',(-76.5931770760128,223.541156985148,-42.9000011871975));
#3864=CARTESIAN_POINT('Ctrl Pts',(-76.5916318992363,223.532761873042,-42.9000011473475));
#3865=CARTESIAN_POINT('Ctrl Pts',(-76.5878427821837,223.512175191361,-42.9000010496264));
#3866=CARTESIAN_POINT('Ctrl Pts',(-76.5824102612219,223.491875001158,-42.9000000169842));
#3867=CARTESIAN_POINT('Ctrl Pts',(-76.5753992542028,223.472044907682,-42.8999994502213));
#3868=CARTESIAN_POINT('Ctrl Pts',(-76.5679279849595,223.450912997947,-42.8999988462512));
#3869=CARTESIAN_POINT('Ctrl Pts',(-76.5587260262361,223.430488080249,-42.8999988921222));
#3870=CARTESIAN_POINT('Ctrl Pts',(-76.5479103453562,223.410978536944,-42.8999997082723));
#3871=CARTESIAN_POINT('Ctrl Pts',(-76.5389933500698,223.394893881006,-42.9000003811478));
#3872=CARTESIAN_POINT('Ctrl Pts',(-76.5289783211914,223.379431129658,-42.900001508583));
#3873=CARTESIAN_POINT('Ctrl Pts',(-76.5179067384069,223.364718394038,-42.9000017033478));
#3874=CARTESIAN_POINT('Ctrl Pts',(-76.5112206076526,223.355833370458,-42.9000018209663));
#3875=CARTESIAN_POINT('Ctrl Pts',(-76.5041487298591,223.347222134111,-42.9000015722061));
#3876=CARTESIAN_POINT('Ctrl Pts',(-76.4967119668002,223.338904854718,-42.900001212362));
#3877=CARTESIAN_POINT('Ctrl Pts',(-76.4818609629247,223.322295484817,-42.9000004937635));
#3878=CARTESIAN_POINT('Ctrl Pts',(-76.4656777249814,223.306990819002,-42.8999996087084));
#3879=CARTESIAN_POINT('Ctrl Pts',(-76.4483658062686,223.29311623149,-42.8999994294372));
#3880=CARTESIAN_POINT('Ctrl Pts',(-76.4310581627635,223.279245070331,-42.8999992502102));
#3881=CARTESIAN_POINT('Ctrl Pts',(-76.4126212836906,223.26680238555,-42.8999997134841));
#3882=CARTESIAN_POINT('Ctrl Pts',(-76.3932249283,223.255951456017,-42.9000000757198));
#3883=CARTESIAN_POINT('Ctrl Pts',(-76.3878004143834,223.252916812803,-42.900000177025));
#3884=CARTESIAN_POINT('Ctrl Pts',(-76.3823007097231,223.250006939854,-42.9000002638518));
#3885=CARTESIAN_POINT('Ctrl Pts',(-76.3767292375313,223.247226090794,-42.9000003075534));
#3886=CARTESIAN_POINT('Ctrl Pts',(-76.3755314280128,223.246628236697,-42.9000003169488));
#3887=CARTESIAN_POINT('Ctrl Pts',(-76.3743303010252,223.246036347384,-42.9000003243386));
#3888=CARTESIAN_POINT('Ctrl Pts',(-76.3731259031705,223.245450440007,-42.9000003300951));
#3889=CARTESIAN_POINT('Ctrl Pts',(-76.3530238580938,223.235671332169,-42.9000004261744));
#3890=CARTESIAN_POINT('Ctrl Pts',(-76.3321409384995,223.227617116202,-42.900000061314));
#3891=CARTESIAN_POINT('Ctrl Pts',(-76.3107120023054,223.221327036652,-42.8999998241895));
#3892=CARTESIAN_POINT('Ctrl Pts',(-76.3031143224646,223.219096874121,-42.8999997401165));
#3893=CARTESIAN_POINT('Ctrl Pts',(-76.2954478131224,223.217088918428,-42.8999996674918));
#3894=CARTESIAN_POINT('Ctrl Pts',(-76.2877224940958,223.215306419824,-42.8999996275276));
#3895=CARTESIAN_POINT('Ctrl Pts',(-76.2659432051044,223.210281183703,-42.8999995148603));
#3896=CARTESIAN_POINT('Ctrl Pts',(-76.2437995424938,223.207067774921,-42.8999996571519));
#3897=CARTESIAN_POINT('Ctrl Pts',(-76.2215197815449,223.205722420127,-42.8999996867514));
#3898=CARTESIAN_POINT('Ctrl Pts',(-76.2135812340569,223.20524305399,-42.899999697298));
#3899=CARTESIAN_POINT('Ctrl Pts',(-76.2056253229411,223.205001323539,-42.8999996963225));
#3900=CARTESIAN_POINT('Ctrl Pts',(-76.1976622786601,223.205001381177,-42.8999996865595));
#3901=CARTESIAN_POINT('',(-74.5864057622425,223.205001381177,-42.9));
#3902=CARTESIAN_POINT('',(-46.6499999999373,223.205001381177,-42.9));
#3903=CARTESIAN_POINT('',(-74.186448786753,223.58004704051,-42.9));
#3904=CARTESIAN_POINT('Ctrl Pts',(-74.5864057622425,223.205001381177,-42.9));
#3905=CARTESIAN_POINT('Ctrl Pts',(-74.564392444882,223.205001381177,-42.9));
#3906=CARTESIAN_POINT('Ctrl Pts',(-74.5424849948222,223.206901328272,-42.9000014476614));
#3907=CARTESIAN_POINT('Ctrl Pts',(-74.520884452504,223.210567349494,-42.9000026429685));
#3908=CARTESIAN_POINT('Ctrl Pts',(-74.4987953575796,223.214316287347,-42.9000038653106));
#3909=CARTESIAN_POINT('Ctrl Pts',(-74.477025852343,223.219912447283,-42.9000047414124));
#3910=CARTESIAN_POINT('Ctrl Pts',(-74.4557973486346,223.22726553683,-42.9000048835434));
#3911=CARTESIAN_POINT('Ctrl Pts',(-74.4485437924495,223.229778010101,-42.9000049321081));
#3912=CARTESIAN_POINT('Ctrl Pts',(-74.4413535478237,223.232496029556,-42.900004912786));
#3913=CARTESIAN_POINT('Ctrl Pts',(-74.4342360647166,223.235417248367,-42.9000048745331));
#3914=CARTESIAN_POINT('Ctrl Pts',(-74.4134093217242,223.243965139873,-42.9000047626001));
#3915=CARTESIAN_POINT('Ctrl Pts',(-74.3933724500508,223.254180265379,-42.9000040464919));
#3916=CARTESIAN_POINT('Ctrl Pts',(-74.3743400217974,223.265954418258,-42.9000031740645));
#3917=CARTESIAN_POINT('Ctrl Pts',(-74.3556417148588,223.277521871531,-42.9000023169529));
#3918=CARTESIAN_POINT('Ctrl Pts',(-74.3379116676882,223.290594757488,-42.9000012470765));
#3919=CARTESIAN_POINT('Ctrl Pts',(-74.3213780044172,223.305113106411,-42.9000025481404));
#3920=CARTESIAN_POINT('Ctrl Pts',(-74.3181800481516,223.307921258733,-42.9000027997933));
#3921=CARTESIAN_POINT('Ctrl Pts',(-74.3150269575495,223.310783601479,-42.9000031483323));
#3922=CARTESIAN_POINT('Ctrl Pts',(-74.3119205521654,223.313699858031,-42.900003625004));
#3923=CARTESIAN_POINT('Ctrl Pts',(-74.3095308756955,223.315943257975,-42.9000039916952));
#3924=CARTESIAN_POINT('Ctrl Pts',(-74.3071688281711,223.318218564448,-42.9000044343253));
#3925=CARTESIAN_POINT('Ctrl Pts',(-74.3048347745956,223.320525148453,-42.9000049390335));
#3926=CARTESIAN_POINT('Ctrl Pts',(-74.2891658301685,223.336009684443,-42.9000083272351));
#3927=CARTESIAN_POINT('Ctrl Pts',(-74.2748768244421,223.352780780094,-42.9000138947493));
#3928=CARTESIAN_POINT('Ctrl Pts',(-74.262036627824,223.370608929555,-42.9000180246971));
#3929=CARTESIAN_POINT('Ctrl Pts',(-74.248973662043,223.388746385956,-42.9000222262969));
#3930=CARTESIAN_POINT('Ctrl Pts',(-74.2374094579302,223.407979108213,-42.9000249053364));
#3931=CARTESIAN_POINT('Ctrl Pts',(-74.2274582010155,223.428097300997,-42.9000245318421));
#3932=CARTESIAN_POINT('Ctrl Pts',(-74.2255973983524,223.431859236502,-42.9000244620018));
#3933=CARTESIAN_POINT('Ctrl Pts',(-74.2237931282248,223.435652191142,-42.900024292593));
#3934=CARTESIAN_POINT('Ctrl Pts',(-74.2220463297133,223.439474859629,-42.9000240237917));
#3935=CARTESIAN_POINT('Ctrl Pts',(-74.212691385651,223.459947083316,-42.9000225842318));
#3936=CARTESIAN_POINT('Ctrl Pts',(-74.2050532476599,223.481111713658,-42.9000178284898));
#3937=CARTESIAN_POINT('Ctrl Pts',(-74.1992254042442,223.5027476462,-42.900012597502));
#3938=CARTESIAN_POINT('Ctrl Pts',(-74.1935192487808,223.523931810885,-42.9000074757396));
#3939=CARTESIAN_POINT('Ctrl Pts',(-74.1895481397204,223.545569111569,-42.9000018792527));
#3940=CARTESIAN_POINT('Ctrl Pts',(-74.1874469273878,223.567465519958,-42.9000004666345));
#3941=CARTESIAN_POINT('Ctrl Pts',(-74.1870453335436,223.57165046723,-42.9000001966481));
#3942=CARTESIAN_POINT('Ctrl Pts',(-74.1867121967551,223.575844886983,-42.900000085922));
#3943=CARTESIAN_POINT('Ctrl Pts',(-74.186448681138,223.580047421984,-42.9000001763599));
#3944=CARTESIAN_POINT('Origin',(-68.1981818627244,223.205001381177,-42.9));
#3945=CARTESIAN_POINT('',(-74.1142616436795,215.795001381177,-42.9));
#3946=CARTESIAN_POINT('',(-20.2821020774812,215.795001381177,-42.9));
#3947=CARTESIAN_POINT('',(-60.6571308208897,215.795001381177,-42.9));
#3948=CARTESIAN_POINT('',(-20.2099149365512,215.17004704051,-42.9));
#3949=CARTESIAN_POINT('Origin',(-26.1981818605799,214.795001381177,-42.9));
#3950=CARTESIAN_POINT('',(-19.8099579610617,214.795001381177,-42.9));
#3951=CARTESIAN_POINT('Ctrl Pts',(-20.2099150417346,215.170047421831,-42.900000177767));
#3952=CARTESIAN_POINT('Ctrl Pts',(-20.2085385766659,215.148095619424,-42.8999997053652));
#3953=CARTESIAN_POINT('Ctrl Pts',(-20.2052672439745,215.126370658478,-42.9000044869464));
#3954=CARTESIAN_POINT('Ctrl Pts',(-20.2002477472903,215.105064685005,-42.9000095297779));
#3955=CARTESIAN_POINT('Ctrl Pts',(-20.1951096650107,215.083255357966,-42.9000146917463));
#3956=CARTESIAN_POINT('Ctrl Pts',(-20.1881393975742,215.061883701739,-42.9000201456588));
#3957=CARTESIAN_POINT('Ctrl Pts',(-20.1794418869494,215.041165532646,-42.9000227682361));
#3958=CARTESIAN_POINT('Ctrl Pts',(-20.1765602059369,215.034301136951,-42.900023637155));
#3959=CARTESIAN_POINT('Ctrl Pts',(-20.173488528169,215.02750864508,-42.9000242118489));
#3960=CARTESIAN_POINT('Ctrl Pts',(-20.1702295730815,215.020796536965,-42.9000244252289));
#3961=CARTESIAN_POINT('Ctrl Pts',(-20.1604143202254,215.000581149953,-42.9000250678826));
#3962=CARTESIAN_POINT('Ctrl Pts',(-20.1489844352481,214.981259282797,-42.9000226277794));
#3963=CARTESIAN_POINT('Ctrl Pts',(-20.1360634792578,214.963035682957,-42.9000185217539));
#3964=CARTESIAN_POINT('Ctrl Pts',(-20.1233402200004,214.945090912807,-42.9000144785526));
#3965=CARTESIAN_POINT('Ctrl Pts',(-20.1091704305593,214.9282098716,-42.9000088535249));
#3966=CARTESIAN_POINT('Ctrl Pts',(-20.093630728443,214.912615146034,-42.9000052952017));
#3967=CARTESIAN_POINT('Ctrl Pts',(-20.0906201000657,214.909593857533,-42.9000046058198));
#3968=CARTESIAN_POINT('Ctrl Pts',(-20.0875579453972,214.906620963646,-42.9000040001557));
#3969=CARTESIAN_POINT('Ctrl Pts',(-20.0844446733039,214.903698261217,-42.9000035132911));
#3970=CARTESIAN_POINT('Ctrl Pts',(-20.0821251107421,214.901520683758,-42.9000031505497));
#3971=CARTESIAN_POINT('Ctrl Pts',(-20.0797771712594,214.899370969565,-42.9000028538168));
#3972=CARTESIAN_POINT('Ctrl Pts',(-20.077401456838,214.897249409364,-42.9000026111998));
#3973=CARTESIAN_POINT('Ctrl Pts',(-20.0609834531372,214.882587805721,-42.9000009345308));
#3974=CARTESIAN_POINT('Ctrl Pts',(-20.043368853972,214.86938095118,-42.9000020227667));
#3975=CARTESIAN_POINT('Ctrl Pts',(-20.0247921457219,214.857680433797,-42.9000029427363));
#3976=CARTESIAN_POINT('Ctrl Pts',(-20.0058490632657,214.84574915606,-42.9000038808497));
#3977=CARTESIAN_POINT('Ctrl Pts',(-19.9859042874687,214.835383535888,-42.9000047076758));
#3978=CARTESIAN_POINT('Ctrl Pts',(-19.9651767679975,214.826681794908,-42.9000048272195));
#3979=CARTESIAN_POINT('Ctrl Pts',(-19.9612043864481,214.825014126214,-42.9000048501297));
#3980=CARTESIAN_POINT('Ctrl Pts',(-19.9572032026008,214.823407713914,-42.9000048526721));
#3981=CARTESIAN_POINT('Ctrl Pts',(-19.9531746974249,214.821863460893,-42.9000048378226));
#3982=CARTESIAN_POINT('Ctrl Pts',(-19.9321620518432,214.813808651478,-42.9000047603676));
#3983=CARTESIAN_POINT('Ctrl Pts',(-19.9105667421678,214.807502088496,-42.900004273247));
#3984=CARTESIAN_POINT('Ctrl Pts',(-19.8886148994942,214.803021805914,-42.9000032146643));
#3985=CARTESIAN_POINT('Ctrl Pts',(-19.8670991457309,214.798630527319,-42.900002177111));
#3986=CARTESIAN_POINT('Ctrl Pts',(-19.8452395582558,214.795993335534,-42.9000006709481));
#3987=CARTESIAN_POINT('Ctrl Pts',(-19.8232383563977,214.795231627418,-42.900000161426));
#3988=CARTESIAN_POINT('Ctrl Pts',(-19.8188167232744,214.795078545152,-42.9000000590261));
#3989=CARTESIAN_POINT('Ctrl Pts',(-19.8143893715695,214.795001381177,-42.9));
#3990=CARTESIAN_POINT('Ctrl Pts',(-19.8099579610617,214.795001381177,-42.9));
#3991=CARTESIAN_POINT('',(-18.1987007173166,214.795001381177,-42.9));
#3992=CARTESIAN_POINT('',(-46.649999998865,214.795001381177,-42.9));
#3993=CARTESIAN_POINT('',(-17.7986732360977,215.214950189702,-42.9));
#3994=CARTESIAN_POINT('Ctrl Pts',(-18.1987010603434,214.795001381177,-42.8999998916305));
#3995=CARTESIAN_POINT('Ctrl Pts',(-18.176481246626,214.79500122067,-42.8999998944656));
#3996=CARTESIAN_POINT('Ctrl Pts',(-18.1543540911084,214.796879778474,-42.900000019701));
#3997=CARTESIAN_POINT('Ctrl Pts',(-18.1325395161376,214.800545447058,-42.9000000379412));
#3998=CARTESIAN_POINT('Ctrl Pts',(-18.1105840246604,214.804234794913,-42.9000000562993));
#3999=CARTESIAN_POINT('Ctrl Pts',(-18.0889437734369,214.809734704621,-42.9000000420469));
#4000=CARTESIAN_POINT('Ctrl Pts',(-18.0678493214879,214.817002862476,-42.9000001630727));
#4001=CARTESIAN_POINT('Ctrl Pts',(-18.0606728312032,214.819475544125,-42.9000002042466));
#4002=CARTESIAN_POINT('Ctrl Pts',(-18.0535596610952,214.822153299086,-42.9000002593298));
#4003=CARTESIAN_POINT('Ctrl Pts',(-18.046519502952,214.825035710232,-42.9000003211767));
#4004=CARTESIAN_POINT('Ctrl Pts',(-18.0373965501211,214.828770867935,-42.9000004013206));
#4005=CARTESIAN_POINT('Ctrl Pts',(-18.0284285693426,214.832836371667,-42.9000004763277));
#4006=CARTESIAN_POINT('Ctrl Pts',(-18.0196343279683,214.837225770865,-42.9000004214772));
#4007=CARTESIAN_POINT('Ctrl Pts',(-17.9996287488334,214.847210995201,-42.9000002967005));
#4008=CARTESIAN_POINT('Ctrl Pts',(-17.9805204802861,214.858869177963,-42.8999995782537));
#4009=CARTESIAN_POINT('Ctrl Pts',(-17.9624831059305,214.872033975567,-42.8999994442887));
#4010=CARTESIAN_POINT('Ctrl Pts',(-17.9465022710479,214.883697782762,-42.8999993255977));
#4011=CARTESIAN_POINT('Ctrl Pts',(-17.9313617644789,214.896545407169,-42.899999686998));
#4012=CARTESIAN_POINT('Ctrl Pts',(-17.9172040792778,214.910487482836,-42.9000003508954));
#4013=CARTESIAN_POINT('Ctrl Pts',(-17.9031852097927,214.924292856832,-42.9000010082832));
#4014=CARTESIAN_POINT('Ctrl Pts',(-17.8902304642073,214.9390725442,-42.9000018422087));
#4015=CARTESIAN_POINT('Ctrl Pts',(-17.878456932116,214.954718098805,-42.900001656632));
#4016=CARTESIAN_POINT('Ctrl Pts',(-17.8650477464897,214.9725372328,-42.9000014452739));
#4017=CARTESIAN_POINT('Ctrl Pts',(-17.853169222757,214.991479785626,-42.9000000090042));
#4018=CARTESIAN_POINT('Ctrl Pts',(-17.8429118917176,215.011327756168,-42.8999994352134));
#4019=CARTESIAN_POINT('Ctrl Pts',(-17.8383274017833,215.020198759825,-42.8999991787589));
#4020=CARTESIAN_POINT('Ctrl Pts',(-17.8340673685068,215.029250979064,-42.8999990586622));
#4021=CARTESIAN_POINT('Ctrl Pts',(-17.8301430234489,215.038466142675,-42.8999990741355));
#4022=CARTESIAN_POINT('Ctrl Pts',(-17.8213904025233,215.059019084035,-42.899999108646));
#4023=CARTESIAN_POINT('Ctrl Pts',(-17.8143608714263,215.080248781372,-42.9000001251034));
#4024=CARTESIAN_POINT('Ctrl Pts',(-17.8091481276553,215.10193812219,-42.9000009286689));
#4025=CARTESIAN_POINT('Ctrl Pts',(-17.8074905688122,215.108834942799,-42.9000011841883));
#4026=CARTESIAN_POINT('Ctrl Pts',(-17.8060170795639,215.115778370679,-42.900001394757));
#4027=CARTESIAN_POINT('Ctrl Pts',(-17.8047317528641,215.122761684052,-42.9000014536936));
#4028=CARTESIAN_POINT('Ctrl Pts',(-17.8046005268445,215.123474648637,-42.9000014597108));
#4029=CARTESIAN_POINT('Ctrl Pts',(-17.8044712626127,215.124188029006,-42.9000014641173));
#4030=CARTESIAN_POINT('Ctrl Pts',(-17.804343960355,215.124901817079,-42.900001467004));
#4031=CARTESIAN_POINT('Ctrl Pts',(-17.8004249167703,215.146876027263,-42.9000015558722));
#4032=CARTESIAN_POINT('Ctrl Pts',(-17.7983796141291,215.169131307253,-42.9000004778438));
#4033=CARTESIAN_POINT('Ctrl Pts',(-17.798187157015,215.191428201635,-42.9000001599534));
#4034=CARTESIAN_POINT('Ctrl Pts',(-17.7981194948313,215.199267124965,-42.9000000481926));
#4035=CARTESIAN_POINT('Ctrl Pts',(-17.7982813166907,215.207111251872,-42.8999999998837));
#4036=CARTESIAN_POINT('Ctrl Pts',(-17.798673236105,215.214950189699,-42.8999999999961));
#4037=CARTESIAN_POINT('',(-26.1981869497648,223.205001381177,-42.9));
#4038=CARTESIAN_POINT('Origin',(-26.1981818605799,214.795001381177,-42.9));
#4039=CARTESIAN_POINT('',(-68.198176771395,223.205001381177,-42.9));
#4040=CARTESIAN_POINT('',(-57.6990883847475,223.205001381177,-42.9));
#4041=CARTESIAN_POINT('',(-76.5976903516945,215.214950315802,-42.9));
#4042=CARTESIAN_POINT('Origin',(-68.1981818605799,214.795001381177,-42.9));
#4043=CARTESIAN_POINT('',(-76.1976628701126,214.795001381177,-42.9));
#4044=CARTESIAN_POINT('Ctrl Pts',(-76.5976903516837,215.214950315797,-42.8999999999911));
#4045=CARTESIAN_POINT('Ctrl Pts',(-76.5988086274796,215.192583374051,-42.8999999996778));
#4046=CARTESIAN_POINT('Ctrl Pts',(-76.5980555005177,215.17021274456,-42.9000004185287));
#4047=CARTESIAN_POINT('Ctrl Pts',(-76.5954473871034,215.148077315104,-42.900000870809));
#4048=CARTESIAN_POINT('Ctrl Pts',(-76.594448537161,215.139599933593,-42.9000010440224));
#4049=CARTESIAN_POINT('Ctrl Pts',(-76.593177071656,215.131156976926,-42.9000011870567));
#4050=CARTESIAN_POINT('Ctrl Pts',(-76.5916318939061,215.122761860046,-42.9000011471883));
#4051=CARTESIAN_POINT('Ctrl Pts',(-76.5878427759512,215.102175174725,-42.9000010494222));
#4052=CARTESIAN_POINT('Ctrl Pts',(-76.5824102543279,215.081874981921,-42.900000016747));
#4053=CARTESIAN_POINT('Ctrl Pts',(-76.5753992468288,215.06204488632,-42.8999994499604));
#4054=CARTESIAN_POINT('Ctrl Pts',(-76.5679279770051,215.040912974126,-42.8999988459651));
#4055=CARTESIAN_POINT('Ctrl Pts',(-76.5587260178796,215.020488054538,-42.8999988918216));
#4056=CARTESIAN_POINT('Ctrl Pts',(-76.5479103367024,215.000978509226,-42.8999997079643));
#4057=CARTESIAN_POINT('Ctrl Pts',(-76.5389933413528,214.984893851961,-42.9000003808337));
#4058=CARTESIAN_POINT('Ctrl Pts',(-76.5289783125275,214.969431099183,-42.9000015082676));
#4059=CARTESIAN_POINT('Ctrl Pts',(-76.5179067298704,214.954718361639,-42.9000017030341));
#4060=CARTESIAN_POINT('Ctrl Pts',(-76.5112205991182,214.945833336797,-42.9000018206537));
#4061=CARTESIAN_POINT('Ctrl Pts',(-76.5041487213453,214.937222099014,-42.9000015718957));
#4062=CARTESIAN_POINT('Ctrl Pts',(-76.4967119583284,214.92890481817,-42.900001212055));
#4063=CARTESIAN_POINT('Ctrl Pts',(-76.4818609536905,214.912295444425,-42.9000004934633));
#4064=CARTESIAN_POINT('Ctrl Pts',(-76.465677714918,214.896990774882,-42.89999960842));
#4065=CARTESIAN_POINT('Ctrl Pts',(-76.4483657953635,214.883116185044,-42.8999994291671));
#4066=CARTESIAN_POINT('Ctrl Pts',(-76.4310581575729,214.869245026814,-42.8999992499585));
#4067=CARTESIAN_POINT('Ctrl Pts',(-76.4126212850556,214.856802345278,-42.8999997132567));
#4068=CARTESIAN_POINT('Ctrl Pts',(-76.3932249369236,214.845951420428,-42.9000000755249));
#4069=CARTESIAN_POINT('Ctrl Pts',(-76.3878004181551,214.842916774674,-42.9000001768393));
#4070=CARTESIAN_POINT('Ctrl Pts',(-76.3823007085072,214.840006899615,-42.900000263676));
#4071=CARTESIAN_POINT('Ctrl Pts',(-76.3767292312026,214.837226048913,-42.900000307388));
#4072=CARTESIAN_POINT('Ctrl Pts',(-76.375531421719,214.83662819503,-42.9000003167856));
#4073=CARTESIAN_POINT('Ctrl Pts',(-76.3743302947669,214.836036305941,-42.9000003241776));
#4074=CARTESIAN_POINT('Ctrl Pts',(-76.3731258969481,214.835450398798,-42.9000003299364));
#4075=CARTESIAN_POINT('Ctrl Pts',(-76.3530238558462,214.825671296502,-42.9000004260539));
#4076=CARTESIAN_POINT('Ctrl Pts',(-76.3321409406113,214.817617088231,-42.9000000612394));
#4077=CARTESIAN_POINT('Ctrl Pts',(-76.3107120088744,214.811327015962,-42.8999998241602));
#4078=CARTESIAN_POINT('Ctrl Pts',(-76.3031143257402,214.809096854581,-42.8999997401032));
#4079=CARTESIAN_POINT('Ctrl Pts',(-76.2954478130288,214.807088900272,-42.8999996674945));
#4080=CARTESIAN_POINT('Ctrl Pts',(-76.2877224905638,214.805306403177,-42.8999996275459));
#4081=CARTESIAN_POINT('Ctrl Pts',(-76.2659431961275,214.80028117229,-42.8999995149223));
#4082=CARTESIAN_POINT('Ctrl Pts',(-76.2437995277592,214.797067769013,-42.8999996572541));
#4083=CARTESIAN_POINT('Ctrl Pts',(-76.2215197607599,214.795722417532,-42.8999996868817));
#4084=CARTESIAN_POINT('Ctrl Pts',(-76.2135812195314,214.795243053084,-42.8999996974383));
#4085=CARTESIAN_POINT('Ctrl Pts',(-76.2056253146747,214.79500132354,-42.8999996964713));
#4086=CARTESIAN_POINT('Ctrl Pts',(-76.1976622766205,214.795001381177,-42.8999996867148));
#4087=CARTESIAN_POINT('',(-74.586405760098,214.795001381177,-42.9));
#4088=CARTESIAN_POINT('',(-46.649999998865,214.795001381177,-42.9));
#4089=CARTESIAN_POINT('',(-74.1864487846085,215.17004704051,-42.9));
#4090=CARTESIAN_POINT('Ctrl Pts',(-74.586405760098,214.795001381177,-42.9));
#4091=CARTESIAN_POINT('Ctrl Pts',(-74.5643924126544,214.795001381177,-42.9));
#4092=CARTESIAN_POINT('Ctrl Pts',(-74.5424849229354,214.796901322971,-42.9000014470854));
#4093=CARTESIAN_POINT('Ctrl Pts',(-74.5208843365492,214.800567337691,-42.9000026414901));
#4094=CARTESIAN_POINT('Ctrl Pts',(-74.4987952326175,214.804316262776,-42.9000038629074));
#4095=CARTESIAN_POINT('Ctrl Pts',(-74.4770257126956,214.809912402654,-42.900004737743));
#4096=CARTESIAN_POINT('Ctrl Pts',(-74.4557971929415,214.817265469736,-42.9000048785327));
#4097=CARTESIAN_POINT('Ctrl Pts',(-74.4485436520725,214.819777928128,-42.900004926639));
#4098=CARTESIAN_POINT('Ctrl Pts',(-74.4413534222413,214.822495931243,-42.90000490685));
#4099=CARTESIAN_POINT('Ctrl Pts',(-74.4342359534995,214.825417132469,-42.9000048681322));
#4100=CARTESIAN_POINT('Ctrl Pts',(-74.4134091849635,214.833965000256,-42.9000047548382));
#4101=CARTESIAN_POINT('Ctrl Pts',(-74.3933722883443,214.84418010286,-42.900004037395));
#4102=CARTESIAN_POINT('Ctrl Pts',(-74.3743398403182,214.855954238408,-42.9000031639238));
#4103=CARTESIAN_POINT('Ctrl Pts',(-74.3556415544606,214.867521649594,-42.9000023057885));
#4104=CARTESIAN_POINT('Ctrl Pts',(-74.3379115291618,214.880594492311,-42.9000012351701));
#4105=CARTESIAN_POINT('Ctrl Pts',(-74.3213778915021,214.895112801838,-42.9000025360136));
#4106=CARTESIAN_POINT('Ctrl Pts',(-74.3181799015255,214.897920980492,-42.9000027876269));
#4107=CARTESIAN_POINT('Ctrl Pts',(-74.3150267784371,214.900783351024,-42.9000031361481));
#4108=CARTESIAN_POINT('Ctrl Pts',(-74.3119203418789,214.903699636843,-42.9000036128268));
#4109=CARTESIAN_POINT('Ctrl Pts',(-74.3095306654098,214.905943036787,-42.9000039795195));
#4110=CARTESIAN_POINT('Ctrl Pts',(-74.3071686181083,214.908218343496,-42.9000044221644));
#4111=CARTESIAN_POINT('Ctrl Pts',(-74.3048345649641,214.910524927958,-42.9000049268996));
#4112=CARTESIAN_POINT('Ctrl Pts',(-74.2891656528109,214.926009437986,-42.9000083152763));
#4113=CARTESIAN_POINT('Ctrl Pts',(-74.2748766835385,214.94278051279,-42.9000138835088));
#4114=CARTESIAN_POINT('Ctrl Pts',(-74.2620365227135,214.960608643079,-42.9000180144756));
#4115=CARTESIAN_POINT('Ctrl Pts',(-74.2489735655237,214.978746118607,-42.9000222171209));
#4116=CARTESIAN_POINT('Ctrl Pts',(-74.2374093757123,214.997978866392,-42.9000248975112));
#4117=CARTESIAN_POINT('Ctrl Pts',(-74.2274581343074,215.018097086116,-42.9000245254011));
#4118=CARTESIAN_POINT('Ctrl Pts',(-74.2255973192159,215.021859057648,-42.900024455819));
#4119=CARTESIAN_POINT('Ctrl Pts',(-74.2237930376335,215.025652048875,-42.900024286668));
#4120=CARTESIAN_POINT('Ctrl Pts',(-74.2220462286345,215.029474754445,-42.9000240181222));
#4121=CARTESIAN_POINT('Ctrl Pts',(-74.2126913097478,215.049946998722,-42.9000225799433));
#4122=CARTESIAN_POINT('Ctrl Pts',(-74.2050531958027,215.071111648912,-42.9000178255565));
#4123=CARTESIAN_POINT('Ctrl Pts',(-74.1992253707098,215.092747595874,-42.9000125956287));
#4124=CARTESIAN_POINT('Ctrl Pts',(-74.1935192241044,215.113931808398,-42.900007474896));
#4125=CARTESIAN_POINT('Ctrl Pts',(-74.1895481239445,215.135569153177,-42.9000018791547));
#4126=CARTESIAN_POINT('Ctrl Pts',(-74.1874469167834,215.157465596482,-42.9000004667615));
#4127=CARTESIAN_POINT('Ctrl Pts',(-74.1870453269701,215.161650518722,-42.9000001968201));
#4128=CARTESIAN_POINT('Ctrl Pts',(-74.1867121930393,215.165844912963,-42.9000000861176));
#4129=CARTESIAN_POINT('Ctrl Pts',(-74.1864486790533,215.170047421963,-42.900000176555));
#4130=CARTESIAN_POINT('Origin',(-68.1981818605799,214.795001381177,-42.9));
#4131=CARTESIAN_POINT('',(-74.1142616415349,207.385001381177,-42.9));
#4132=CARTESIAN_POINT('',(-20.2821020753366,207.385001381177,-42.9));
#4133=CARTESIAN_POINT('',(-60.6571308198175,207.385001381177,-42.9));
#4134=CARTESIAN_POINT('',(-20.2099149344067,206.76004704051,-42.9));
#4135=CARTESIAN_POINT('Origin',(-26.1981818584353,206.385001381177,-42.9));
#4136=CARTESIAN_POINT('',(-19.8099579589172,206.385001381177,-42.9));
#4137=CARTESIAN_POINT('Ctrl Pts',(-20.2099150395076,206.760047421801,-42.9000001780356));
#4138=CARTESIAN_POINT('Ctrl Pts',(-20.2085385717408,206.738095576271,-42.8999997056323));
#4139=CARTESIAN_POINT('Ctrl Pts',(-20.2052672426446,206.716370558513,-42.9000044864203));
#4140=CARTESIAN_POINT('Ctrl Pts',(-20.2002477505879,206.695064522128,-42.9000095279979));
#4141=CARTESIAN_POINT('Ctrl Pts',(-20.1951096841963,206.673255178025,-42.9000146886716));
#4142=CARTESIAN_POINT('Ctrl Pts',(-20.1881394416877,206.651883496407,-42.9000201408047));
#4143=CARTESIAN_POINT('Ctrl Pts',(-20.1794419586174,206.631165300153,-42.9000227614934));
#4144=CARTESIAN_POINT('Ctrl Pts',(-20.1765603010409,206.624300929539,-42.9000236297823));
#4145=CARTESIAN_POINT('Ctrl Pts',(-20.1734886488842,206.61750846184,-42.900024203837));
#4146=CARTESIAN_POINT('Ctrl Pts',(-20.1702297213096,206.610796377103,-42.9000244165836));
#4147=CARTESIAN_POINT('Ctrl Pts',(-20.1604144961327,206.590580946846,-42.9000250573328));
#4148=CARTESIAN_POINT('Ctrl Pts',(-20.1489846367907,206.571259037876,-42.9000226153551));
#4149=CARTESIAN_POINT('Ctrl Pts',(-20.1360636983329,206.553035404541,-42.9000185078552));
#4150=CARTESIAN_POINT('Ctrl Pts',(-20.1233404941401,206.535090654722,-42.9000144632139));
#4151=CARTESIAN_POINT('Ctrl Pts',(-20.1091707605098,206.518209635579,-42.9000088371427));
#4152=CARTESIAN_POINT('Ctrl Pts',(-20.0936311083467,206.502614938526,-42.9000052785012));
#4153=CARTESIAN_POINT('Ctrl Pts',(-20.090620450041,206.499593615802,-42.9000045890485));
#4154=CARTESIAN_POINT('Ctrl Pts',(-20.0875582638685,206.496620689208,-42.9000039833431));
#4155=CARTESIAN_POINT('Ctrl Pts',(-20.0844449586632,206.493697955693,-42.9000034964704));
#4156=CARTESIAN_POINT('Ctrl Pts',(-20.0821253961023,206.491520378233,-42.9000031337268));
#4157=CARTESIAN_POINT('Ctrl Pts',(-20.0797774563315,206.489370664347,-42.9000028370087));
#4158=CARTESIAN_POINT('Ctrl Pts',(-20.0774017413503,206.487249104743,-42.9000025944226));
#4159=CARTESIAN_POINT('Ctrl Pts',(-20.0609837816266,206.472587547943,-42.9000009179718));
#4160=CARTESIAN_POINT('Ctrl Pts',(-20.0433692204942,206.459380745493,-42.900002007172));
#4161=CARTESIAN_POINT('Ctrl Pts',(-20.0247925484464,206.447680278446,-42.9000029285139));
#4162=CARTESIAN_POINT('Ctrl Pts',(-20.0058494468023,206.435749016702,-42.9000038680295));
#4163=CARTESIAN_POINT('Ctrl Pts',(-19.9859046439802,206.425383419988,-42.9000046966811));
#4164=CARTESIAN_POINT('Ctrl Pts',(-19.9651770959638,206.41668170319,-42.9000048181014));
#4165=CARTESIAN_POINT('Ctrl Pts',(-19.9612046508819,206.415014014755,-42.9000048413717));
#4166=CARTESIAN_POINT('Ctrl Pts',(-19.9572034026042,206.413407584532,-42.9000048442754));
#4167=CARTESIAN_POINT('Ctrl Pts',(-19.9531748322093,206.411863315396,-42.9000048297859));
#4168=CARTESIAN_POINT('Ctrl Pts',(-19.9321621638535,206.403808543599,-42.9000047542103));
#4169=CARTESIAN_POINT('Ctrl Pts',(-19.9105668325164,206.397502016058,-42.9000042689362));
#4170=CARTESIAN_POINT('Ctrl Pts',(-19.8886149751812,206.393021760054,-42.9000032118027));
#4171=CARTESIAN_POINT('Ctrl Pts',(-19.8670991579037,206.388630497479,-42.9000021756676));
#4172=CARTESIAN_POINT('Ctrl Pts',(-19.8452395120443,206.385993321224,-42.9000006705402));
#4173=CARTESIAN_POINT('Ctrl Pts',(-19.8232382639962,206.385231622526,-42.9000001613292));
#4174=CARTESIAN_POINT('Ctrl Pts',(-19.8188166603592,206.385078543494,-42.9000000589928));
#4175=CARTESIAN_POINT('Ctrl Pts',(-19.8143893387346,206.385001381177,-42.9));
#4176=CARTESIAN_POINT('Ctrl Pts',(-19.8099579589172,206.385001381177,-42.9));
#4177=CARTESIAN_POINT('',(-18.1987007151721,206.385001381177,-42.9));
#4178=CARTESIAN_POINT('',(-46.6499999977927,206.385001381177,-42.9));
#4179=CARTESIAN_POINT('',(-17.7986732339532,206.804950189702,-42.9));
#4180=CARTESIAN_POINT('Ctrl Pts',(-18.1987010581268,206.385001381177,-42.899999891738));
#4181=CARTESIAN_POINT('Ctrl Pts',(-18.1764812259516,206.385001220675,-42.8999998945592));
#4182=CARTESIAN_POINT('Ctrl Pts',(-18.1543540525989,206.386879775883,-42.9000000197592));
#4183=CARTESIAN_POINT('Ctrl Pts',(-18.1325394607262,206.390545442555,-42.9000000379541));
#4184=CARTESIAN_POINT('Ctrl Pts',(-18.1105839789783,206.394234783992,-42.9000000562665));
#4185=CARTESIAN_POINT('Ctrl Pts',(-18.0889437376608,206.39973468356,-42.9000000419585));
#4186=CARTESIAN_POINT('Ctrl Pts',(-18.0678492953052,206.407002831113,-42.9000001629299));
#4187=CARTESIAN_POINT('Ctrl Pts',(-18.0606728147514,206.40947550703,-42.9000002040852));
#4188=CARTESIAN_POINT('Ctrl Pts',(-18.0535596542238,206.41215325587,-42.9000002591499));
#4189=CARTESIAN_POINT('Ctrl Pts',(-18.0465195054643,206.415035660649,-42.9000003209789));
#4190=CARTESIAN_POINT('Ctrl Pts',(-18.03739655304,206.418770814914,-42.9000004010997));
#4191=CARTESIAN_POINT('Ctrl Pts',(-18.0284285726521,206.422836315693,-42.9000004760848));
#4192=CARTESIAN_POINT('Ctrl Pts',(-18.0196343316323,206.427225712719,-42.9000004212142));
#4193=CARTESIAN_POINT('Ctrl Pts',(-17.9996287561591,206.437210930691,-42.900000296392));
#4194=CARTESIAN_POINT('Ctrl Pts',(-17.9805204908326,206.44886911065,-42.8999995779103));
#4195=CARTESIAN_POINT('Ctrl Pts',(-17.9624831192122,206.462033907258,-42.8999994439185));
#4196=CARTESIAN_POINT('Ctrl Pts',(-17.9465022818977,206.473697717115,-42.8999993252038));
#4197=CARTESIAN_POINT('Ctrl Pts',(-17.9313617730252,206.486545346326,-42.8999996865871));
#4198=CARTESIAN_POINT('Ctrl Pts',(-17.9172040857345,206.500487427653,-42.9000003504732));
#4199=CARTESIAN_POINT('Ctrl Pts',(-17.9031852164386,206.514292805029,-42.9000010078499));
#4200=CARTESIAN_POINT('Ctrl Pts',(-17.8902304709412,206.529072496242,-42.9000018417696));
#4201=CARTESIAN_POINT('Ctrl Pts',(-17.8784569388574,206.544718053939,-42.9000016561916));
#4202=CARTESIAN_POINT('Ctrl Pts',(-17.8650477531158,206.56253719162,-42.9000014448319));
#4203=CARTESIAN_POINT('Ctrl Pts',(-17.8531692291918,206.58147974718,-42.9000000085662));
#4204=CARTESIAN_POINT('Ctrl Pts',(-17.8429118977861,206.601327720447,-42.8999994347899));
#4205=CARTESIAN_POINT('Ctrl Pts',(-17.8383274078251,206.610198725057,-42.8999991783419));
#4206=CARTESIAN_POINT('Ctrl Pts',(-17.8340673744675,206.619250945237,-42.8999990582539));
#4207=CARTESIAN_POINT('Ctrl Pts',(-17.8301430292638,206.628466109862,-42.8999990737383));
#4208=CARTESIAN_POINT('Ctrl Pts',(-17.8213904078095,206.649019053965,-42.8999991082738));
#4209=CARTESIAN_POINT('Ctrl Pts',(-17.8143608759442,206.670248754437,-42.9000001247687));
#4210=CARTESIAN_POINT('Ctrl Pts',(-17.8091481310643,206.691938099732,-42.9000009283893));
#4211=CARTESIAN_POINT('Ctrl Pts',(-17.8074905718866,206.69883492169,-42.9000011839263));
#4212=CARTESIAN_POINT('Ctrl Pts',(-17.8060170822653,206.705778351053,-42.9000013945143));
#4213=CARTESIAN_POINT('Ctrl Pts',(-17.8047317551503,206.712761666076,-42.9000014534722));
#4214=CARTESIAN_POINT('Ctrl Pts',(-17.8046005290872,206.713474630836,-42.9000014594915));
#4215=CARTESIAN_POINT('Ctrl Pts',(-17.8044712648116,206.714188011381,-42.9000014639002));
#4216=CARTESIAN_POINT('Ctrl Pts',(-17.8043439625097,206.714901799631,-42.9000014667891));
#4217=CARTESIAN_POINT('Ctrl Pts',(-17.8004249177204,206.736876014402,-42.9000015557253));
#4218=CARTESIAN_POINT('Ctrl Pts',(-17.7983796133873,206.75913130041,-42.900000477782));
#4219=CARTESIAN_POINT('Ctrl Pts',(-17.798187155339,206.781428197129,-42.9000001599312));
#4220=CARTESIAN_POINT('Ctrl Pts',(-17.7981194928165,206.789267122491,-42.9000000481843));
#4221=CARTESIAN_POINT('Ctrl Pts',(-17.7982813145014,206.797111250977,-42.8999999998837));
#4222=CARTESIAN_POINT('Ctrl Pts',(-17.7986732339604,206.804950189699,-42.8999999999961));
#4223=CARTESIAN_POINT('',(-26.1981869476202,214.795001381177,-42.9));
#4224=CARTESIAN_POINT('Origin',(-26.1981818584353,206.385001381177,-42.9));
#4225=CARTESIAN_POINT('',(-68.1981767692504,214.795001381177,-42.9));
#4226=CARTESIAN_POINT('',(-57.6990883836752,214.795001381177,-42.9));
#4227=CARTESIAN_POINT('',(-76.59769034955,206.804950315802,-42.9));
#4228=CARTESIAN_POINT('Origin',(-68.1981818584353,206.385001381177,-42.9));
#4229=CARTESIAN_POINT('',(-76.1976628679681,206.385001381177,-42.9));
#4230=CARTESIAN_POINT('Ctrl Pts',(-76.5976903495392,206.804950315797,-42.8999999999911));
#4231=CARTESIAN_POINT('Ctrl Pts',(-76.598808625159,206.782583377573,-42.8999999996778));
#4232=CARTESIAN_POINT('Ctrl Pts',(-76.5980554975884,206.760212747411,-42.9000004184775));
#4233=CARTESIAN_POINT('Ctrl Pts',(-76.59544738408,206.738077316928,-42.9000008707033));
#4234=CARTESIAN_POINT('Ctrl Pts',(-76.5944485335337,206.729599930203,-42.9000010438959));
#4235=CARTESIAN_POINT('Ctrl Pts',(-76.5931770671904,206.721156968309,-42.900001186909));
#4236=CARTESIAN_POINT('Ctrl Pts',(-76.5916318884191,206.712761846421,-42.9000011470213));
#4237=CARTESIAN_POINT('Ctrl Pts',(-76.5878427695175,206.692175157284,-42.9000010492079));
#4238=CARTESIAN_POINT('Ctrl Pts',(-76.5824102472001,206.671874961753,-42.9000000164982));
#4239=CARTESIAN_POINT('Ctrl Pts',(-76.5753992391975,206.652044863924,-42.8999994496867));
#4240=CARTESIAN_POINT('Ctrl Pts',(-76.5679279687646,206.63091294915,-42.8999988456649));
#4241=CARTESIAN_POINT('Ctrl Pts',(-76.5587260092166,206.61048802758,-42.8999988915062));
#4242=CARTESIAN_POINT('Ctrl Pts',(-76.5479103277269,206.590978480161,-42.8999997076411));
#4243=CARTESIAN_POINT('Ctrl Pts',(-76.5389933323117,206.574893821505,-42.9000003805041));
#4244=CARTESIAN_POINT('Ctrl Pts',(-76.5289783035427,206.559431067228,-42.9000015079368));
#4245=CARTESIAN_POINT('Ctrl Pts',(-76.5179067210201,206.544718327666,-42.9000017027052));
#4246=CARTESIAN_POINT('Ctrl Pts',(-76.5112205902703,206.5358333015,-42.9000018203258));
#4247=CARTESIAN_POINT('Ctrl Pts',(-76.5041487125192,206.52722206221,-42.9000015715701));
#4248=CARTESIAN_POINT('Ctrl Pts',(-76.4967119495466,206.518904779843,-42.900001211733));
#4249=CARTESIAN_POINT('Ctrl Pts',(-76.4818609441085,206.502295402064,-42.9000004931485));
#4250=CARTESIAN_POINT('Ctrl Pts',(-76.4656777044657,206.486990728607,-42.8999996081176));
#4251=CARTESIAN_POINT('Ctrl Pts',(-76.4483657840276,206.473116136326,-42.8999994288839));
#4252=CARTESIAN_POINT('Ctrl Pts',(-76.4310581522331,206.459244981168,-42.8999992496946));
#4253=CARTESIAN_POINT('Ctrl Pts',(-76.4126212865944,206.446802303037,-42.8999997130182));
#4254=CARTESIAN_POINT('Ctrl Pts',(-76.3932249460783,206.435951383099,-42.9000000753205));
#4255=CARTESIAN_POINT('Ctrl Pts',(-76.3878004222198,206.43291673468,-42.9000001766446));
#4256=CARTESIAN_POINT('Ctrl Pts',(-76.3823007073398,206.430006857406,-42.9000002634915));
#4257=CARTESIAN_POINT('Ctrl Pts',(-76.3767292246715,206.427226004983,-42.9000003072144));
#4258=CARTESIAN_POINT('Ctrl Pts',(-76.3755314152246,206.426628151323,-42.9000003166144));
#4259=CARTESIAN_POINT('Ctrl Pts',(-76.3743302883097,206.426036262469,-42.9000003240088));
#4260=CARTESIAN_POINT('Ctrl Pts',(-76.3731258905286,206.425450355571,-42.90000032977));
#4261=CARTESIAN_POINT('Ctrl Pts',(-76.3530238535971,206.415671259089,-42.9000004259274));
#4262=CARTESIAN_POINT('Ctrl Pts',(-76.332140942936,206.40761705889,-42.9000000611611));
#4263=CARTESIAN_POINT('Ctrl Pts',(-76.3107120158755,206.401326994258,-42.8999998241294));
#4264=CARTESIAN_POINT('Ctrl Pts',(-76.3031143292852,206.399096834084,-42.8999997400892));
#4265=CARTESIAN_POINT('Ctrl Pts',(-76.2954478130382,206.397088881227,-42.8999996674972));
#4266=CARTESIAN_POINT('Ctrl Pts',(-76.2877224869649,206.395306385715,-42.8999996275648));
#4267=CARTESIAN_POINT('Ctrl Pts',(-76.2659431868165,206.390281160318,-42.8999995149872));
#4268=CARTESIAN_POINT('Ctrl Pts',(-76.243799512408,206.387067762816,-42.8999996573612));
#4269=CARTESIAN_POINT('Ctrl Pts',(-76.2215197390618,206.385722414809,-42.8999996870181));
#4270=CARTESIAN_POINT('Ctrl Pts',(-76.2135812043994,206.385243052133,-42.8999996975852));
#4271=CARTESIAN_POINT('Ctrl Pts',(-76.2056253061084,206.38500132354,-42.8999996966271));
#4272=CARTESIAN_POINT('Ctrl Pts',(-76.197662274586,206.385001381177,-42.8999996868775));
#4273=CARTESIAN_POINT('',(-74.5864057579535,206.385001381177,-42.9));
#4274=CARTESIAN_POINT('',(-46.6499999977927,206.385001381177,-42.9));
#4275=CARTESIAN_POINT('',(-74.1864487824639,206.76004704051,-42.9));
#4276=CARTESIAN_POINT('Ctrl Pts',(-74.5864057579535,206.385001381177,-42.9));
#4277=CARTESIAN_POINT('Ctrl Pts',(-74.5643923789514,206.385001381177,-42.9));
#4278=CARTESIAN_POINT('Ctrl Pts',(-74.5424848476281,206.386901317409,-42.9000014464811));
#4279=CARTESIAN_POINT('Ctrl Pts',(-74.5208842150125,206.390567325309,-42.9000026399392));
#4280=CARTESIAN_POINT('Ctrl Pts',(-74.4987951016318,206.394316237,-42.9000038603863));
#4281=CARTESIAN_POINT('Ctrl Pts',(-74.4770255663044,206.399912355835,-42.9000047338936));
#4282=CARTESIAN_POINT('Ctrl Pts',(-74.4557970297176,206.407265399352,-42.9000048732762));
#4283=CARTESIAN_POINT('Ctrl Pts',(-74.448543504916,206.409777842134,-42.9000049209015));
#4284=CARTESIAN_POINT('Ctrl Pts',(-74.4413532906048,206.412495828108,-42.9000049006228));
#4285=CARTESIAN_POINT('Ctrl Pts',(-74.4342358369329,206.415417010886,-42.9000048614173));
#4286=CARTESIAN_POINT('Ctrl Pts',(-74.4134090416006,206.423964853791,-42.9000047466956));
#4287=CARTESIAN_POINT('Ctrl Pts',(-74.3933721188119,206.434179932371,-42.900004027852));
#4288=CARTESIAN_POINT('Ctrl Pts',(-74.3743396500433,206.445954049737,-42.9000031532857));
#4289=CARTESIAN_POINT('Ctrl Pts',(-74.3556413863003,206.457521416773,-42.9000022940765));
#4290=CARTESIAN_POINT('Ctrl Pts',(-74.3379113839456,206.47059421413,-42.9000012226798));
#4291=CARTESIAN_POINT('Ctrl Pts',(-74.3213777731528,206.485112482329,-42.900002523292));
#4292=CARTESIAN_POINT('Ctrl Pts',(-74.3181797478125,206.487920688606,-42.9000027748638));
#4293=CARTESIAN_POINT('Ctrl Pts',(-74.315026590645,206.490783088286,-42.9000031233663));
#4294=CARTESIAN_POINT('Ctrl Pts',(-74.3119201213843,206.493699404807,-42.9000036000522));
#4295=CARTESIAN_POINT('Ctrl Pts',(-74.3095304449159,206.49594280475,-42.9000039667467));
#4296=CARTESIAN_POINT('Ctrl Pts',(-74.3071683978482,206.498218111707,-42.900004409407));
#4297=CARTESIAN_POINT('Ctrl Pts',(-74.3048343451564,206.50052469665,-42.9000049141706));
#4298=CARTESIAN_POINT('Ctrl Pts',(-74.28916546686,206.516009179443,-42.900008302731));
#4299=CARTESIAN_POINT('Ctrl Pts',(-74.2748765358295,206.532780232377,-42.900013871717));
#4300=CARTESIAN_POINT('Ctrl Pts',(-74.262036412553,206.550608342554,-42.9000180037527));
#4301=CARTESIAN_POINT('Ctrl Pts',(-74.2489734643759,206.568745838146,-42.9000222074948));
#4302=CARTESIAN_POINT('Ctrl Pts',(-74.2374092895676,206.58797861271,-42.9000248893022));
#4303=CARTESIAN_POINT('Ctrl Pts',(-74.2274580644332,206.608096860694,-42.9000245186441));
#4304=CARTESIAN_POINT('Ctrl Pts',(-74.2255972363037,206.61185887002,-42.9000244493329));
#4305=CARTESIAN_POINT('Ctrl Pts',(-74.2237929427045,206.61565189963,-42.9000242804523));
#4306=CARTESIAN_POINT('Ctrl Pts',(-74.2220461227035,206.619474644102,-42.9000240121746));
#4307=CARTESIAN_POINT('Ctrl Pts',(-74.2126912302269,206.639946909979,-42.9000225754443));
#4308=CARTESIAN_POINT('Ctrl Pts',(-74.205053141507,206.661111580991,-42.9000178224792));
#4309=CARTESIAN_POINT('Ctrl Pts',(-74.1992253356354,206.682747543083,-42.9000125936634));
#4310=CARTESIAN_POINT('Ctrl Pts',(-74.1935191983226,206.70393180579,-42.9000074740109));
#4311=CARTESIAN_POINT('Ctrl Pts',(-74.1895481074996,206.725569196829,-42.9000018790519));
#4312=CARTESIAN_POINT('Ctrl Pts',(-74.1874469057638,206.747465676762,-42.9000004668946));
#4313=CARTESIAN_POINT('Ctrl Pts',(-74.1870453201793,206.751650572741,-42.9000001970005));
#4314=CARTESIAN_POINT('Ctrl Pts',(-74.1867121892463,206.755844940217,-42.9000000863228));
#4315=CARTESIAN_POINT('Ctrl Pts',(-74.1864486769715,206.760047421941,-42.9000001767596));
#4316=CARTESIAN_POINT('Origin',(-68.1981818584353,206.385001381177,-42.9));
#4317=CARTESIAN_POINT('',(-74.1142616393904,198.975001381177,-42.9));
#4318=CARTESIAN_POINT('',(-20.2821020731921,198.975001381177,-42.9));
#4319=CARTESIAN_POINT('',(-60.6571308187452,198.975001381177,-42.9));
#4320=CARTESIAN_POINT('',(-20.2099149322622,198.35004704051,-42.9));
#4321=CARTESIAN_POINT('Origin',(-26.1981818562908,197.975001381177,-42.9));
#4322=CARTESIAN_POINT('',(-19.8099579567726,197.975001381177,-42.9));
#4323=CARTESIAN_POINT('Ctrl Pts',(-20.2099150372759,198.35004742177,-42.9000001783196));
#4324=CARTESIAN_POINT('Ctrl Pts',(-20.2085385666544,198.328095530615,-42.8999997059148));
#4325=CARTESIAN_POINT('Ctrl Pts',(-20.2052672413622,198.306370452749,-42.9000044858635));
#4326=CARTESIAN_POINT('Ctrl Pts',(-20.2002477542015,198.285064349802,-42.9000095261144));
#4327=CARTESIAN_POINT('Ctrl Pts',(-20.1951097046199,198.263254987645,-42.9000146854183));
#4328=CARTESIAN_POINT('Ctrl Pts',(-20.1881394884856,198.241883279164,-42.9000201356688));
#4329=CARTESIAN_POINT('Ctrl Pts',(-20.1794420345688,198.221165054174,-42.9000227543594));
#4330=CARTESIAN_POINT('Ctrl Pts',(-20.1765604017875,198.214300710095,-42.9000236219817));
#4331=CARTESIAN_POINT('Ctrl Pts',(-20.1734887767273,198.207508267971,-42.9000241953602));
#4332=CARTESIAN_POINT('Ctrl Pts',(-20.1702298782613,198.200796207968,-42.9000244074365));
#4333=CARTESIAN_POINT('Ctrl Pts',(-20.1604146823694,198.180580731957,-42.9000250461707));
#4334=CARTESIAN_POINT('Ctrl Pts',(-20.1489848501498,198.161258778747,-42.90002260221));
#4335=CARTESIAN_POINT('Ctrl Pts',(-20.1360639302416,198.143035109974,-42.9000184931499));
#4336=CARTESIAN_POINT('Ctrl Pts',(-20.1233407843072,198.125090381664,-42.9000144469852));
#4337=CARTESIAN_POINT('Ctrl Pts',(-20.1091711097249,198.108209385864,-42.9000088198102));
#4338=CARTESIAN_POINT('Ctrl Pts',(-20.0936315104122,198.092614718978,-42.9000052608317));
#4339=CARTESIAN_POINT('Ctrl Pts',(-20.0906208204425,198.089593360046,-42.9000045713042));
#4340=CARTESIAN_POINT('Ctrl Pts',(-20.0875586009391,198.086620398849,-42.900003965555));
#4341=CARTESIAN_POINT('Ctrl Pts',(-20.0844452607015,198.083697632444,-42.9000034786738));
#4342=CARTESIAN_POINT('Ctrl Pts',(-20.0821256981416,198.081520054984,-42.9000031159278));
#4343=CARTESIAN_POINT('Ctrl Pts',(-20.079777758066,198.079370341423,-42.9000028192255));
#4344=CARTESIAN_POINT('Ctrl Pts',(-20.0774020424926,198.077248782449,-42.900002576672));
#4345=CARTESIAN_POINT('Ctrl Pts',(-20.0609841292964,198.06258727521,-42.9000009004521));
#4346=CARTESIAN_POINT('Ctrl Pts',(-20.0433696084022,198.049380527871,-42.9000019906725));
#4347=CARTESIAN_POINT('Ctrl Pts',(-20.024792974656,198.037680114081,-42.9000029134663));
#4348=CARTESIAN_POINT('Ctrl Pts',(-20.0058498527108,198.025748869257,-42.9000038544654));
#4349=CARTESIAN_POINT('Ctrl Pts',(-19.9859050212958,198.015383297363,-42.9000046850484));
#4350=CARTESIAN_POINT('Ctrl Pts',(-19.9651774430781,198.006681606149,-42.9000048084543));
#4351=CARTESIAN_POINT('Ctrl Pts',(-19.961204930779,198.005013896829,-42.9000048321054));
#4352=CARTESIAN_POINT('Ctrl Pts',(-19.9572036143339,198.003407447643,-42.9000048353914));
#4353=CARTESIAN_POINT('Ctrl Pts',(-19.9531749749374,198.001863161458,-42.9000048212829));
#4354=CARTESIAN_POINT('Ctrl Pts',(-19.9321622824863,197.993808429463,-42.9000047476957));
#4355=CARTESIAN_POINT('Ctrl Pts',(-19.9105669282307,197.987501939418,-42.9000042643752));
#4356=CARTESIAN_POINT('Ctrl Pts',(-19.8886150553835,197.983021711533,-42.9000032087751));
#4357=CARTESIAN_POINT('Ctrl Pts',(-19.867099170907,197.978630465909,-42.9000021741404));
#4358=CARTESIAN_POINT('Ctrl Pts',(-19.8452394632761,197.975993306084,-42.9000006701087));
#4359=CARTESIAN_POINT('Ctrl Pts',(-19.8232381663584,197.97523161735,-42.9000001612268));
#4360=CARTESIAN_POINT('Ctrl Pts',(-19.8188165939184,197.975078541741,-42.9000000589575));
#4361=CARTESIAN_POINT('Ctrl Pts',(-19.8143893041193,197.975001381177,-42.9));
#4362=CARTESIAN_POINT('Ctrl Pts',(-19.8099579567726,197.975001381177,-42.9));
#4363=CARTESIAN_POINT('',(-18.1987007130275,197.975001381177,-42.9));
#4364=CARTESIAN_POINT('',(-46.6499999967205,197.975001381177,-42.9));
#4365=CARTESIAN_POINT('',(-17.7986732318086,198.394950189702,-42.9));
#4366=CARTESIAN_POINT('Ctrl Pts',(-18.198701056138,197.975001381177,-42.8999998976649));
#4367=CARTESIAN_POINT('Ctrl Pts',(-18.1764812120848,197.975001220496,-42.8999998997739));
#4368=CARTESIAN_POINT('Ctrl Pts',(-18.1543540274504,197.97687977162,-42.90000002436));
#4369=CARTESIAN_POINT('Ctrl Pts',(-18.1325394249902,197.980545433762,-42.9000000419943));
#4370=CARTESIAN_POINT('Ctrl Pts',(-18.1105839574716,197.984234766458,-42.9000000597425));
#4371=CARTESIAN_POINT('Ctrl Pts',(-18.0889437303729,197.989734652723,-42.9000000449261));
#4372=CARTESIAN_POINT('Ctrl Pts',(-18.0678493015699,197.997002786143,-42.9000001654372));
#4373=CARTESIAN_POINT('Ctrl Pts',(-18.0606728198799,197.999475459232,-42.900000206436));
#4374=CARTESIAN_POINT('Ctrl Pts',(-18.0535596582402,198.002153205476,-42.90000026135));
#4375=CARTESIAN_POINT('Ctrl Pts',(-18.0465195083886,198.005035608037,-42.9000003230344));
#4376=CARTESIAN_POINT('Ctrl Pts',(-18.0373965563874,198.008770758677,-42.9000004029679));
#4377=CARTESIAN_POINT('Ctrl Pts',(-18.0284285764053,198.012836256342,-42.9000004777765));
#4378=CARTESIAN_POINT('Ctrl Pts',(-18.0196343357535,198.017225651081,-42.9000004227412));
#4379=CARTESIAN_POINT('Ctrl Pts',(-17.9996287636343,198.027210862593,-42.9000002975441));
#4380=CARTESIAN_POINT('Ctrl Pts',(-17.9805205012408,198.038869039939,-42.8999995787498));
#4381=CARTESIAN_POINT('Ctrl Pts',(-17.9624831321006,198.052033835918,-42.8999994445068));
#4382=CARTESIAN_POINT('Ctrl Pts',(-17.9465022927035,198.063697648339,-42.8999993255695));
#4383=CARTESIAN_POINT('Ctrl Pts',(-17.9313617818416,198.076545282312,-42.8999996867781));
#4384=CARTESIAN_POINT('Ctrl Pts',(-17.9172040927342,198.090487369241,-42.9000003505286));
#4385=CARTESIAN_POINT('Ctrl Pts',(-17.9031852236303,198.104292750204,-42.9000010077709));
#4386=CARTESIAN_POINT('Ctrl Pts',(-17.8902304782195,198.119072445496,-42.9000018415952));
#4387=CARTESIAN_POINT('Ctrl Pts',(-17.8784569461384,198.134718006472,-42.9000016559489));
#4388=CARTESIAN_POINT('Ctrl Pts',(-17.8650477602936,198.152537148029,-42.9000014445114));
#4389=CARTESIAN_POINT('Ctrl Pts',(-17.8531692361818,198.171479706448,-42.9000000082027));
#4390=CARTESIAN_POINT('Ctrl Pts',(-17.8429119043982,198.191327682562,-42.8999994344103));
#4391=CARTESIAN_POINT('Ctrl Pts',(-17.8383274143861,198.200198688216,-42.8999991779551));
#4392=CARTESIAN_POINT('Ctrl Pts',(-17.8340673809227,198.209250909428,-42.8999990578653));
#4393=CARTESIAN_POINT('Ctrl Pts',(-17.8301430355479,198.218466075166,-42.899999073353));
#4394=CARTESIAN_POINT('Ctrl Pts',(-17.821390413519,198.239019022201,-42.8999991078957));
#4395=CARTESIAN_POINT('Ctrl Pts',(-17.8143608808315,198.260248726021,-42.9000001244228));
#4396=CARTESIAN_POINT('Ctrl Pts',(-17.809148134775,198.281938076084,-42.9000009280979));
#4397=CARTESIAN_POINT('Ctrl Pts',(-17.8074905752526,198.288834899436,-42.9000011836521));
#4398=CARTESIAN_POINT('Ctrl Pts',(-17.806017085244,198.295778330335,-42.9000013942597));
#4399=CARTESIAN_POINT('Ctrl Pts',(-17.8047317576956,198.30276164707,-42.9000014532395));
#4400=CARTESIAN_POINT('Ctrl Pts',(-17.8046005315865,198.303474612014,-42.9000014592611));
#4401=CARTESIAN_POINT('Ctrl Pts',(-17.8044712672644,198.304187992745,-42.900001463672));
#4402=CARTESIAN_POINT('Ctrl Pts',(-17.8043439649157,198.304901781183,-42.9000014665632));
#4403=CARTESIAN_POINT('Ctrl Pts',(-17.8004249188556,198.326876000778,-42.9000015555697));
#4404=CARTESIAN_POINT('Ctrl Pts',(-17.7983796127321,198.349131293123,-42.9000004777166));
#4405=CARTESIAN_POINT('Ctrl Pts',(-17.7981871536911,198.371428192287,-42.9000001599077));
#4406=CARTESIAN_POINT('Ctrl Pts',(-17.7981194908082,198.379267119824,-42.9000000481755));
#4407=CARTESIAN_POINT('Ctrl Pts',(-17.7982813123083,198.387111250004,-42.8999999998837));
#4408=CARTESIAN_POINT('Ctrl Pts',(-17.7986732318159,198.394950189699,-42.8999999999962));
#4409=CARTESIAN_POINT('',(-26.1981869454757,206.385001381177,-42.9));
#4410=CARTESIAN_POINT('Origin',(-26.1981818562908,197.975001381177,-42.9));
#4411=CARTESIAN_POINT('',(-68.1981767671059,206.385001381177,-42.9));
#4412=CARTESIAN_POINT('',(-57.699088382603,206.385001381177,-42.9));
#4413=CARTESIAN_POINT('',(-76.5976903474055,198.394950315802,-42.9));
#4414=CARTESIAN_POINT('Origin',(-68.1981818562908,197.975001381177,-42.9));
#4415=CARTESIAN_POINT('',(-76.1976628658235,197.975001381177,-42.9));
#4416=CARTESIAN_POINT('Ctrl Pts',(-76.5976903473947,198.394950315797,-42.8999999999911));
#4417=CARTESIAN_POINT('Ctrl Pts',(-76.5988086228295,198.372583381272,-42.8999999996778));
#4418=CARTESIAN_POINT('Ctrl Pts',(-76.5980554946195,198.350212750408,-42.9000004184236));
#4419=CARTESIAN_POINT('Ctrl Pts',(-76.5954473810122,198.328077318849,-42.9000008705922));
#4420=CARTESIAN_POINT('Ctrl Pts',(-76.5944485298315,198.31959992665,-42.900001043763));
#4421=CARTESIAN_POINT('Ctrl Pts',(-76.5931770626075,198.311156959266,-42.9000011867538));
#4422=CARTESIAN_POINT('Ctrl Pts',(-76.5916318827635,198.30276183212,-42.9000011468458));
#4423=CARTESIAN_POINT('Ctrl Pts',(-76.5878427628673,198.282175138977,-42.9000010489828));
#4424=CARTESIAN_POINT('Ctrl Pts',(-76.5824102398208,198.261874940584,-42.9000000162368));
#4425=CARTESIAN_POINT('Ctrl Pts',(-76.5753992312892,198.242044840416,-42.8999994493992));
#4426=CARTESIAN_POINT('Ctrl Pts',(-76.567927960216,198.220912922934,-42.8999988453496));
#4427=CARTESIAN_POINT('Ctrl Pts',(-76.5587260002238,198.200487999281,-42.8999988911748));
#4428=CARTESIAN_POINT('Ctrl Pts',(-76.5479103184055,198.180978449649,-42.8999997073017));
#4429=CARTESIAN_POINT('Ctrl Pts',(-76.5389933229216,198.164893789534,-42.900000380158));
#4430=CARTESIAN_POINT('Ctrl Pts',(-76.5289782942126,198.149431033683,-42.9000015075892));
#4431=CARTESIAN_POINT('Ctrl Pts',(-76.5179067118322,198.134718292,-42.9000017023596));
#4432=CARTESIAN_POINT('Ctrl Pts',(-76.5112205810851,198.125833264444,-42.9000018199814));
#4433=CARTESIAN_POINT('Ctrl Pts',(-76.5041487033572,198.117222023571,-42.9000015712281));
#4434=CARTESIAN_POINT('Ctrl Pts',(-76.4967119404314,198.108904739604,-42.9000012113948));
#4435=CARTESIAN_POINT('Ctrl Pts',(-76.4818609341526,198.092295357584,-42.9000004928178));
#4436=CARTESIAN_POINT('Ctrl Pts',(-76.4656776935952,198.076990680014,-42.8999996078));
#4437=CARTESIAN_POINT('Ctrl Pts',(-76.4483657722282,198.063116085167,-42.8999994285865));
#4438=CARTESIAN_POINT('Ctrl Pts',(-76.431058146733,198.049244933234,-42.8999992494174));
#4439=CARTESIAN_POINT('Ctrl Pts',(-76.4126212883203,198.036802258677,-42.8999997127678));
#4440=CARTESIAN_POINT('Ctrl Pts',(-76.3932249558045,198.025951343898,-42.9000000751058));
#4441=CARTESIAN_POINT('Ctrl Pts',(-76.3878004266001,198.022916692679,-42.9000001764401));
#4442=CARTESIAN_POINT('Ctrl Pts',(-76.3823007062247,198.020006813078,-42.9000002632978));
#4443=CARTESIAN_POINT('Ctrl Pts',(-76.3767292179229,198.017225958847,-42.9000003070322));
#4444=CARTESIAN_POINT('Ctrl Pts',(-76.3755314085146,198.016628105422,-42.9000003164346));
#4445=CARTESIAN_POINT('Ctrl Pts',(-76.3743302816388,198.016036216814,-42.9000003238315));
#4446=CARTESIAN_POINT('Ctrl Pts',(-76.3731258838972,198.015450310174,-42.9000003295952));
#4447=CARTESIAN_POINT('Ctrl Pts',(-76.3530238513469,198.005671219798,-42.9000004257946));
#4448=CARTESIAN_POINT('Ctrl Pts',(-76.3321409454901,197.997617028076,-42.9000000610789));
#4449=CARTESIAN_POINT('Ctrl Pts',(-76.3107120233417,197.991326971466,-42.899999824097));
#4450=CARTESIAN_POINT('Ctrl Pts',(-76.3031143331203,197.989096812559,-42.8999997400744));
#4451=CARTESIAN_POINT('Ctrl Pts',(-76.2954478131586,197.987088861226,-42.8999996674999));
#4452=CARTESIAN_POINT('Ctrl Pts',(-76.2877224832943,197.985306367375,-42.8999996275846));
#4453=CARTESIAN_POINT('Ctrl Pts',(-76.2659431771464,197.980281147744,-42.8999995150551));
#4454=CARTESIAN_POINT('Ctrl Pts',(-76.2437994963939,197.977067756307,-42.8999996574734));
#4455=CARTESIAN_POINT('Ctrl Pts',(-76.2215197163818,197.975722411951,-42.8999996871611));
#4456=CARTESIAN_POINT('Ctrl Pts',(-76.2135811886152,197.975243051134,-42.8999996977392));
#4457=CARTESIAN_POINT('Ctrl Pts',(-76.2056252972194,197.975001323541,-42.8999996967903));
#4458=CARTESIAN_POINT('Ctrl Pts',(-76.1976622725568,197.975001381177,-42.8999996870479));
#4459=CARTESIAN_POINT('',(-74.5864057558089,197.975001381177,-42.9));
#4460=CARTESIAN_POINT('',(-46.6499999967205,197.975001381177,-42.9));
#4461=CARTESIAN_POINT('',(-74.1864487803194,198.35004704051,-42.9));
#4462=CARTESIAN_POINT('Ctrl Pts',(-74.5864057558089,197.975001381177,-42.9));
#4463=CARTESIAN_POINT('Ctrl Pts',(-74.5643923436618,197.975001381177,-42.9));
#4464=CARTESIAN_POINT('Ctrl Pts',(-74.5424847686422,197.976901311568,-42.9000014458465));
#4465=CARTESIAN_POINT('Ctrl Pts',(-74.5208840874729,197.980567312304,-42.9000026383102));
#4466=CARTESIAN_POINT('Ctrl Pts',(-74.4987949641682,197.984316209928,-42.9000038577384));
#4467=CARTESIAN_POINT('Ctrl Pts',(-74.4770254126607,197.989912306662,-42.9000047298507));
#4468=CARTESIAN_POINT('Ctrl Pts',(-74.4557968583951,197.997265325429,-42.9000048677555));
#4469=CARTESIAN_POINT('Ctrl Pts',(-74.4485433504687,197.999777751816,-42.9000049148757));
#4470=CARTESIAN_POINT('Ctrl Pts',(-74.4413531524579,198.002495719787,-42.9000048940826));
#4471=CARTESIAN_POINT('Ctrl Pts',(-74.4342357146135,198.005416883191,-42.9000048543647));
#4472=CARTESIAN_POINT('Ctrl Pts',(-74.4134088911376,198.013964699962,-42.9000047381436));
#4473=CARTESIAN_POINT('Ctrl Pts',(-74.3933719408637,198.02417975331,-42.9000040178291));
#4474=CARTESIAN_POINT('Ctrl Pts',(-74.3743394503096,198.03595385158,-42.9000031421127));
#4475=CARTESIAN_POINT('Ctrl Pts',(-74.3556412097925,198.047521172247,-42.9000022817756));
#4476=CARTESIAN_POINT('Ctrl Pts',(-74.337911231535,198.060593921963,-42.9000012095615));
#4477=CARTESIAN_POINT('Ctrl Pts',(-74.3213776489596,198.075112146758,-42.9000025099307));
#4478=CARTESIAN_POINT('Ctrl Pts',(-74.318179586478,198.077920382046,-42.9000027614589));
#4479=CARTESIAN_POINT('Ctrl Pts',(-74.3150263935185,198.080782812339,-42.9000031099418));
#4480=CARTESIAN_POINT('Ctrl Pts',(-74.3119198899117,198.083699161104,-42.9000035866353));
#4481=CARTESIAN_POINT('Ctrl Pts',(-74.3095302134441,198.085942561048,-42.9000039533316));
#4482=CARTESIAN_POINT('Ctrl Pts',(-74.3071681666219,198.088217868265,-42.9000043960082));
#4483=CARTESIAN_POINT('Ctrl Pts',(-74.3048341144053,198.090524453711,-42.9000049008015));
#4484=CARTESIAN_POINT('Ctrl Pts',(-74.2891652716671,198.106008907901,-42.9000082895548));
#4485=CARTESIAN_POINT('Ctrl Pts',(-74.2748763808005,198.122779937867,-42.9000138593323));
#4486=CARTESIAN_POINT('Ctrl Pts',(-74.2620362969597,198.140608026921,-42.9000179924905));
#4487=CARTESIAN_POINT('Ctrl Pts',(-74.2489733582482,198.158745543586,-42.9000221973847));
#4488=CARTESIAN_POINT('Ctrl Pts',(-74.2374091991973,198.177978346277,-42.9000248806803));
#4489=CARTESIAN_POINT('Ctrl Pts',(-74.2274579911516,198.198096623942,-42.9000245115472));
#4490=CARTESIAN_POINT('Ctrl Pts',(-74.2255971493292,198.201858672962,-42.9000244425206));
#4491=CARTESIAN_POINT('Ctrl Pts',(-74.2237928431098,198.205651742883,-42.900024273924));
#4492=CARTESIAN_POINT('Ctrl Pts',(-74.2220460115544,198.209474528211,-42.9000240059279));
#4493=CARTESIAN_POINT('Ctrl Pts',(-74.2126911468166,198.229946816773,-42.900022570719));
#4494=CARTESIAN_POINT('Ctrl Pts',(-74.2050530845907,198.251111509651,-42.9000178192472));
#4495=CARTESIAN_POINT('Ctrl Pts',(-74.1992252989071,198.27274748763,-42.9000125915992));
#4496=CARTESIAN_POINT('Ctrl Pts',(-74.1935191713541,198.293931803043,-42.9000074730812));
#4497=CARTESIAN_POINT('Ctrl Pts',(-74.1895480903374,198.315569242666,-42.9000018789438));
#4498=CARTESIAN_POINT('Ctrl Pts',(-74.1874468942992,198.337465761068,-42.9000004670343));
#4499=CARTESIAN_POINT('Ctrl Pts',(-74.1870453131554,198.341650629468,-42.9000001971898));
#4500=CARTESIAN_POINT('Ctrl Pts',(-74.1867121853706,198.345844968838,-42.9000000865381));
#4501=CARTESIAN_POINT('Ctrl Pts',(-74.1864486748929,198.350047421917,-42.9000001769744));
#4502=CARTESIAN_POINT('Origin',(-68.1981818562908,197.975001381177,-42.9));
#4503=CARTESIAN_POINT('',(-68.2000000025619,244.000000009541,-42.9));
#4504=CARTESIAN_POINT('Origin',(-72.2000000025619,244.000000009541,-42.9));
#4505=CARTESIAN_POINT('Origin',(-72.2000000025619,194.000000009541,-40.));
#4506=CARTESIAN_POINT('',(-70.2000000025619,194.000000009541,-40.));
#4507=CARTESIAN_POINT('',(-70.2000000025619,194.000000009541,-40.));
#4508=CARTESIAN_POINT('Origin',(-72.2000000025619,194.000000009541,-40.));
#4509=CARTESIAN_POINT('Origin',(-22.2000000025619,194.000000009541,-41.9));
#4510=CARTESIAN_POINT('',(-20.2000000025619,194.000000009541,-40.9));
#4511=CARTESIAN_POINT('',(-19.2000000025619,194.000000009541,-41.9));
#4512=CARTESIAN_POINT('Origin',(-22.2000000025619,194.000000009541,-40.9));
#4513=CARTESIAN_POINT('Origin',(-22.2000000025619,194.000000009541,-40.));
#4514=CARTESIAN_POINT('',(-20.2000000025619,194.000000009541,-40.));
#4515=CARTESIAN_POINT('',(-20.2000000025619,194.000000009541,-40.));
#4516=CARTESIAN_POINT('Origin',(-22.2000000025619,194.000000009541,-40.));
#4517=CARTESIAN_POINT('Origin',(-72.2000000025619,244.000000009541,-41.9));
#4518=CARTESIAN_POINT('',(-70.2000000025619,244.000000009541,-40.9));
#4519=CARTESIAN_POINT('',(-69.2000000025619,244.000000009541,-41.9));
#4520=CARTESIAN_POINT('Origin',(-72.2000000025619,244.000000009541,-40.9));
#4521=CARTESIAN_POINT('Origin',(-72.2000000025619,244.000000009541,-40.));
#4522=CARTESIAN_POINT('',(-70.2000000025619,244.000000009541,-40.));
#4523=CARTESIAN_POINT('',(-70.2000000025619,244.000000009541,-40.));
#4524=CARTESIAN_POINT('Origin',(-72.2000000025619,244.000000009541,-40.));
#4525=CARTESIAN_POINT('Origin',(-22.2000000025619,244.000000009541,-41.9));
#4526=CARTESIAN_POINT('',(-20.2000000025619,244.000000009541,-40.9));
#4527=CARTESIAN_POINT('',(-19.2000000025619,244.000000009541,-41.9));
#4528=CARTESIAN_POINT('Origin',(-22.2000000025619,244.000000009541,-40.9));
#4529=CARTESIAN_POINT('Origin',(-22.2000000025619,244.000000009541,-40.));
#4530=CARTESIAN_POINT('',(-20.2000000025619,244.000000009541,-40.));
#4531=CARTESIAN_POINT('',(-20.2000000025619,244.000000009541,-40.));
#4532=CARTESIAN_POINT('Origin',(-22.2000000025619,244.000000009541,-40.));
#4533=CARTESIAN_POINT('Origin',(-35.1981818691586,240.025001381177,-42.9));
#4534=CARTESIAN_POINT('',(-35.1981818691589,246.025001381177,-40.));
#4535=CARTESIAN_POINT('',(-29.2821020860594,241.025001381177,-40.));
#4536=CARTESIAN_POINT('Origin',(-35.1981818691586,240.025001381177,-40.));
#4537=CARTESIAN_POINT('',(-35.1981818691589,246.025001381177,-42.9));
#4538=CARTESIAN_POINT('',(-35.1981818691589,246.025001381177,-42.9));
#4539=CARTESIAN_POINT('',(-29.2821020860594,241.025001381177,-42.9));
#4540=CARTESIAN_POINT('Origin',(-35.1981818691589,240.025001381177,-42.9));
#4541=CARTESIAN_POINT('',(-29.2821020860594,241.025001381177,-42.9));
#4542=CARTESIAN_POINT('Origin',(-65.1142616522585,241.025001381177,-42.9));
#4543=CARTESIAN_POINT('',(-65.1142616522585,241.025001381177,-40.));
#4544=CARTESIAN_POINT('',(-56.1571308251792,241.025001381177,-40.));
#4545=CARTESIAN_POINT('',(-65.1142616522585,241.025001381177,-42.9));
#4546=CARTESIAN_POINT('',(-56.1571308251792,241.025001381177,-42.9));
#4547=CARTESIAN_POINT('',(-65.1142616522585,241.025001381177,-42.9));
#4548=CARTESIAN_POINT('Origin',(-59.1981818691589,240.025001381177,-42.9));
#4549=CARTESIAN_POINT('',(-59.1981818691588,246.025001381177,-40.));
#4550=CARTESIAN_POINT('Origin',(-59.1981818691589,240.025001381177,-40.));
#4551=CARTESIAN_POINT('',(-59.1981818691588,246.025001381177,-42.9));
#4552=CARTESIAN_POINT('Origin',(-59.1981818691588,240.025001381177,-42.9));
#4553=CARTESIAN_POINT('',(-59.1981818691588,246.025001381177,-42.9));
#4554=CARTESIAN_POINT('Origin',(-35.1981818691589,246.025001381177,-42.9));
#4555=CARTESIAN_POINT('',(-41.1990909336294,246.025001381177,-40.));
#4556=CARTESIAN_POINT('',(-41.1990909336294,246.025001381177,-42.9));
#4557=CARTESIAN_POINT('Origin',(-35.1981818562914,189.565001381177,-42.9));
#4558=CARTESIAN_POINT('',(-35.1981818562916,195.565001381177,-40.));
#4559=CARTESIAN_POINT('',(-29.2821020731922,190.565001381177,-40.));
#4560=CARTESIAN_POINT('Origin',(-35.1981818562914,189.565001381177,-40.));
#4561=CARTESIAN_POINT('',(-35.1981818562916,195.565001381177,-42.9));
#4562=CARTESIAN_POINT('',(-35.1981818562916,195.565001381177,-42.9));
#4563=CARTESIAN_POINT('Origin',(-35.1981818562916,189.565001381177,-42.9));
#4564=CARTESIAN_POINT('',(-29.2821020731922,190.565001381177,-42.9));
#4565=CARTESIAN_POINT('Origin',(-65.1142616393912,190.565001381177,-42.9));
#4566=CARTESIAN_POINT('',(-65.1142616393912,190.565001381177,-40.));
#4567=CARTESIAN_POINT('',(-56.1571308187456,190.565001381177,-40.));
#4568=CARTESIAN_POINT('',(-65.1142616393912,190.565001381177,-42.9));
#4569=CARTESIAN_POINT('Origin',(-59.1981818562916,189.565001381177,-42.9));
#4570=CARTESIAN_POINT('',(-59.1981818562916,195.565001381177,-40.));
#4571=CARTESIAN_POINT('Origin',(-59.1981818562916,189.565001381177,-40.));
#4572=CARTESIAN_POINT('',(-59.1981818562916,195.565001381177,-42.9));
#4573=CARTESIAN_POINT('Origin',(-59.1981818562916,189.565001381177,-42.9));
#4574=CARTESIAN_POINT('',(-59.1981818562916,195.565001381177,-42.9));
#4575=CARTESIAN_POINT('Origin',(-35.1981818562916,195.565001381177,-42.9));
#4576=CARTESIAN_POINT('',(-41.1990909271958,195.565001381177,-40.));
#4577=CARTESIAN_POINT('',(-41.1990909271958,195.565001381177,-42.9));
#4578=CARTESIAN_POINT('Origin',(-26.1981818648681,231.615001381179,-42.9));
#4579=CARTESIAN_POINT('',(-26.198181864869,237.615001381177,-40.));
#4580=CARTESIAN_POINT('',(-20.2821020817702,232.615001381177,-40.));
#4581=CARTESIAN_POINT('Origin',(-26.1981818648681,231.615001381179,-40.));
#4582=CARTESIAN_POINT('',(-26.198181864869,237.615001381177,-42.9));
#4583=CARTESIAN_POINT('',(-26.198181864869,237.615001381177,-42.9));
#4584=CARTESIAN_POINT('Origin',(-26.198181864869,231.615001381177,-42.9));
#4585=CARTESIAN_POINT('',(-20.2821020817702,232.615001381177,-42.9));
#4586=CARTESIAN_POINT('Origin',(-74.1142616479686,232.615001381177,-42.9));
#4587=CARTESIAN_POINT('',(-74.1142616479686,232.615001381177,-40.));
#4588=CARTESIAN_POINT('',(-60.6571308230343,232.615001381177,-40.));
#4589=CARTESIAN_POINT('',(-74.1142616479686,232.615001381177,-42.9));
#4590=CARTESIAN_POINT('Origin',(-68.1981818648689,231.615001381177,-42.9));
#4591=CARTESIAN_POINT('',(-68.198181864869,237.615001381177,-40.));
#4592=CARTESIAN_POINT('Origin',(-68.1981818648689,231.615001381177,-40.));
#4593=CARTESIAN_POINT('',(-68.198181864869,237.615001381177,-42.9));
#4594=CARTESIAN_POINT('Origin',(-68.1981818648689,231.615001381177,-42.9));
#4595=CARTESIAN_POINT('',(-68.198181864869,237.615001381177,-42.9));
#4596=CARTESIAN_POINT('Origin',(-26.198181864869,237.615001381177,-42.9));
#4597=CARTESIAN_POINT('',(-36.6990909314845,237.615001381177,-40.));
#4598=CARTESIAN_POINT('',(-36.6990909314845,237.615001381177,-42.9));
#4599=CARTESIAN_POINT('Origin',(-26.1981818627235,223.205001381179,-42.9));
#4600=CARTESIAN_POINT('',(-26.1981818627244,229.205001381177,-40.));
#4601=CARTESIAN_POINT('',(-20.2821020796257,224.205001381177,-40.));
#4602=CARTESIAN_POINT('Origin',(-26.1981818627235,223.205001381179,-40.));
#4603=CARTESIAN_POINT('',(-26.1981818627244,229.205001381177,-42.9));
#4604=CARTESIAN_POINT('',(-26.1981818627244,229.205001381177,-42.9));
#4605=CARTESIAN_POINT('Origin',(-26.1981818627244,223.205001381177,-42.9));
#4606=CARTESIAN_POINT('',(-20.2821020796257,224.205001381177,-42.9));
#4607=CARTESIAN_POINT('Origin',(-74.114261645824,224.205001381177,-42.9));
#4608=CARTESIAN_POINT('',(-74.114261645824,224.205001381177,-40.));
#4609=CARTESIAN_POINT('',(-60.657130821962,224.205001381177,-40.));
#4610=CARTESIAN_POINT('',(-74.114261645824,224.205001381177,-42.9));
#4611=CARTESIAN_POINT('Origin',(-68.1981818627244,223.205001381177,-42.9));
#4612=CARTESIAN_POINT('',(-68.1981818627244,229.205001381177,-40.));
#4613=CARTESIAN_POINT('Origin',(-68.1981818627244,223.205001381177,-40.));
#4614=CARTESIAN_POINT('',(-68.1981818627244,229.205001381177,-42.9));
#4615=CARTESIAN_POINT('Origin',(-68.1981818627244,223.205001381177,-42.9));
#4616=CARTESIAN_POINT('',(-68.1981818627244,229.205001381177,-42.9));
#4617=CARTESIAN_POINT('Origin',(-26.1981818627244,229.205001381177,-42.9));
#4618=CARTESIAN_POINT('',(-36.6990909304122,229.205001381177,-40.));
#4619=CARTESIAN_POINT('',(-36.6990909304122,229.205001381177,-42.9));
#4620=CARTESIAN_POINT('Origin',(-26.198181860579,214.795001381179,-42.9));
#4621=CARTESIAN_POINT('',(-26.1981818605799,220.795001381177,-40.));
#4622=CARTESIAN_POINT('',(-20.2821020774812,215.795001381177,-40.));
#4623=CARTESIAN_POINT('Origin',(-26.198181860579,214.795001381179,-40.));
#4624=CARTESIAN_POINT('',(-26.1981818605799,220.795001381177,-42.9));
#4625=CARTESIAN_POINT('',(-26.1981818605799,220.795001381177,-42.9));
#4626=CARTESIAN_POINT('Origin',(-26.1981818605799,214.795001381177,-42.9));
#4627=CARTESIAN_POINT('',(-20.2821020774812,215.795001381177,-42.9));
#4628=CARTESIAN_POINT('Origin',(-74.1142616436795,215.795001381177,-42.9));
#4629=CARTESIAN_POINT('',(-74.1142616436795,215.795001381177,-40.));
#4630=CARTESIAN_POINT('',(-60.6571308208897,215.795001381177,-40.));
#4631=CARTESIAN_POINT('',(-74.1142616436795,215.795001381177,-42.9));
#4632=CARTESIAN_POINT('Origin',(-68.1981818605798,214.795001381177,-42.9));
#4633=CARTESIAN_POINT('',(-68.1981818605799,220.795001381177,-40.));
#4634=CARTESIAN_POINT('Origin',(-68.1981818605798,214.795001381177,-40.));
#4635=CARTESIAN_POINT('',(-68.1981818605799,220.795001381177,-42.9));
#4636=CARTESIAN_POINT('Origin',(-68.1981818605799,214.795001381177,-42.9));
#4637=CARTESIAN_POINT('',(-68.1981818605799,220.795001381177,-42.9));
#4638=CARTESIAN_POINT('Origin',(-26.1981818605799,220.795001381177,-42.9));
#4639=CARTESIAN_POINT('',(-36.6990909293399,220.795001381177,-40.));
#4640=CARTESIAN_POINT('',(-36.6990909293399,220.795001381177,-42.9));
#4641=CARTESIAN_POINT('Origin',(-26.1981818584344,206.385001381179,-42.9));
#4642=CARTESIAN_POINT('',(-26.1981818584353,212.385001381177,-40.));
#4643=CARTESIAN_POINT('',(-20.2821020753366,207.385001381177,-40.));
#4644=CARTESIAN_POINT('Origin',(-26.1981818584344,206.385001381179,-40.));
#4645=CARTESIAN_POINT('',(-26.1981818584353,212.385001381177,-42.9));
#4646=CARTESIAN_POINT('',(-26.1981818584353,212.385001381177,-42.9));
#4647=CARTESIAN_POINT('Origin',(-26.1981818584353,206.385001381177,-42.9));
#4648=CARTESIAN_POINT('',(-20.2821020753366,207.385001381177,-42.9));
#4649=CARTESIAN_POINT('Origin',(-74.1142616415349,207.385001381177,-42.9));
#4650=CARTESIAN_POINT('',(-74.1142616415349,207.385001381177,-40.));
#4651=CARTESIAN_POINT('',(-60.6571308198175,207.385001381177,-40.));
#4652=CARTESIAN_POINT('',(-74.1142616415349,207.385001381177,-42.9));
#4653=CARTESIAN_POINT('Origin',(-68.1981818584353,206.385001381177,-42.9));
#4654=CARTESIAN_POINT('',(-68.1981818584353,212.385001381177,-40.));
#4655=CARTESIAN_POINT('Origin',(-68.1981818584353,206.385001381177,-40.));
#4656=CARTESIAN_POINT('',(-68.1981818584353,212.385001381177,-42.9));
#4657=CARTESIAN_POINT('Origin',(-68.1981818584353,206.385001381177,-42.9));
#4658=CARTESIAN_POINT('',(-68.1981818584353,212.385001381177,-42.9));
#4659=CARTESIAN_POINT('Origin',(-26.1981818584353,212.385001381177,-42.9));
#4660=CARTESIAN_POINT('',(-36.6990909282677,212.385001381177,-40.));
#4661=CARTESIAN_POINT('',(-36.6990909282677,212.385001381177,-42.9));
#4662=CARTESIAN_POINT('Origin',(-26.1981818562899,197.975001381179,-42.9));
#4663=CARTESIAN_POINT('',(-26.1981818562908,203.975001381177,-40.));
#4664=CARTESIAN_POINT('',(-20.2821020731921,198.975001381177,-40.));
#4665=CARTESIAN_POINT('Origin',(-26.1981818562899,197.975001381179,-40.));
#4666=CARTESIAN_POINT('',(-26.1981818562908,203.975001381177,-42.9));
#4667=CARTESIAN_POINT('',(-26.1981818562908,203.975001381177,-42.9));
#4668=CARTESIAN_POINT('Origin',(-26.1981818562908,197.975001381177,-42.9));
#4669=CARTESIAN_POINT('',(-20.2821020731921,198.975001381177,-42.9));
#4670=CARTESIAN_POINT('Origin',(-74.1142616393904,198.975001381177,-42.9));
#4671=CARTESIAN_POINT('',(-74.1142616393904,198.975001381177,-40.));
#4672=CARTESIAN_POINT('',(-60.6571308187452,198.975001381177,-40.));
#4673=CARTESIAN_POINT('',(-74.1142616393904,198.975001381177,-42.9));
#4674=CARTESIAN_POINT('Origin',(-68.1981818562908,197.975001381177,-42.9));
#4675=CARTESIAN_POINT('',(-68.1981818562908,203.975001381177,-40.));
#4676=CARTESIAN_POINT('Origin',(-68.1981818562908,197.975001381177,-40.));
#4677=CARTESIAN_POINT('',(-68.1981818562908,203.975001381177,-42.9));
#4678=CARTESIAN_POINT('Origin',(-68.1981818562908,197.975001381177,-42.9));
#4679=CARTESIAN_POINT('',(-68.1981818562908,203.975001381177,-42.9));
#4680=CARTESIAN_POINT('Origin',(-26.1981818562908,203.975001381177,-42.9));
#4681=CARTESIAN_POINT('',(-36.6990909271954,203.975001381177,-40.));
#4682=CARTESIAN_POINT('',(-36.6990909271954,203.975001381177,-42.9));
#4683=CARTESIAN_POINT('Ctrl Pts',(-65.5864057686787,240.025001381177,-42.9));
#4684=CARTESIAN_POINT('Ctrl Pts',(-65.5452700835714,240.025001381227,-43.5979534516856));
#4685=CARTESIAN_POINT('Ctrl Pts',(-65.2458643065517,240.025001381327,-44.9810127009563));
#4686=CARTESIAN_POINT('Ctrl Pts',(-64.0594582072712,240.025001381475,-47.0216095706861));
#4687=CARTESIAN_POINT('Ctrl Pts',(-61.9943394403464,240.025001381592,-48.6430202861776));
#4688=CARTESIAN_POINT('Ctrl Pts',(-60.1303995565111,240.025001381622,-49.065685424533));
#4689=CARTESIAN_POINT('Ctrl Pts',(-59.1981818691588,240.025001381622,-49.065685424533));
#4690=CARTESIAN_POINT('Ctrl Pts',(-65.4857784821506,240.025001381177,-42.8940692715799));
#4691=CARTESIAN_POINT('Ctrl Pts',(-65.4521218781895,240.025199330744,-43.5820586868258));
#4692=CARTESIAN_POINT('Ctrl Pts',(-65.1700512111205,240.025287488217,-44.9497297976114));
#4693=CARTESIAN_POINT('Ctrl Pts',(-64.011266251762,240.02538823039,-46.9766468827413));
#4694=CARTESIAN_POINT('Ctrl Pts',(-61.9710934552678,240.025210657325,-48.5918618452253));
#4695=CARTESIAN_POINT('Ctrl Pts',(-60.1226298737677,240.025001381618,-49.0133255469683));
#4696=CARTESIAN_POINT('Ctrl Pts',(-59.1981818691588,240.025001381618,-49.0133255469683));
#4697=CARTESIAN_POINT('Ctrl Pts',(-65.2853277088754,240.105134484097,-42.8822551887451));
#4698=CARTESIAN_POINT('Ctrl Pts',(-65.2660931642687,240.093695170266,-43.5504406495335));
#4699=CARTESIAN_POINT('Ctrl Pts',(-65.0182696028921,240.074534157756,-44.8873228722242));
#4700=CARTESIAN_POINT('Ctrl Pts',(-63.9145079809412,240.056107063883,-46.8867886938623));
#4701=CARTESIAN_POINT('Ctrl Pts',(-61.9243992738469,240.047476366051,-48.4895754004081));
#4702=CARTESIAN_POINT('Ctrl Pts',(-60.1070984517982,240.045844688651,-48.9086335800268));
#4703=CARTESIAN_POINT('Ctrl Pts',(-59.1981818691588,240.045844688651,-48.9086335800268));
#4704=CARTESIAN_POINT('Ctrl Pts',(-65.1936982597623,240.300879927946,-42.8768547710439));
#4705=CARTESIAN_POINT('Ctrl Pts',(-65.1674439886541,240.267424140117,-43.5350696523658));
#4706=CARTESIAN_POINT('Ctrl Pts',(-64.9177934601539,240.206722164253,-44.8482957001686));
#4707=CARTESIAN_POINT('Ctrl Pts',(-63.8387084717125,240.143152499385,-46.8176802470503));
#4708=CARTESIAN_POINT('Ctrl Pts',(-61.8853037911896,240.111444546103,-48.4041016095943));
#4709=CARTESIAN_POINT('Ctrl Pts',(-60.0939213687061,240.105134644659,-48.8198667365176));
#4710=CARTESIAN_POINT('Ctrl Pts',(-59.1981818691588,240.105134644659,-48.8198667365176));
#4711=CARTESIAN_POINT('Ctrl Pts',(-65.1877880258224,240.401507817376,-42.8765064361703));
#4712=CARTESIAN_POINT('Ctrl Pts',(-65.1514697428352,240.360639135777,-43.5335912062062));
#4713=CARTESIAN_POINT('Ctrl Pts',(-64.888405730617,240.28254764279,-44.8385589623904));
#4714=CARTESIAN_POINT('Ctrl Pts',(-63.8091897361651,240.195799278384,-46.792407467567));
#4715=CARTESIAN_POINT('Ctrl Pts',(-61.8687022433784,240.151052780869,-48.3690716854262));
#4716=CARTESIAN_POINT('Ctrl Pts',(-60.0884327285361,240.142158669148,-48.7828427120295));
#4717=CARTESIAN_POINT('Ctrl Pts',(-59.1981818691588,240.142158669148,-48.7828427120295));
#4718=CARTESIAN_POINT('',(-65.5864057686787,240.025001381177,-42.9));
#4719=CARTESIAN_POINT('',(-65.1864487931874,240.400047040512,-42.9));
#4720=CARTESIAN_POINT('Ctrl Pts',(-65.5864057686787,240.025001381177,-42.9));
#4721=CARTESIAN_POINT('Ctrl Pts',(-65.564392457814,240.025001381177,-42.9));
#4722=CARTESIAN_POINT('Ctrl Pts',(-65.5424850248446,240.026901336487,-42.9000014501584));
#4723=CARTESIAN_POINT('Ctrl Pts',(-65.5208845066033,240.030567369979,-42.9000026498988));
#4724=CARTESIAN_POINT('Ctrl Pts',(-65.4987953798287,240.034316329966,-42.9000038767777));
#4725=CARTESIAN_POINT('Ctrl Pts',(-65.4770258517148,240.039912525719,-42.9000047594404));
#4726=CARTESIAN_POINT('Ctrl Pts',(-65.4557973316818,240.047265659585,-42.9000049093252));
#4727=CARTESIAN_POINT('Ctrl Pts',(-65.4485438282034,240.049778127811,-42.9000049605389));
#4728=CARTESIAN_POINT('Ctrl Pts',(-65.4413536360291,240.052496139912,-42.9000049440042));
#4729=CARTESIAN_POINT('Ctrl Pts',(-65.4342362047795,240.055417348913,-42.9000049086371));
#4730=CARTESIAN_POINT('Ctrl Pts',(-65.4134094664338,240.063965272087,-42.9000048051474));
#4731=CARTESIAN_POINT('Ctrl Pts',(-65.393372603338,240.074180432432,-42.9000040982585));
#4732=CARTESIAN_POINT('Ctrl Pts',(-65.3743401833951,240.085954618152,-42.9000032346752));
#4733=CARTESIAN_POINT('Ctrl Pts',(-65.3556418422085,240.097522129926,-42.9000023862506));
#4734=CARTESIAN_POINT('Ctrl Pts',(-65.3379117649133,240.110595079285,-42.900001324691));
#4735=CARTESIAN_POINT('Ctrl Pts',(-65.321378072594,240.12511349136,-42.9000026325618));
#4736=CARTESIAN_POINT('Ctrl Pts',(-65.3181802025896,240.127921575216,-42.9000028855241));
#4737=CARTESIAN_POINT('Ctrl Pts',(-65.3150271957104,240.130783846374,-42.9000032353104));
#4738=CARTESIAN_POINT('Ctrl Pts',(-65.3119208713297,240.133700028204,-42.9000037131567));
#4739=CARTESIAN_POINT('Ctrl Pts',(-65.3095311970171,240.13594342714,-42.9000040807605));
#4740=CARTESIAN_POINT('Ctrl Pts',(-65.3071691514315,240.138218732356,-42.9000045242641));
#4741=CARTESIAN_POINT('Ctrl Pts',(-65.3048350995819,240.140525314867,-42.9000050298046));
#4742=CARTESIAN_POINT('Ctrl Pts',(-65.2891661757023,240.156009831975,-42.9000084235916));
#4743=CARTESIAN_POINT('Ctrl Pts',(-65.2748771792748,240.172780896669,-42.9000139947559));
#4744=CARTESIAN_POINT('Ctrl Pts',(-65.2620369825507,240.190609007812,-42.9000181261639));
#4745=CARTESIAN_POINT('Ctrl Pts',(-65.2489740612897,240.208746363266,-42.9000223292349));
#4746=CARTESIAN_POINT('Ctrl Pts',(-65.2374098817034,240.227978969459,-42.9000250074853));
#4747=CARTESIAN_POINT('Ctrl Pts',(-65.2274586301007,240.248097038492,-42.9000246311411));
#4748=CARTESIAN_POINT('Ctrl Pts',(-65.2255977757236,240.251859057413,-42.9000245607658));
#4749=CARTESIAN_POINT('Ctrl Pts',(-65.223793456412,240.255652096958,-42.9000243907457));
#4750=CARTESIAN_POINT('Ctrl Pts',(-65.2220466113318,240.259474851779,-42.9000241212597));
#4751=CARTESIAN_POINT('Ctrl Pts',(-65.2126916943554,240.279946932776,-42.9000226780755));
#4752=CARTESIAN_POINT('Ctrl Pts',(-65.2050535604452,240.301111412985,-42.9000179167773));
#4753=CARTESIAN_POINT('Ctrl Pts',(-65.1992257000891,240.32274719689,-42.9000126790777));
#4754=CARTESIAN_POINT('Ctrl Pts',(-65.1935195381299,240.34393117858,-42.9000075507525));
#4755=CARTESIAN_POINT('Ctrl Pts',(-65.1895483962865,240.365568296068,-42.900001946609));
#4756=CARTESIAN_POINT('Ctrl Pts',(-65.1874471261828,240.387464530518,-42.900000526156));
#4757=CARTESIAN_POINT('Ctrl Pts',(-65.1870454926118,240.391649743462,-42.9000002546528));
#4758=CARTESIAN_POINT('Ctrl Pts',(-65.1867123249622,240.395844430578,-42.9000001424264));
#4759=CARTESIAN_POINT('Ctrl Pts',(-65.1864487876105,240.400047234411,-42.9000002313962));
#4760=CARTESIAN_POINT('',(-59.1981818691588,240.025001381622,-49.065685424533));
#4761=CARTESIAN_POINT('Ctrl Pts',(-65.5864057686787,240.025001381177,-42.9));
#4762=CARTESIAN_POINT('Ctrl Pts',(-65.5452700835714,240.025001381227,-43.5979534516856));
#4763=CARTESIAN_POINT('Ctrl Pts',(-65.2458643065517,240.025001381327,-44.9810127009563));
#4764=CARTESIAN_POINT('Ctrl Pts',(-64.0594582072712,240.025001381475,-47.0216095706861));
#4765=CARTESIAN_POINT('Ctrl Pts',(-61.9943394403464,240.025001381592,-48.6430202861776));
#4766=CARTESIAN_POINT('Ctrl Pts',(-60.1303995565111,240.025001381622,-49.065685424533));
#4767=CARTESIAN_POINT('Ctrl Pts',(-59.1981818691588,240.025001381622,-49.065685424533));
#4768=CARTESIAN_POINT('',(-59.1981818691588,240.142158669147,-48.7828427120295));
#4769=CARTESIAN_POINT('Origin',(-59.1981818691588,240.425001381622,-49.0656854245041));
#4770=CARTESIAN_POINT('Ctrl Pts',(-59.1981818691588,240.142158669148,-48.7828427120295));
#4771=CARTESIAN_POINT('Ctrl Pts',(-60.0884327285361,240.142158669148,-48.7828427120295));
#4772=CARTESIAN_POINT('Ctrl Pts',(-61.8687022433784,240.151052780869,-48.3690716854262));
#4773=CARTESIAN_POINT('Ctrl Pts',(-63.8091897361651,240.195799278384,-46.792407467567));
#4774=CARTESIAN_POINT('Ctrl Pts',(-64.884546746212,240.28223745411,-44.8455453960146));
#4775=CARTESIAN_POINT('Ctrl Pts',(-65.1483206022907,240.359709280539,-43.5491405334248));
#4776=CARTESIAN_POINT('Ctrl Pts',(-65.1864488011722,240.400047248759,-42.9000000005055));
#4777=CARTESIAN_POINT('Origin',(-40.199090948223,240.425001381622,-49.0656854245041));
#4778=CARTESIAN_POINT('',(-35.1981818691589,240.025001381622,-49.065685424533));
#4779=CARTESIAN_POINT('',(-35.1981818691589,240.142158669147,-48.7828427120295));
#4780=CARTESIAN_POINT('Origin',(-35.1981818691589,240.425001381622,-49.0656854245041));
#4781=CARTESIAN_POINT('',(-40.199090948223,240.142158669147,-48.7828427120295));
#4782=CARTESIAN_POINT('',(-40.199090948223,240.025001381622,-49.065685424533));
#4783=CARTESIAN_POINT('Ctrl Pts',(-35.1981818691589,240.025001381622,-49.065685424533));
#4784=CARTESIAN_POINT('Ctrl Pts',(-33.7998553381305,240.025001381622,-49.065685424533));
#4785=CARTESIAN_POINT('Ctrl Pts',(-31.4796270595855,240.025001381564,-48.2532451345019));
#4786=CARTESIAN_POINT('Ctrl Pts',(-29.3624517569045,240.025001381377,-45.6669439570483));
#4787=CARTESIAN_POINT('Ctrl Pts',(-28.8648055497821,240.025001381244,-43.8306046022475));
#4788=CARTESIAN_POINT('Ctrl Pts',(-28.809957969639,240.025001381177,-42.9));
#4789=CARTESIAN_POINT('Ctrl Pts',(-35.1981818691589,240.025001381618,-49.0133255469683));
#4790=CARTESIAN_POINT('Ctrl Pts',(-33.8115098622454,240.025001381618,-49.0133255469683));
#4791=CARTESIAN_POINT('Ctrl Pts',(-31.5106127592092,240.025363966781,-48.2028290039067));
#4792=CARTESIAN_POINT('Ctrl Pts',(-29.429184745205,240.025280831867,-45.6293829661994));
#4793=CARTESIAN_POINT('Ctrl Pts',(-28.9554607281152,240.025265313933,-43.8113884919079));
#4794=CARTESIAN_POINT('Ctrl Pts',(-28.9105852561671,240.025001381177,-42.8940692715799));
#4795=CARTESIAN_POINT('Ctrl Pts',(-35.1981818691589,240.045844548595,-48.9086335220138));
#4796=CARTESIAN_POINT('Ctrl Pts',(-33.8348069951998,240.045844548595,-48.9086335220138));
#4797=CARTESIAN_POINT('Ctrl Pts',(-31.5729468004558,240.048524228817,-48.1020336134728));
#4798=CARTESIAN_POINT('Ctrl Pts',(-29.5628829961794,240.066328764361,-45.5543833008656));
#4799=CARTESIAN_POINT('Ctrl Pts',(-29.1366834177229,240.089880653926,-43.7731690581466));
#4800=CARTESIAN_POINT('Ctrl Pts',(-29.1110373582472,240.105133072368,-42.8822551104286));
#4801=CARTESIAN_POINT('Ctrl Pts',(-35.1981818691589,240.105134644659,-48.8198667365175));
#4802=CARTESIAN_POINT('Ctrl Pts',(-33.8545726198377,240.105134644659,-48.8198667365175));
#4803=CARTESIAN_POINT('Ctrl Pts',(-31.6254486826517,240.11566517485,-48.0188895924679));
#4804=CARTESIAN_POINT('Ctrl Pts',(-29.6599834968317,240.179330484737,-45.5032569466682));
#4805=CARTESIAN_POINT('Ctrl Pts',(-29.2376711733663,240.256272210841,-43.7544746128066));
#4806=CARTESIAN_POINT('Ctrl Pts',(-29.2026654785554,240.300879927946,-42.8768547710439));
#4807=CARTESIAN_POINT('Ctrl Pts',(-35.1981818691589,240.142158669148,-48.7828427120295));
#4808=CARTESIAN_POINT('Ctrl Pts',(-33.8628055800928,240.142158669148,-48.7828427120295));
#4809=CARTESIAN_POINT('Ctrl Pts',(-31.6481323610803,240.157125759606,-47.9853695125159));
#4810=CARTESIAN_POINT('Ctrl Pts',(-29.6932295633231,240.246094677727,-45.48803725337));
#4811=CARTESIAN_POINT('Ctrl Pts',(-29.2570000898116,240.347016241911,-43.7526194628851));
#4812=CARTESIAN_POINT('Ctrl Pts',(-29.2085757124953,240.401507817376,-42.8765064361703));
#4813=CARTESIAN_POINT('',(-29.2099149451304,240.400047040512,-42.9));
#4814=CARTESIAN_POINT('',(-28.809957969639,240.025001381177,-42.9));
#4815=CARTESIAN_POINT('Ctrl Pts',(-29.2099150506076,240.400047421937,-42.9000001768091));
#4816=CARTESIAN_POINT('Ctrl Pts',(-29.2085385951473,240.378095773099,-42.8999997044123));
#4817=CARTESIAN_POINT('Ctrl Pts',(-29.205267249653,240.356371014469,-42.9000044888185));
#4818=CARTESIAN_POINT('Ctrl Pts',(-29.2002477364902,240.335065265035,-42.9000095361154));
#4819=CARTESIAN_POINT('Ctrl Pts',(-29.1951095976309,240.313255998768,-42.9000147026947));
#4820=CARTESIAN_POINT('Ctrl Pts',(-29.1881392414222,240.291884432962,-42.9000201629438));
#4821=CARTESIAN_POINT('Ctrl Pts',(-29.179441632671,240.271166360593,-42.9000227922467));
#4822=CARTESIAN_POINT('Ctrl Pts',(-29.1765598681979,240.264301875582,-42.9000236634094));
#4823=CARTESIAN_POINT('Ctrl Pts',(-29.1734880992232,240.257509297629,-42.9000242403794));
#4824=CARTESIAN_POINT('Ctrl Pts',(-29.1702290461563,240.25079710626,-42.9000244560157));
#4825=CARTESIAN_POINT('Ctrl Pts',(-29.1604136947309,240.230581873255,-42.9000251054515));
#4826=CARTESIAN_POINT('Ctrl Pts',(-29.1489837184631,240.211260155007,-42.9000226720234));
#4827=CARTESIAN_POINT('Ctrl Pts',(-29.1360627000381,240.193036674451,-42.9000185712491));
#4828=CARTESIAN_POINT('Ctrl Pts',(-29.1233392446833,240.175091831898,-42.9000145331759));
#4829=CARTESIAN_POINT('Ctrl Pts',(-29.1091692564869,240.158210712117,-42.9000089118639));
#4830=CARTESIAN_POINT('Ctrl Pts',(-29.0936293764765,240.142615885009,-42.9000053546746));
#4831=CARTESIAN_POINT('Ctrl Pts',(-29.0906188546809,240.13959471838,-42.9000046655447));
#4832=CARTESIAN_POINT('Ctrl Pts',(-29.0875568122045,240.136621940971,-42.9000040600278));
#4833=CARTESIAN_POINT('Ctrl Pts',(-29.0844436580297,240.133699349246,-42.9000035731922));
#4834=CARTESIAN_POINT('Ctrl Pts',(-29.0821240954642,240.131521771787,-42.9000032104586));
#4835=CARTESIAN_POINT('Ctrl Pts',(-29.0797761570074,240.1293720565,-42.9000029136728));
#4836=CARTESIAN_POINT('Ctrl Pts',(-29.0774004445791,240.127250494178,-42.9000026709459));
#4837=CARTESIAN_POINT('Ctrl Pts',(-29.0609822842605,240.11258872371,-42.9000009934999));
#4838=CARTESIAN_POINT('Ctrl Pts',(-29.0433675496467,240.099381683657,-42.9000020783019));
#4839=CARTESIAN_POINT('Ctrl Pts',(-29.0247907124658,240.08768098701,-42.9000029933844));
#4840=CARTESIAN_POINT('Ctrl Pts',(-29.0058476983406,240.07574965232,-42.9000039265045));
#4841=CARTESIAN_POINT('Ctrl Pts',(-28.9859030187839,240.065383948609,-42.9000047468295));
#4842=CARTESIAN_POINT('Ctrl Pts',(-28.9651756009662,240.056682121516,-42.9000048596901));
#4843=CARTESIAN_POINT('Ctrl Pts',(-28.9612034456757,240.055014523128,-42.9000048813185));
#4844=CARTESIAN_POINT('Ctrl Pts',(-28.9572024912851,240.053408174664,-42.9000048825744));
#4845=CARTESIAN_POINT('Ctrl Pts',(-28.9531742183741,240.051863979034,-42.9000048664426));
#4846=CARTESIAN_POINT('Ctrl Pts',(-28.9321616538942,240.043809035651,-42.900004782295));
#4847=CARTESIAN_POINT('Ctrl Pts',(-28.9105664213598,240.03750234646,-42.9000042885987));
#4848=CARTESIAN_POINT('Ctrl Pts',(-28.8886146308976,240.033021969228,-42.9000032248547));
#4849=CARTESIAN_POINT('Ctrl Pts',(-28.8670991033181,240.028630633583,-42.9000021822512));
#4850=CARTESIAN_POINT('Ctrl Pts',(-28.8452397237591,240.025993386495,-42.9000006724007));
#4851=CARTESIAN_POINT('Ctrl Pts',(-28.8232386863915,240.025231644839,-42.9000001617706));
#4852=CARTESIAN_POINT('Ctrl Pts',(-28.8188169482638,240.025078551053,-42.9000000591449));
#4853=CARTESIAN_POINT('Ctrl Pts',(-28.814389489439,240.025001381177,-42.9));
#4854=CARTESIAN_POINT('Ctrl Pts',(-28.809957969639,240.025001381177,-42.9));
#4855=CARTESIAN_POINT('Ctrl Pts',(-29.2099150398729,240.400047433289,-42.8999999940759));
#4856=CARTESIAN_POINT('Ctrl Pts',(-29.2609132963844,240.34611507008,-43.768126795285));
#4857=CARTESIAN_POINT('Ctrl Pts',(-29.6982225760508,240.245867442419,-45.4944156839342));
#4858=CARTESIAN_POINT('Ctrl Pts',(-31.6481323610803,240.157125759606,-47.9853695125159));
#4859=CARTESIAN_POINT('Ctrl Pts',(-33.8628055800928,240.142158669148,-48.7828427120295));
#4860=CARTESIAN_POINT('Ctrl Pts',(-35.1981818691589,240.142158669148,-48.7828427120295));
#4861=CARTESIAN_POINT('Ctrl Pts',(-35.1981818691589,240.025001381622,-49.065685424533));
#4862=CARTESIAN_POINT('Ctrl Pts',(-33.7998553381305,240.025001381622,-49.065685424533));
#4863=CARTESIAN_POINT('Ctrl Pts',(-31.4796270595855,240.025001381564,-48.2532451345019));
#4864=CARTESIAN_POINT('Ctrl Pts',(-29.3624517569045,240.025001381377,-45.6669439570483));
#4865=CARTESIAN_POINT('Ctrl Pts',(-28.8648055497821,240.025001381244,-43.8306046022475));
#4866=CARTESIAN_POINT('Ctrl Pts',(-28.809957969639,240.025001381177,-42.9));
#4867=CARTESIAN_POINT('Origin',(-45.2000000272872,240.025001381899,-52.9000000044572));
#4868=CARTESIAN_POINT('',(-57.699088386892,240.025001381177,-42.9));
#4869=CARTESIAN_POINT('',(-59.1981860211175,240.025001381714,-50.3443145745412));
#4870=CARTESIAN_POINT('Ctrl Pts',(-59.1981860211175,240.025001381714,-50.3443145745412));
#4871=CARTESIAN_POINT('Ctrl Pts',(-60.3473296082153,240.025001381714,-50.3443139871649));
#4872=CARTESIAN_POINT('Ctrl Pts',(-62.6450863688624,240.025001381679,-49.8492585914518));
#4873=CARTESIAN_POINT('Ctrl Pts',(-65.2428030407822,240.02500138154,-47.9245958496761));
#4874=CARTESIAN_POINT('Ctrl Pts',(-66.7698134152645,240.025001381361,-45.4522471720552));
#4875=CARTESIAN_POINT('Ctrl Pts',(-67.1526881803526,240.025001381239,-43.7540160917409));
#4876=CARTESIAN_POINT('Ctrl Pts',(-67.1976625304512,240.025001381177,-42.899999981673));
#4877=CARTESIAN_POINT('',(-35.1981796018185,240.025001381714,-50.3443145745421));
#4878=CARTESIAN_POINT('',(-52.1990930242024,240.025001381714,-50.3443145745415));
#4879=CARTESIAN_POINT('Ctrl Pts',(-27.1987012704243,240.025001381177,-42.8999999816828));
#4880=CARTESIAN_POINT('Ctrl Pts',(-27.243675742631,240.025001381239,-43.7540161737167));
#4881=CARTESIAN_POINT('Ctrl Pts',(-27.626548876922,240.025001381361,-45.452250288262));
#4882=CARTESIAN_POINT('Ctrl Pts',(-29.1535602159222,240.02500138154,-47.9245988733448));
#4883=CARTESIAN_POINT('Ctrl Pts',(-31.7512761407131,240.025001381679,-49.8492672261418));
#4884=CARTESIAN_POINT('Ctrl Pts',(-34.049035853258,240.025001381714,-50.3443140851382));
#4885=CARTESIAN_POINT('Ctrl Pts',(-35.1981796018185,240.025001381714,-50.3443145745421));
#4886=CARTESIAN_POINT('',(-57.699088386892,240.025001381177,-42.9));
#4887=CARTESIAN_POINT('Ctrl Pts',(-65.1864487931874,243.212524210845,-40.0875228296676));
#4888=CARTESIAN_POINT('Ctrl Pts',(-64.834157431398,246.025001381177,-42.9));
#4889=CARTESIAN_POINT('Ctrl Pts',(-59.1981818691589,246.025001381177,-42.9));
#4890=CARTESIAN_POINT('Ctrl Pts',(-65.1864487931874,237.329681498815,-45.9703655416971));
#4891=CARTESIAN_POINT('Ctrl Pts',(-64.834157431398,240.142158669148,-48.7828427120295));
#4892=CARTESIAN_POINT('Ctrl Pts',(-59.1981818691589,240.142158669147,-48.7828427120295));
#4893=CARTESIAN_POINT('',(-59.1981818691588,246.025001381177,-42.9));
#4894=CARTESIAN_POINT('Origin',(-59.1981818691588,240.025001381177,-42.9));
#4895=CARTESIAN_POINT('Ctrl Pts',(-27.1976737250891,240.025001381176,-42.8799796099734));
#4896=CARTESIAN_POINT('Ctrl Pts',(-27.2407038127387,240.025001381238,-43.7407951572795));
#4897=CARTESIAN_POINT('Ctrl Pts',(-27.6229888994253,240.025001381361,-45.4464864113987));
#4898=CARTESIAN_POINT('Ctrl Pts',(-29.1535602159222,240.02500138154,-47.9245988733448));
#4899=CARTESIAN_POINT('Ctrl Pts',(-31.7512761407131,240.025001381679,-49.8492672261418));
#4900=CARTESIAN_POINT('Ctrl Pts',(-34.049035853258,240.025001381714,-50.3443140851382));
#4901=CARTESIAN_POINT('Ctrl Pts',(-35.1981796018185,240.025001381714,-50.3443145745421));
#4902=CARTESIAN_POINT('Ctrl Pts',(-27.1360105214065,240.025001381176,-42.8830620044161));
#4903=CARTESIAN_POINT('Ctrl Pts',(-27.1751033373699,240.024981946138,-43.7510712563395));
#4904=CARTESIAN_POINT('Ctrl Pts',(-27.5525458550523,240.024994967496,-45.4740918151112));
#4905=CARTESIAN_POINT('Ctrl Pts',(-29.0905645289175,240.024948615554,-47.9823876627362));
#4906=CARTESIAN_POINT('Ctrl Pts',(-31.7132420554079,240.024931371934,-49.9323473266907));
#4907=CARTESIAN_POINT('Ctrl Pts',(-34.0363588047344,240.02500138174,-50.434073868699));
#4908=CARTESIAN_POINT('Ctrl Pts',(-35.1981795635911,240.025001381721,-50.4340743646419));
#4909=CARTESIAN_POINT('Ctrl Pts',(-27.0127429701301,240.054157094976,-42.8892238512259));
#4910=CARTESIAN_POINT('Ctrl Pts',(-27.0439595891443,240.058283244145,-43.7716208268766));
#4911=CARTESIAN_POINT('Ctrl Pts',(-27.4117149023131,240.067231457101,-45.5292100591852));
#4912=CARTESIAN_POINT('Ctrl Pts',(-28.9646024782556,240.078966331483,-48.0978079306115));
#4913=CARTESIAN_POINT('Ctrl Pts',(-31.6372043123636,240.086306416022,-50.0982843112968));
#4914=CARTESIAN_POINT('Ctrl Pts',(-34.0109977750153,240.087965878926,-50.6132329405578));
#4915=CARTESIAN_POINT('Ctrl Pts',(-35.1981794872898,240.087965880594,-50.613233449586));
#4916=CARTESIAN_POINT('Ctrl Pts',(-26.8666854558964,240.175869317777,-42.8965249131682));
#4917=CARTESIAN_POINT('Ctrl Pts',(-26.8938985182706,240.195978566327,-43.7956932959815));
#4918=CARTESIAN_POINT('Ctrl Pts',(-27.2639031979061,240.23826098909,-45.5894630965255));
#4919=CARTESIAN_POINT('Ctrl Pts',(-28.8482831972626,240.290820253662,-48.2075511575581));
#4920=CARTESIAN_POINT('Ctrl Pts',(-31.5728610727523,240.322226949026,-50.241993433496));
#4921=CARTESIAN_POINT('Ctrl Pts',(-33.9895535298831,240.329108694594,-50.7651651749062));
#4922=CARTESIAN_POINT('Ctrl Pts',(-35.198179422584,240.329108701641,-50.7651656921116));
#4923=CARTESIAN_POINT('Ctrl Pts',(-26.8031598063178,240.321075589802,-42.8997004067671));
#4924=CARTESIAN_POINT('Ctrl Pts',(-26.837752058302,240.356968013607,-43.8057162725787));
#4925=CARTESIAN_POINT('Ctrl Pts',(-27.2312345985031,240.428899060712,-45.6068255929984));
#4926=CARTESIAN_POINT('Ctrl Pts',(-28.8495127548243,240.510516968419,-48.2119458127384));
#4927=CARTESIAN_POINT('Ctrl Pts',(-31.5841740404451,240.55554184744,-50.2227047751898));
#4928=CARTESIAN_POINT('Ctrl Pts',(-33.9933047356279,240.564989355056,-50.7383676062309));
#4929=CARTESIAN_POINT('Ctrl Pts',(-35.1981794339967,240.564989364898,-50.7383681163898));
#4930=CARTESIAN_POINT('Ctrl Pts',(-26.7971321371673,240.414114940044,-42.9000017153656));
#4931=CARTESIAN_POINT('Ctrl Pts',(-26.8411082064887,240.45719914201,-43.8062250894912));
#4932=CARTESIAN_POINT('Ctrl Pts',(-27.2571544860042,240.539605215531,-45.6001979346731));
#4933=CARTESIAN_POINT('Ctrl Pts',(-28.8944434408972,240.624559128973,-48.1745887469229));
#4934=CARTESIAN_POINT('Ctrl Pts',(-31.6179650660896,240.667418467188,-50.1523529486223));
#4935=CARTESIAN_POINT('Ctrl Pts',(-34.0045816084728,240.676109207006,-50.6588916639429));
#4936=CARTESIAN_POINT('Ctrl Pts',(-35.1981794678444,240.67610921606,-50.6588921651165));
#4937=CARTESIAN_POINT('Ctrl Pts',(-26.7986694976835,240.44494663766,-42.8999248664287));
#4938=CARTESIAN_POINT('Ctrl Pts',(-26.8462044910006,240.490006885676,-43.8058006616892));
#4939=CARTESIAN_POINT('Ctrl Pts',(-27.2703271196884,240.574689788275,-45.5961748182836));
#4940=CARTESIAN_POINT('Ctrl Pts',(-28.9132813508235,240.65885270882,-48.1584502005961));
#4941=CARTESIAN_POINT('Ctrl Pts',(-31.6313777549615,240.699736003429,-50.1240018478629));
#4942=CARTESIAN_POINT('Ctrl Pts',(-34.0090430362922,240.707844085673,-50.6271567890678));
#4943=CARTESIAN_POINT('Ctrl Pts',(-35.1981794813598,240.707844094189,-50.6271572869878));
#4944=CARTESIAN_POINT('',(-35.1981794813598,240.707844094189,-50.6271572869878));
#4945=CARTESIAN_POINT('Origin',(-35.1981796018185,240.425001381714,-50.3443145745132));
#4946=CARTESIAN_POINT('Ctrl Pts',(-35.1981794813598,240.707844094189,-50.6271572869878));
#4947=CARTESIAN_POINT('Ctrl Pts',(-34.0090430362922,240.707844085673,-50.6271567890678));
#4948=CARTESIAN_POINT('Ctrl Pts',(-31.6313777549615,240.699736003429,-50.1240018478629));
#4949=CARTESIAN_POINT('Ctrl Pts',(-28.9132813508235,240.65885270882,-48.1584502005961));
#4950=CARTESIAN_POINT('Ctrl Pts',(-27.2703407463968,240.574690486324,-45.5961960698673));
#4951=CARTESIAN_POINT('Ctrl Pts',(-26.8462162167244,240.490009226878,-43.8058501596854));
#4952=CARTESIAN_POINT('Ctrl Pts',(-26.7986734406264,240.444950374963,-42.8999999999961));
#4953=CARTESIAN_POINT('Origin',(-52.1990930242024,240.425001381714,-50.3443145745126));
#4954=CARTESIAN_POINT('',(-59.1981860211175,240.707844094189,-50.627157286987));
#4955=CARTESIAN_POINT('Origin',(-59.1981860211175,240.425001381714,-50.3443145745123));
#4956=CARTESIAN_POINT('',(-52.1990930242025,240.707844094189,-50.6271572869872));
#4957=CARTESIAN_POINT('Ctrl Pts',(-59.19818588148,240.025001381714,-50.3443145745412));
#4958=CARTESIAN_POINT('Ctrl Pts',(-60.3473295151452,240.025001381714,-50.344314007217));
#4959=CARTESIAN_POINT('Ctrl Pts',(-62.6450863306005,240.025001381679,-49.8492586198002));
#4960=CARTESIAN_POINT('Ctrl Pts',(-65.2428030407822,240.02500138154,-47.9245958496761));
#4961=CARTESIAN_POINT('Ctrl Pts',(-66.7733733802687,240.025001381361,-45.4464833115618));
#4962=CARTESIAN_POINT('Ctrl Pts',(-67.1556601144293,240.025001381238,-43.7407951370791));
#4963=CARTESIAN_POINT('Ctrl Pts',(-67.1986900698562,240.025001381176,-42.8799796695522));
#4964=CARTESIAN_POINT('Ctrl Pts',(-59.1981859257938,240.025001381721,-50.434074364641));
#4965=CARTESIAN_POINT('Ctrl Pts',(-60.3600065684877,240.025001381743,-50.4340737897366));
#4966=CARTESIAN_POINT('Ctrl Pts',(-62.6831197518114,240.024930637281,-49.9323385723841));
#4967=CARTESIAN_POINT('Ctrl Pts',(-65.3057983159167,240.02494823676,-47.9823846713604));
#4968=CARTESIAN_POINT('Ctrl Pts',(-66.8438159379795,240.024994588347,-45.4740888102621));
#4969=CARTESIAN_POINT('Ctrl Pts',(-67.2212605855288,240.024981946145,-43.7510712249427));
#4970=CARTESIAN_POINT('Ctrl Pts',(-67.2603532683641,240.025001381176,-42.8830620545503));
#4971=CARTESIAN_POINT('Ctrl Pts',(-59.1981860142434,240.087966905425,-50.6132335587123));
#4972=CARTESIAN_POINT('Ctrl Pts',(-60.3853676078194,240.087966903492,-50.6132329686392));
#4973=CARTESIAN_POINT('Ctrl Pts',(-62.7591581112408,240.086306824084,-50.0982758507659));
#4974=CARTESIAN_POINT('Ctrl Pts',(-65.4317606991948,240.078966700111,-48.0978051341493));
#4975=CARTESIAN_POINT('Ctrl Pts',(-66.9846471613632,240.06723165639,-45.5292072611057));
#4976=CARTESIAN_POINT('Ctrl Pts',(-67.3524043425676,240.058283449695,-43.7716207739626));
#4977=CARTESIAN_POINT('Ctrl Pts',(-67.3836208266441,240.054157301145,-42.8892238833472));
#4978=CARTESIAN_POINT('Ctrl Pts',(-59.1981860892514,240.32910916778,-50.7651658282915));
#4979=CARTESIAN_POINT('Ctrl Pts',(-60.4068118611098,240.329109159611,-50.7651652287394));
#4980=CARTESIAN_POINT('Ctrl Pts',(-62.8234994201118,240.322226845094,-50.2419844853193));
#4981=CARTESIAN_POINT('Ctrl Pts',(-65.5480786822214,240.290820213693,-48.2075481877398));
#4982=CARTESIAN_POINT('Ctrl Pts',(-67.1324572726598,240.2382608285,-45.589460141935));
#4983=CARTESIAN_POINT('Ctrl Pts',(-67.502465417602,240.195978626758,-43.7956932188469));
#4984=CARTESIAN_POINT('Ctrl Pts',(-67.529678341274,240.17586938077,-42.8965249235513));
#4985=CARTESIAN_POINT('Ctrl Pts',(-59.1981860760216,240.564989755522,-50.7383682286675));
#4986=CARTESIAN_POINT('Ctrl Pts',(-60.4030606539229,240.564989744113,-50.7383676372837));
#4987=CARTESIAN_POINT('Ctrl Pts',(-62.8121872191028,240.555541853763,-50.2226959460563));
#4988=CARTESIAN_POINT('Ctrl Pts',(-65.5468494519752,240.510516751603,-48.2119425176169));
#4989=CARTESIAN_POINT('Ctrl Pts',(-67.1651260789942,240.42889853449,-45.6068220237922));
#4990=CARTESIAN_POINT('Ctrl Pts',(-67.5586118867491,240.356968038808,-43.8057161879945));
#4991=CARTESIAN_POINT('Ctrl Pts',(-67.59320399595,240.321075618291,-42.8997004079417));
#4992=CARTESIAN_POINT('Ctrl Pts',(-59.1981860367848,240.67610921606,-50.6588921651157));
#4993=CARTESIAN_POINT('Ctrl Pts',(-60.3917837768164,240.676109205564,-50.6588915841477));
#4994=CARTESIAN_POINT('Ctrl Pts',(-62.7783948206049,240.667417316432,-50.1523430941387));
#4995=CARTESIAN_POINT('Ctrl Pts',(-65.5019178558186,240.624558123007,-48.1745847213012));
#4996=CARTESIAN_POINT('Ctrl Pts',(-67.1392051514736,240.53960380507,-45.6001934578515));
#4997=CARTESIAN_POINT('Ctrl Pts',(-67.5552557348186,240.457199082999,-43.8062250065574));
#4998=CARTESIAN_POINT('Ctrl Pts',(-67.5992316590032,240.414114883489,-42.9000017153374));
#4999=CARTESIAN_POINT('Ctrl Pts',(-59.1981860211175,240.707844094189,-50.6271572869869));
#5000=CARTESIAN_POINT('Ctrl Pts',(-60.3873223472912,240.707844084317,-50.6271567097906));
#5001=CARTESIAN_POINT('Ctrl Pts',(-62.7649830287628,240.699734910664,-50.1239921487572));
#5002=CARTESIAN_POINT('Ctrl Pts',(-65.4830805011395,240.658851634921,-48.1584461030286));
#5003=CARTESIAN_POINT('Ctrl Pts',(-67.126033134648,240.574688216843,-45.5961701470154));
#5004=CARTESIAN_POINT('Ctrl Pts',(-67.550159455707,240.490006824517,-43.8058005803298));
#5005=CARTESIAN_POINT('Ctrl Pts',(-67.5976943031747,240.444946578516,-42.8999248668638));
#5006=CARTESIAN_POINT('Ctrl Pts',(-67.5976903602664,240.444950315798,-42.8999999999961));
#5007=CARTESIAN_POINT('Ctrl Pts',(-67.5501477299479,240.490009165664,-43.8058500779168));
#5008=CARTESIAN_POINT('Ctrl Pts',(-67.1260195080306,240.574688914893,-45.5961913984827));
#5009=CARTESIAN_POINT('Ctrl Pts',(-65.4830805011395,240.658851634921,-48.1584461030286));
#5010=CARTESIAN_POINT('Ctrl Pts',(-62.7649830287628,240.699734910664,-50.1239921487572));
#5011=CARTESIAN_POINT('Ctrl Pts',(-60.3873223472912,240.707844084317,-50.6271567097906));
#5012=CARTESIAN_POINT('Ctrl Pts',(-59.1981860211175,240.707844094189,-50.6271572869869));
#5013=CARTESIAN_POINT('Ctrl Pts',(-35.1981794813598,248.435001381177,-42.8999999999999));
#5014=CARTESIAN_POINT('Ctrl Pts',(-27.1981518098615,248.434999677628,-42.8999982964513));
#5015=CARTESIAN_POINT('Ctrl Pts',(-26.7986734404712,244.439975876592,-38.904974495415));
#5016=CARTESIAN_POINT('Ctrl Pts',(-35.1981794813598,240.707844094189,-50.6271572869878));
#5017=CARTESIAN_POINT('Ctrl Pts',(-27.1981518098615,240.70784239064,-50.6271555834392));
#5018=CARTESIAN_POINT('Ctrl Pts',(-26.7986734404712,236.712818589604,-46.6321317824029));
#5019=CARTESIAN_POINT('',(-35.1981794813598,248.435001381177,-42.9));
#5020=CARTESIAN_POINT('Origin',(-59.1981860211175,248.435001381176,-42.9));
#5021=CARTESIAN_POINT('',(-59.1981860211175,248.435001381176,-42.9));
#5022=CARTESIAN_POINT('Ctrl Pts',(-67.5976903602736,244.439975848488,-38.9049744673122));
#5023=CARTESIAN_POINT('Ctrl Pts',(-67.1982132030771,248.434999406397,-42.899998025221));
#5024=CARTESIAN_POINT('Ctrl Pts',(-59.1981860211175,248.435001381176,-42.9));
#5025=CARTESIAN_POINT('Ctrl Pts',(-67.5976903602736,236.712818561501,-46.6321317542992));
#5026=CARTESIAN_POINT('Ctrl Pts',(-67.1982132030771,240.70784211941,-50.627155312208));
#5027=CARTESIAN_POINT('Ctrl Pts',(-59.1981860211175,240.707844094189,-50.627157286987));
#5028=CARTESIAN_POINT('Ctrl Pts',(-35.1981818691589,246.025001381177,-42.9));
#5029=CARTESIAN_POINT('Ctrl Pts',(-29.5622063069198,246.025001381177,-42.9));
#5030=CARTESIAN_POINT('Ctrl Pts',(-29.2099149451304,243.212524210845,-40.0875228296676));
#5031=CARTESIAN_POINT('Ctrl Pts',(-35.1981818691589,240.142158669148,-48.7828427120295));
#5032=CARTESIAN_POINT('Ctrl Pts',(-29.5622063069198,240.142158669148,-48.7828427120295));
#5033=CARTESIAN_POINT('Ctrl Pts',(-29.2099149451304,237.329681498815,-45.9703655416971));
#5034=CARTESIAN_POINT('Origin',(-35.1981818691589,240.025001381177,-42.9));
#5035=CARTESIAN_POINT('',(-35.1981818691589,246.025001381177,-42.9));
#5036=CARTESIAN_POINT('Origin',(-35.1981818691589,246.025001381177,-42.9));
#5037=CARTESIAN_POINT('Origin',(-47.1999999981,219.000000005079,-42.9));
#5038=CARTESIAN_POINT('',(-57.699088386892,240.025001381177,-42.9));
#5039=CARTESIAN_POINT('Ctrl Pts',(-65.5864057558114,189.565001381177,-42.9));
#5040=CARTESIAN_POINT('Ctrl Pts',(-65.5452700707041,189.565001381227,-43.5979534516856));
#5041=CARTESIAN_POINT('Ctrl Pts',(-65.2458664893942,189.565001381327,-44.9810156952046));
#5042=CARTESIAN_POINT('Ctrl Pts',(-64.0594598681752,189.565001381475,-47.0216122758625));
#5043=CARTESIAN_POINT('Ctrl Pts',(-61.9943412907335,189.565001381592,-48.6430262336589));
#5044=CARTESIAN_POINT('Ctrl Pts',(-60.1303995436438,189.565001381622,-49.065685424533));
#5045=CARTESIAN_POINT('Ctrl Pts',(-59.1981818562916,189.565001381622,-49.065685424533));
#5046=CARTESIAN_POINT('Ctrl Pts',(-65.4857784692833,189.565001381177,-42.8940692715799));
#5047=CARTESIAN_POINT('Ctrl Pts',(-65.4521218653223,189.565199330744,-43.5820586868258));
#5048=CARTESIAN_POINT('Ctrl Pts',(-65.1700526153178,189.565283857495,-44.9497326172052));
#5049=CARTESIAN_POINT('Ctrl Pts',(-64.0112673204784,189.565385507007,-46.9766494762958));
#5050=CARTESIAN_POINT('Ctrl Pts',(-61.9710945491866,189.565207200921,-48.5918676597023));
#5051=CARTESIAN_POINT('Ctrl Pts',(-60.1226298609005,189.565001381618,-49.0133255469683));
#5052=CARTESIAN_POINT('Ctrl Pts',(-59.1981818562916,189.565001381618,-49.0133255469683));
#5053=CARTESIAN_POINT('Ctrl Pts',(-65.2853249869146,189.645131605942,-42.8822550290777));
#5054=CARTESIAN_POINT('Ctrl Pts',(-65.2660904423079,189.633692292111,-43.5504404898661));
#5055=CARTESIAN_POINT('Ctrl Pts',(-65.0182716063592,189.614532582262,-44.8873247306492));
#5056=CARTESIAN_POINT('Ctrl Pts',(-63.9145091355412,189.596105641691,-46.886790675525));
#5057=CARTESIAN_POINT('Ctrl Pts',(-61.9244017843447,189.587476035323,-48.4895805811646));
#5058=CARTESIAN_POINT('Ctrl Pts',(-60.1070984389309,189.585844403113,-48.9086334617532));
#5059=CARTESIAN_POINT('Ctrl Pts',(-59.1981818562916,189.585844403113,-48.9086334617532));
#5060=CARTESIAN_POINT('Ctrl Pts',(-65.1936982468951,189.840879927946,-42.8768547710439));
#5061=CARTESIAN_POINT('Ctrl Pts',(-65.1674439757869,189.807424140117,-43.5350696523658));
#5062=CARTESIAN_POINT('Ctrl Pts',(-64.9177904362026,189.746720653668,-44.8482979657506));
#5063=CARTESIAN_POINT('Ctrl Pts',(-63.8387063724246,189.683151485957,-46.8176825267316));
#5064=CARTESIAN_POINT('Ctrl Pts',(-61.8853008333899,189.651443346065,-48.4041071012144));
#5065=CARTESIAN_POINT('Ctrl Pts',(-60.0939213558389,189.645134644659,-48.8198667365175));
#5066=CARTESIAN_POINT('Ctrl Pts',(-59.1981818562916,189.645134644659,-48.8198667365175));
#5067=CARTESIAN_POINT('Ctrl Pts',(-65.1877880129551,189.941507817376,-42.8765064361703));
#5068=CARTESIAN_POINT('Ctrl Pts',(-65.151469729968,189.900639135777,-43.5335912062062));
#5069=CARTESIAN_POINT('Ctrl Pts',(-64.8884052320716,189.822546607387,-44.8385609212352));
#5070=CARTESIAN_POINT('Ctrl Pts',(-63.8091896864735,189.735798736402,-46.7924096307608));
#5071=CARTESIAN_POINT('Ctrl Pts',(-61.8687018389154,189.691052308706,-48.3690771607442));
#5072=CARTESIAN_POINT('Ctrl Pts',(-60.0884327156689,189.682158669147,-48.7828427120295));
#5073=CARTESIAN_POINT('Ctrl Pts',(-59.1981818562916,189.682158669147,-48.7828427120295));
#5074=CARTESIAN_POINT('',(-59.1981818562916,189.565001381622,-49.065685424533));
#5075=CARTESIAN_POINT('Ctrl Pts',(-65.5864057558114,189.565001381177,-42.9));
#5076=CARTESIAN_POINT('Ctrl Pts',(-65.5452700707041,189.565001381227,-43.5979534516856));
#5077=CARTESIAN_POINT('Ctrl Pts',(-65.2458664893942,189.565001381327,-44.9810156952046));
#5078=CARTESIAN_POINT('Ctrl Pts',(-64.0594598681752,189.565001381475,-47.0216122758625));
#5079=CARTESIAN_POINT('Ctrl Pts',(-61.9943412907335,189.565001381592,-48.6430262336589));
#5080=CARTESIAN_POINT('Ctrl Pts',(-60.1303995436438,189.565001381622,-49.065685424533));
#5081=CARTESIAN_POINT('Ctrl Pts',(-59.1981818562916,189.565001381622,-49.065685424533));
#5082=CARTESIAN_POINT('',(-59.1981818562916,189.682158669147,-48.7828427120295));
#5083=CARTESIAN_POINT('Origin',(-59.1981818562916,189.965001381622,-49.0656854245041));
#5084=CARTESIAN_POINT('Ctrl Pts',(-59.1981818562916,189.682158669147,-48.7828427120295));
#5085=CARTESIAN_POINT('Ctrl Pts',(-60.0884327156689,189.682158669147,-48.7828427120295));
#5086=CARTESIAN_POINT('Ctrl Pts',(-61.8687018389154,189.691052308706,-48.3690771607442));
#5087=CARTESIAN_POINT('Ctrl Pts',(-63.8091896864735,189.735798736402,-46.7924096307608));
#5088=CARTESIAN_POINT('Ctrl Pts',(-64.8845462493405,189.822236420476,-44.8455473554652));
#5089=CARTESIAN_POINT('Ctrl Pts',(-65.1483205837179,189.899709268261,-43.5491405564294));
#5090=CARTESIAN_POINT('Ctrl Pts',(-65.1864487882269,189.940047248566,-42.9000000005006));
#5091=CARTESIAN_POINT('Origin',(-40.1990909353558,189.965001381622,-49.0656854245041));
#5092=CARTESIAN_POINT('',(-35.1981818562916,189.565001381622,-49.065685424533));
#5093=CARTESIAN_POINT('',(-35.1981818562916,189.682158669147,-48.7828427120295));
#5094=CARTESIAN_POINT('Origin',(-35.1981818562916,189.965001381622,-49.0656854245041));
#5095=CARTESIAN_POINT('',(-40.1990909353558,189.682158669147,-48.7828427120295));
#5096=CARTESIAN_POINT('',(-40.1990909353558,189.565001381622,-49.065685424533));
#5097=CARTESIAN_POINT('Ctrl Pts',(-35.1981818562916,189.565001381622,-49.065685424533));
#5098=CARTESIAN_POINT('Ctrl Pts',(-33.7998553252632,189.565001381622,-49.065685424533));
#5099=CARTESIAN_POINT('Ctrl Pts',(-31.479616112571,189.565001381563,-48.2532733907859));
#5100=CARTESIAN_POINT('Ctrl Pts',(-29.3624449795941,189.565001381377,-45.6669577979199));
#5101=CARTESIAN_POINT('Ctrl Pts',(-28.8648055369149,189.565001381244,-43.8306046022475));
#5102=CARTESIAN_POINT('Ctrl Pts',(-28.8099579567718,189.565001381177,-42.9));
#5103=CARTESIAN_POINT('Ctrl Pts',(-35.1981818562916,189.565001381618,-49.0133255469683));
#5104=CARTESIAN_POINT('Ctrl Pts',(-33.8115098493782,189.565001381618,-49.0133255469683));
#5105=CARTESIAN_POINT('Ctrl Pts',(-31.5106023826752,189.565360582452,-48.2028572467237));
#5106=CARTESIAN_POINT('Ctrl Pts',(-29.429178354451,189.565278072657,-45.6293966488131));
#5107=CARTESIAN_POINT('Ctrl Pts',(-28.9554607152479,189.565265313933,-43.8113884919079));
#5108=CARTESIAN_POINT('Ctrl Pts',(-28.9105852432999,189.565001381177,-42.8940692715799));
#5109=CARTESIAN_POINT('Ctrl Pts',(-35.1981818562916,189.585844212576,-48.9086333828304));
#5110=CARTESIAN_POINT('Ctrl Pts',(-33.8348069823325,189.585844212576,-48.9086333828304));
#5111=CARTESIAN_POINT('Ctrl Pts',(-31.5729356309777,189.588523033388,-48.1020614356413));
#5112=CARTESIAN_POINT('Ctrl Pts',(-29.5628761385914,189.606326917029,-45.5543961259956));
#5113=CARTESIAN_POINT('Ctrl Pts',(-29.1366865928968,189.629877266935,-43.7731688702512));
#5114=CARTESIAN_POINT('Ctrl Pts',(-29.1110405334211,189.645129685377,-42.8822549225331));
#5115=CARTESIAN_POINT('Ctrl Pts',(-35.1981818562916,189.645134644659,-48.8198667365175));
#5116=CARTESIAN_POINT('Ctrl Pts',(-33.8545726069705,189.645134644659,-48.8198667365175));
#5117=CARTESIAN_POINT('Ctrl Pts',(-31.6254424882553,189.655664198819,-48.0189177009636));
#5118=CARTESIAN_POINT('Ctrl Pts',(-29.6599807607227,189.719328810385,-45.5032697316619));
#5119=CARTESIAN_POINT('Ctrl Pts',(-29.2376711604991,189.796272210841,-43.7544746128066));
#5120=CARTESIAN_POINT('Ctrl Pts',(-29.2026654656881,189.840879927946,-42.8768547710439));
#5121=CARTESIAN_POINT('Ctrl Pts',(-35.1981818562916,189.682158669147,-48.7828427120295));
#5122=CARTESIAN_POINT('Ctrl Pts',(-33.8628055672256,189.682158669147,-48.7828427120295));
#5123=CARTESIAN_POINT('Ctrl Pts',(-31.6481242828346,189.697125758735,-47.9853977679289));
#5124=CARTESIAN_POINT('Ctrl Pts',(-29.6932257223676,189.78609331007,-45.4880497265848));
#5125=CARTESIAN_POINT('Ctrl Pts',(-29.2570000769443,189.887016241911,-43.7526194628851));
#5126=CARTESIAN_POINT('Ctrl Pts',(-29.2085756996281,189.941507817376,-42.8765064361703));
#5127=CARTESIAN_POINT('Ctrl Pts',(-29.2099150264628,189.940047433217,-42.8999999941099));
#5128=CARTESIAN_POINT('Ctrl Pts',(-29.2609132490813,189.886115057953,-43.7681269057575));
#5129=CARTESIAN_POINT('Ctrl Pts',(-29.6982187239634,189.785866078267,-45.4944281970629));
#5130=CARTESIAN_POINT('Ctrl Pts',(-31.6481242828346,189.697125758735,-47.9853977679289));
#5131=CARTESIAN_POINT('Ctrl Pts',(-33.8628055672256,189.682158669147,-48.7828427120295));
#5132=CARTESIAN_POINT('Ctrl Pts',(-35.1981818562916,189.682158669147,-48.7828427120295));
#5133=CARTESIAN_POINT('Ctrl Pts',(-35.1981818562916,189.565001381622,-49.065685424533));
#5134=CARTESIAN_POINT('Ctrl Pts',(-33.7998553252632,189.565001381622,-49.065685424533));
#5135=CARTESIAN_POINT('Ctrl Pts',(-31.479616112571,189.565001381563,-48.2532733907859));
#5136=CARTESIAN_POINT('Ctrl Pts',(-29.3624449795941,189.565001381377,-45.6669577979199));
#5137=CARTESIAN_POINT('Ctrl Pts',(-28.8648055369149,189.565001381244,-43.8306046022475));
#5138=CARTESIAN_POINT('Ctrl Pts',(-28.8099579567718,189.565001381177,-42.9));
#5139=CARTESIAN_POINT('Origin',(-45.2000000144199,189.565001381899,-52.9000000044572));
#5140=CARTESIAN_POINT('',(-59.1981860082503,189.565001381714,-50.3443145745412));
#5141=CARTESIAN_POINT('Ctrl Pts',(-59.1981860082503,189.565001381714,-50.3443145745412));
#5142=CARTESIAN_POINT('Ctrl Pts',(-60.3473295953483,189.565001381714,-50.3443139871655));
#5143=CARTESIAN_POINT('Ctrl Pts',(-62.6450915305647,189.565001381679,-49.8492751848268));
#5144=CARTESIAN_POINT('Ctrl Pts',(-65.2428058853794,189.56500138154,-47.9246014368925));
#5145=CARTESIAN_POINT('Ctrl Pts',(-66.7698172363741,189.565001381361,-45.4522529693973));
#5146=CARTESIAN_POINT('Ctrl Pts',(-67.1526881972354,189.565001381239,-43.7540161362728));
#5147=CARTESIAN_POINT('Ctrl Pts',(-67.1976625179548,189.565001381177,-42.8999999816925));
#5148=CARTESIAN_POINT('',(-35.1981795889512,189.565001381714,-50.3443145745421));
#5149=CARTESIAN_POINT('',(-52.1990930113352,189.565001381714,-50.3443145745415));
#5150=CARTESIAN_POINT('Ctrl Pts',(-27.1987012570503,189.565001381177,-42.8999999817094));
#5151=CARTESIAN_POINT('Ctrl Pts',(-27.2436757141664,189.565001381239,-43.7540167226933));
#5152=CARTESIAN_POINT('Ctrl Pts',(-27.626546972146,189.565001381361,-45.4523218241806));
#5153=CARTESIAN_POINT('Ctrl Pts',(-29.1535599720196,189.56500138154,-47.9247107138915));
#5154=CARTESIAN_POINT('Ctrl Pts',(-31.7512764873827,189.565001381679,-49.8495328768003));
#5155=CARTESIAN_POINT('Ctrl Pts',(-34.0490358403908,189.565001381714,-50.3443140851382));
#5156=CARTESIAN_POINT('Ctrl Pts',(-35.1981795889512,189.565001381714,-50.3443145745421));
#5157=CARTESIAN_POINT('Ctrl Pts',(-65.1864487803201,192.752524210845,-40.0875228296676));
#5158=CARTESIAN_POINT('Ctrl Pts',(-64.8341574185307,195.565001381177,-42.9));
#5159=CARTESIAN_POINT('Ctrl Pts',(-59.1981818562916,195.565001381177,-42.9));
#5160=CARTESIAN_POINT('Ctrl Pts',(-65.1864487803201,186.869681498815,-45.9703655416971));
#5161=CARTESIAN_POINT('Ctrl Pts',(-64.8341574185307,189.682158669147,-48.7828427120295));
#5162=CARTESIAN_POINT('Ctrl Pts',(-59.1981818562916,189.682158669147,-48.7828427120295));
#5163=CARTESIAN_POINT('',(-59.1981818562916,195.565001381177,-42.9));
#5164=CARTESIAN_POINT('Ctrl Pts',(-27.1976737122219,189.565001381175,-42.8799796099734));
#5165=CARTESIAN_POINT('Ctrl Pts',(-27.2407037998715,189.565001381238,-43.7407951572795));
#5166=CARTESIAN_POINT('Ctrl Pts',(-27.6229869919168,189.565001381361,-45.4465578551986));
#5167=CARTESIAN_POINT('Ctrl Pts',(-29.1535599720196,189.56500138154,-47.9247107138915));
#5168=CARTESIAN_POINT('Ctrl Pts',(-31.7512764873827,189.565001381679,-49.8495328768003));
#5169=CARTESIAN_POINT('Ctrl Pts',(-34.0490358403908,189.565001381714,-50.3443140851382));
#5170=CARTESIAN_POINT('Ctrl Pts',(-35.1981795889512,189.565001381714,-50.3443145745421));
#5171=CARTESIAN_POINT('Ctrl Pts',(-27.1360105085393,189.565001381176,-42.8830620044161));
#5172=CARTESIAN_POINT('Ctrl Pts',(-27.1751033245026,189.564981946138,-43.7510712563395));
#5173=CARTESIAN_POINT('Ctrl Pts',(-27.5525433234573,189.564990108791,-45.4741623475836));
#5174=CARTESIAN_POINT('Ctrl Pts',(-29.090563669478,189.564940921995,-47.9824983716611));
#5175=CARTESIAN_POINT('Ctrl Pts',(-31.7132420005968,189.564911688023,-49.9326103723682));
#5176=CARTESIAN_POINT('Ctrl Pts',(-34.0363587918671,189.56500138174,-50.434073868699));
#5177=CARTESIAN_POINT('Ctrl Pts',(-35.1981795507238,189.565001381721,-50.4340743646419));
#5178=CARTESIAN_POINT('Ctrl Pts',(-27.0127429974332,189.594156601808,-42.8892238492179));
#5179=CARTESIAN_POINT('Ctrl Pts',(-27.0439596164474,189.598282750977,-43.7716208248686));
#5180=CARTESIAN_POINT('Ctrl Pts',(-27.4117149235929,189.607227902965,-45.5292874086225));
#5181=CARTESIAN_POINT('Ctrl Pts',(-28.9646056780201,189.618960853408,-48.0979294396578));
#5182=CARTESIAN_POINT('Ctrl Pts',(-31.6372131427998,189.626294073869,-50.0985742504784));
#5183=CARTESIAN_POINT('Ctrl Pts',(-34.0109977621481,189.627963490823,-50.6132326874554));
#5184=CARTESIAN_POINT('Ctrl Pts',(-35.1981794744226,189.627963492491,-50.6132331964837));
#5185=CARTESIAN_POINT('Ctrl Pts',(-26.8666854967027,189.715869110144,-42.8965249104852));
#5186=CARTESIAN_POINT('Ctrl Pts',(-26.8938985590769,189.735978358694,-43.7956932932985));
#5187=CARTESIAN_POINT('Ctrl Pts',(-27.263900829844,189.778254399151,-45.5895340975661));
#5188=CARTESIAN_POINT('Ctrl Pts',(-28.84828398508,189.830809822734,-48.2076628904373));
#5189=CARTESIAN_POINT('Ctrl Pts',(-31.5728677026001,189.862201461962,-50.2422591381439));
#5190=CARTESIAN_POINT('Ctrl Pts',(-33.9895535170158,189.869107611438,-50.7651648571629));
#5191=CARTESIAN_POINT('Ctrl Pts',(-35.1981794097169,189.869107618485,-50.7651653743683));
#5192=CARTESIAN_POINT('Ctrl Pts',(-26.8031598363431,189.86107541414,-42.899700404623));
#5193=CARTESIAN_POINT('Ctrl Pts',(-26.8377520883273,189.896967837946,-43.8057162704346));
#5194=CARTESIAN_POINT('Ctrl Pts',(-27.2312345316816,189.968894811157,-45.6068970851097));
#5195=CARTESIAN_POINT('Ctrl Pts',(-28.8495174126375,190.050509494982,-48.2120571627583));
#5196=CARTESIAN_POINT('Ctrl Pts',(-31.5841894165264,190.095522932715,-50.2229684481896));
#5197=CARTESIAN_POINT('Ctrl Pts',(-33.9933047227607,190.104988447078,-50.7383673443152));
#5198=CARTESIAN_POINT('Ctrl Pts',(-35.1981794211296,190.104988456921,-50.7383678544741));
#5199=CARTESIAN_POINT('Ctrl Pts',(-26.7971321243,189.954114940044,-42.9000017153656));
#5200=CARTESIAN_POINT('Ctrl Pts',(-26.8411081936214,189.99719914201,-43.8062250894912));
#5201=CARTESIAN_POINT('Ctrl Pts',(-27.2571502086667,190.079596704831,-45.6002605201326));
#5202=CARTESIAN_POINT('Ctrl Pts',(-28.8944423071815,190.164544327849,-48.1746853787833));
#5203=CARTESIAN_POINT('Ctrl Pts',(-31.6179688716626,190.207379513904,-50.1525786918784));
#5204=CARTESIAN_POINT('Ctrl Pts',(-34.0045815956055,190.216109207006,-50.6588916639429));
#5205=CARTESIAN_POINT('Ctrl Pts',(-35.1981794549771,190.21610921606,-50.6588921651165));
#5206=CARTESIAN_POINT('Ctrl Pts',(-26.7986694848163,189.98494663766,-42.8999248664287));
#5207=CARTESIAN_POINT('Ctrl Pts',(-26.8462044781333,190.030006885676,-43.8058006616892));
#5208=CARTESIAN_POINT('Ctrl Pts',(-27.2703245941395,190.114683567591,-45.5962400414003));
#5209=CARTESIAN_POINT('Ctrl Pts',(-28.9132825916689,190.198841147454,-48.1585504797771));
#5210=CARTESIAN_POINT('Ctrl Pts',(-31.6313858122571,190.239704693466,-50.1242361885585));
#5211=CARTESIAN_POINT('Ctrl Pts',(-34.0090430234249,190.247844085673,-50.6271567890678));
#5212=CARTESIAN_POINT('Ctrl Pts',(-35.1981794684926,190.247844094189,-50.6271572869878));
#5213=CARTESIAN_POINT('',(-35.1981794684926,190.247844094189,-50.6271572869878));
#5214=CARTESIAN_POINT('Origin',(-35.1981795889512,189.965001381714,-50.3443145745132));
#5215=CARTESIAN_POINT('Ctrl Pts',(-35.1981794684926,190.247844094189,-50.6271572869878));
#5216=CARTESIAN_POINT('Ctrl Pts',(-34.0090430234249,190.247844085673,-50.6271567890678));
#5217=CARTESIAN_POINT('Ctrl Pts',(-31.6313858122571,190.239704693466,-50.1242361885585));
#5218=CARTESIAN_POINT('Ctrl Pts',(-28.9132825916689,190.198841147454,-48.1585504797771));
#5219=CARTESIAN_POINT('Ctrl Pts',(-27.2703382208792,190.114684265597,-45.5962612932747));
#5220=CARTESIAN_POINT('Ctrl Pts',(-26.8462162037877,190.030009226706,-43.8058501614886));
#5221=CARTESIAN_POINT('Ctrl Pts',(-26.7986734277592,189.984950374963,-42.8999999999962));
#5222=CARTESIAN_POINT('Origin',(-52.1990930113352,189.965001381714,-50.3443145745126));
#5223=CARTESIAN_POINT('',(-59.1981860082503,190.247844094189,-50.627157286987));
#5224=CARTESIAN_POINT('Origin',(-59.1981860082503,189.965001381714,-50.3443145745123));
#5225=CARTESIAN_POINT('',(-52.1990930113352,190.247844094189,-50.6271572869872));
#5226=CARTESIAN_POINT('Ctrl Pts',(-59.1981858686128,189.565001381714,-50.3443145745412));
#5227=CARTESIAN_POINT('Ctrl Pts',(-60.347329502278,189.565001381714,-50.344314007217));
#5228=CARTESIAN_POINT('Ctrl Pts',(-62.6450914923029,189.565001381679,-49.8492752131753));
#5229=CARTESIAN_POINT('Ctrl Pts',(-65.2428058853794,189.56500138154,-47.9246014368925));
#5230=CARTESIAN_POINT('Ctrl Pts',(-66.7733772035655,189.565001381361,-45.4464891095384));
#5231=CARTESIAN_POINT('Ctrl Pts',(-67.155660101562,189.565001381238,-43.7407951370791));
#5232=CARTESIAN_POINT('Ctrl Pts',(-67.1986900569889,189.565001381175,-42.8799796695522));
#5233=CARTESIAN_POINT('Ctrl Pts',(-59.1981859129266,189.565001381721,-50.434074364641));
#5234=CARTESIAN_POINT('Ctrl Pts',(-60.3600065556205,189.565001381743,-50.4340737897366));
#5235=CARTESIAN_POINT('Ctrl Pts',(-62.6831262209753,189.564932074904,-49.9323554533104));
#5236=CARTESIAN_POINT('Ctrl Pts',(-65.30580197762,189.564948977724,-47.9823901796891));
#5237=CARTESIAN_POINT('Ctrl Pts',(-66.8438207142402,189.564995329332,-45.474094395767));
#5238=CARTESIAN_POINT('Ctrl Pts',(-67.2212605726616,189.564981946145,-43.7510712249427));
#5239=CARTESIAN_POINT('Ctrl Pts',(-67.2603532554968,189.565001381176,-42.8830620545503));
#5240=CARTESIAN_POINT('Ctrl Pts',(-59.1981860013761,189.627964886916,-50.6132333440675));
#5241=CARTESIAN_POINT('Ctrl Pts',(-60.3853675949521,189.627964884983,-50.6132327539944));
#5242=CARTESIAN_POINT('Ctrl Pts',(-62.7591633910846,189.626306010429,-50.0982921491151));
#5243=CARTESIAN_POINT('Ctrl Pts',(-65.4317637317884,189.618965964576,-48.0978102301257));
#5244=CARTESIAN_POINT('Ctrl Pts',(-66.984651409605,189.607231247577,-45.5292123910205));
#5245=CARTESIAN_POINT('Ctrl Pts',(-67.3524042956234,189.598283032907,-43.7716207722592));
#5246=CARTESIAN_POINT('Ctrl Pts',(-67.3836207796998,189.594156884358,-42.8892238816437));
#5247=CARTESIAN_POINT('Ctrl Pts',(-59.198186076384,189.869108250423,-50.7651655599692));
#5248=CARTESIAN_POINT('Ctrl Pts',(-60.4068118482423,189.869108242255,-50.7651649604171));
#5249=CARTESIAN_POINT('Ctrl Pts',(-62.8235084882746,189.862227038037,-50.2420017339775));
#5250=CARTESIAN_POINT('Ctrl Pts',(-65.5480842804403,189.830820268293,-48.2075536010926));
#5251=CARTESIAN_POINT('Ctrl Pts',(-67.1324646576081,189.778261089398,-45.58946553121));
#5252=CARTESIAN_POINT('Ctrl Pts',(-67.5024653594159,189.735978450843,-43.7956932165815));
#5253=CARTESIAN_POINT('Ctrl Pts',(-67.5296782830878,189.715869204856,-42.8965249212859));
#5254=CARTESIAN_POINT('Ctrl Pts',(-59.1981860631542,190.104988986706,-50.7383680074549));
#5255=CARTESIAN_POINT('Ctrl Pts',(-60.4030606410554,190.104988975297,-50.7383674160711));
#5256=CARTESIAN_POINT('Ctrl Pts',(-62.8121947833908,190.095541826735,-50.2227129600208));
#5257=CARTESIAN_POINT('Ctrl Pts',(-65.5468544192826,190.050517144662,-48.2119485824268));
#5258=CARTESIAN_POINT('Ctrl Pts',(-67.1651330951713,189.968899483928,-45.6068286242826));
#5259=CARTESIAN_POINT('Ctrl Pts',(-67.5586118376534,189.896967890032,-43.8057161861835));
#5260=CARTESIAN_POINT('Ctrl Pts',(-67.5932039468543,189.861075469516,-42.8997004061307));
#5261=CARTESIAN_POINT('Ctrl Pts',(-59.1981860239176,190.21610921606,-50.6588921651157));
#5262=CARTESIAN_POINT('Ctrl Pts',(-60.3917837639491,190.216109205564,-50.6588915841477));
#5263=CARTESIAN_POINT('Ctrl Pts',(-62.7784050617039,190.207419556659,-50.1523621175976));
#5264=CARTESIAN_POINT('Ctrl Pts',(-65.5019246028017,190.16456006456,-48.174592235866));
#5265=CARTESIAN_POINT('Ctrl Pts',(-67.1392142286193,190.079606481972,-45.6002018574274));
#5266=CARTESIAN_POINT('Ctrl Pts',(-67.5552557219514,189.997199082999,-43.8062250065574));
#5267=CARTESIAN_POINT('Ctrl Pts',(-67.5992316461359,189.954114883489,-42.9000017153374));
#5268=CARTESIAN_POINT('Ctrl Pts',(-59.1981860082503,190.247844094189,-50.6271572869869));
#5269=CARTESIAN_POINT('Ctrl Pts',(-60.3873223344239,190.247844084317,-50.6271567097906));
#5270=CARTESIAN_POINT('Ctrl Pts',(-62.7649915127405,190.239737036066,-50.1240108675339));
#5271=CARTESIAN_POINT('Ctrl Pts',(-65.4830861600544,190.198853710834,-48.1584537661584));
#5272=CARTESIAN_POINT('Ctrl Pts',(-67.1260410130285,190.11469120979,-45.5961789379385));
#5273=CARTESIAN_POINT('Ctrl Pts',(-67.5501594428397,190.030006824517,-43.8058005803298));
#5274=CARTESIAN_POINT('Ctrl Pts',(-67.5976942903075,189.984946578516,-42.8999248668638));
#5275=CARTESIAN_POINT('Ctrl Pts',(-67.5976903473991,189.984950315798,-42.8999999999961));
#5276=CARTESIAN_POINT('Ctrl Pts',(-67.5501477172988,190.030009165746,-43.8058500781599));
#5277=CARTESIAN_POINT('Ctrl Pts',(-67.1260273863927,190.114691907832,-45.5962001893964));
#5278=CARTESIAN_POINT('Ctrl Pts',(-65.4830861600544,190.198853710834,-48.1584537661584));
#5279=CARTESIAN_POINT('Ctrl Pts',(-62.7649915127405,190.239737036066,-50.1240108675339));
#5280=CARTESIAN_POINT('Ctrl Pts',(-60.3873223344239,190.247844084317,-50.6271567097906));
#5281=CARTESIAN_POINT('Ctrl Pts',(-59.1981860082503,190.247844094189,-50.6271572869869));
#5282=CARTESIAN_POINT('Ctrl Pts',(-35.1981794684926,197.975001381177,-42.8999999999999));
#5283=CARTESIAN_POINT('Ctrl Pts',(-27.1981517969942,197.974999677628,-42.8999982964513));
#5284=CARTESIAN_POINT('Ctrl Pts',(-26.798673427604,193.979975876592,-38.904974495415));
#5285=CARTESIAN_POINT('Ctrl Pts',(-35.1981794684926,190.247844094189,-50.6271572869878));
#5286=CARTESIAN_POINT('Ctrl Pts',(-27.1981517969942,190.24784239064,-50.6271555834392));
#5287=CARTESIAN_POINT('Ctrl Pts',(-26.798673427604,186.252818589604,-46.6321317824029));
#5288=CARTESIAN_POINT('',(-35.1981794684926,197.975001381177,-42.9));
#5289=CARTESIAN_POINT('Origin',(-59.1981860082503,197.975001381176,-42.9));
#5290=CARTESIAN_POINT('',(-59.1981860082503,197.975001381176,-42.9));
#5291=CARTESIAN_POINT('Ctrl Pts',(-67.5976903474064,193.979975848488,-38.9049744673122));
#5292=CARTESIAN_POINT('Ctrl Pts',(-67.1982131902099,197.974999406397,-42.899998025221));
#5293=CARTESIAN_POINT('Ctrl Pts',(-59.1981860082503,197.975001381176,-42.9));
#5294=CARTESIAN_POINT('Ctrl Pts',(-67.5976903474064,186.252818561501,-46.6321317542991));
#5295=CARTESIAN_POINT('Ctrl Pts',(-67.1982131902099,190.24784211941,-50.627155312208));
#5296=CARTESIAN_POINT('Ctrl Pts',(-59.1981860082503,190.247844094189,-50.627157286987));
#5297=CARTESIAN_POINT('Ctrl Pts',(-35.1981818562916,195.565001381177,-42.9));
#5298=CARTESIAN_POINT('Ctrl Pts',(-29.5622062940526,195.565001381177,-42.9));
#5299=CARTESIAN_POINT('Ctrl Pts',(-29.2099149322631,192.752524210845,-40.0875228296676));
#5300=CARTESIAN_POINT('Ctrl Pts',(-35.1981818562916,189.682158669147,-48.7828427120295));
#5301=CARTESIAN_POINT('Ctrl Pts',(-29.5622062940526,189.682158669147,-48.7828427120295));
#5302=CARTESIAN_POINT('Ctrl Pts',(-29.2099149322631,186.869681498815,-45.9703655416971));
#5303=CARTESIAN_POINT('',(-35.1981818562916,195.565001381177,-42.9));
#5304=CARTESIAN_POINT('Origin',(-35.1981818562916,195.565001381177,-42.9));
#5305=CARTESIAN_POINT('Ctrl Pts',(-74.5864057558089,197.975001381177,-42.9));
#5306=CARTESIAN_POINT('Ctrl Pts',(-74.5315581756664,197.975001381177,-43.8306046022366));
#5307=CARTESIAN_POINT('Ctrl Pts',(-74.0339127181353,197.975001381177,-45.6669454923849));
#5308=CARTESIAN_POINT('Ctrl Pts',(-71.9167378769347,197.975001381177,-48.2532482627956));
#5309=CARTESIAN_POINT('Ctrl Pts',(-69.5965083873634,197.975001381177,-49.0656854249492));
#5310=CARTESIAN_POINT('Ctrl Pts',(-68.1981818562908,197.975001381177,-49.0656854249492));
#5311=CARTESIAN_POINT('Ctrl Pts',(-74.4857784692814,197.975001381177,-42.8940692715799));
#5312=CARTESIAN_POINT('Ctrl Pts',(-74.4409029973337,197.975265313868,-43.8113884918991));
#5313=CARTESIAN_POINT('Ctrl Pts',(-73.9671796870153,197.975280526213,-45.6293844840687));
#5314=CARTESIAN_POINT('Ctrl Pts',(-71.885752114115,197.975363591312,-48.2028321306547));
#5315=CARTESIAN_POINT('Ctrl Pts',(-69.5848538632483,197.975001381177,-49.0133255473894));
#5316=CARTESIAN_POINT('Ctrl Pts',(-68.1981818562908,197.975001381177,-49.0133255473894));
#5317=CARTESIAN_POINT('Ctrl Pts',(-74.2853260139615,198.055132697083,-42.8822550896153));
#5318=CARTESIAN_POINT('Ctrl Pts',(-74.2596799544857,198.039880278578,-43.7731690373278));
#5319=CARTESIAN_POINT('Ctrl Pts',(-73.8334814860691,198.01632855844,-45.5543847241098));
#5320=CARTESIAN_POINT('Ctrl Pts',(-71.8234181593007,197.998524094434,-48.1020366935182));
#5321=CARTESIAN_POINT('Ctrl Pts',(-69.5615567302937,197.995844510926,-48.9086335070242));
#5322=CARTESIAN_POINT('Ctrl Pts',(-68.1981818562908,197.995844510926,-48.9086335070242));
#5323=CARTESIAN_POINT('Ctrl Pts',(-74.1936982468935,198.250879927945,-42.8768547710638));
#5324=CARTESIAN_POINT('Ctrl Pts',(-74.1586925520829,198.206272210777,-43.7544746128208));
#5325=CARTESIAN_POINT('Ctrl Pts',(-73.7363805308813,198.129330299474,-45.5032583654499));
#5326=CARTESIAN_POINT('Ctrl Pts',(-71.770915727065,198.065665065947,-48.0188927040395));
#5327=CARTESIAN_POINT('Ctrl Pts',(-69.5417911056549,198.055134644218,-48.8198667369593));
#5328=CARTESIAN_POINT('Ctrl Pts',(-68.1981818562908,198.055134644218,-48.8198667369593));
#5329=CARTESIAN_POINT('Ctrl Pts',(-74.1877880129528,198.351507817375,-42.8765064361975));
#5330=CARTESIAN_POINT('Ctrl Pts',(-74.1393636356371,198.297016241846,-43.7526194629058));
#5331=CARTESIAN_POINT('Ctrl Pts',(-73.7031345868415,198.196094526576,-45.4880386377839));
#5332=CARTESIAN_POINT('Ctrl Pts',(-71.7482322572521,198.107125758585,-47.9853726402037));
#5333=CARTESIAN_POINT('Ctrl Pts',(-69.5335581453991,198.092158668702,-48.7828427124746));
#5334=CARTESIAN_POINT('Ctrl Pts',(-68.1981818562908,198.092158668702,-48.7828427124746));
#5335=CARTESIAN_POINT('',(-68.1981818562908,197.975001381177,-49.0656854249492));
#5336=CARTESIAN_POINT('Ctrl Pts',(-74.5864057558089,197.975001381177,-42.9));
#5337=CARTESIAN_POINT('Ctrl Pts',(-74.5315581756664,197.975001381177,-43.8306046022366));
#5338=CARTESIAN_POINT('Ctrl Pts',(-74.0339127181353,197.975001381177,-45.6669454923849));
#5339=CARTESIAN_POINT('Ctrl Pts',(-71.9167378769347,197.975001381177,-48.2532482627956));
#5340=CARTESIAN_POINT('Ctrl Pts',(-69.5965083873634,197.975001381177,-49.0656854249492));
#5341=CARTESIAN_POINT('Ctrl Pts',(-68.1981818562908,197.975001381177,-49.0656854249492));
#5342=CARTESIAN_POINT('',(-68.1981818562908,198.092158668702,-48.7828427124746));
#5343=CARTESIAN_POINT('Origin',(-68.1981818562908,198.375001381177,-49.0656854249492));
#5344=CARTESIAN_POINT('Ctrl Pts',(-68.1981818562908,198.092158668702,-48.7828427124746));
#5345=CARTESIAN_POINT('Ctrl Pts',(-69.5335581453991,198.092158668702,-48.7828427124746));
#5346=CARTESIAN_POINT('Ctrl Pts',(-71.7482322572521,198.107125758585,-47.9853726402037));
#5347=CARTESIAN_POINT('Ctrl Pts',(-73.6981415753497,198.195867291653,-45.4944170727494));
#5348=CARTESIAN_POINT('Ctrl Pts',(-74.1354504328893,198.296115068677,-43.7681268075491));
#5349=CARTESIAN_POINT('Ctrl Pts',(-74.1864486856371,198.35004743328,-42.8999999940797));
#5350=CARTESIAN_POINT('Origin',(-36.1490909258158,198.375001381177,-49.0656854249493));
#5351=CARTESIAN_POINT('',(-26.1981818562908,197.975001381177,-49.0656854249493));
#5352=CARTESIAN_POINT('',(-26.1981818562908,198.092158668702,-48.7828427124747));
#5353=CARTESIAN_POINT('Origin',(-26.1981818562908,198.375001381177,-49.0656854249493));
#5354=CARTESIAN_POINT('',(-36.1490909258158,198.092158668702,-48.7828427124747));
#5355=CARTESIAN_POINT('',(-36.1490909258158,197.975001381177,-49.0656854249493));
#5356=CARTESIAN_POINT('Ctrl Pts',(-26.1981818562908,197.975001381177,-49.0656854249493));
#5357=CARTESIAN_POINT('Ctrl Pts',(-24.7998553252181,197.975001381177,-49.0656854249493));
#5358=CARTESIAN_POINT('Ctrl Pts',(-22.4796159620503,197.975001381177,-48.2532737800239));
#5359=CARTESIAN_POINT('Ctrl Pts',(-20.3624448865515,197.975001381177,-45.6669579880784));
#5360=CARTESIAN_POINT('Ctrl Pts',(-19.8648055369151,197.975001381177,-43.8306046022366));
#5361=CARTESIAN_POINT('Ctrl Pts',(-19.8099579567726,197.975001381177,-42.9));
#5362=CARTESIAN_POINT('Ctrl Pts',(-26.1981818562908,197.975001381177,-49.0133255473894));
#5363=CARTESIAN_POINT('Ctrl Pts',(-24.8115098493332,197.975001381177,-49.0133255473894));
#5364=CARTESIAN_POINT('Ctrl Pts',(-22.5106022400019,197.975360535545,-48.2028576357899));
#5365=CARTESIAN_POINT('Ctrl Pts',(-20.4291782667259,197.975278034479,-45.6293968367904));
#5366=CARTESIAN_POINT('Ctrl Pts',(-19.9554607152478,197.975265313868,-43.8113884918992));
#5367=CARTESIAN_POINT('Ctrl Pts',(-19.9105852433002,197.975001381177,-42.8940692715799));
#5368=CARTESIAN_POINT('Ctrl Pts',(-26.1981818562908,197.995844207518,-48.9086333813486));
#5369=CARTESIAN_POINT('Ctrl Pts',(-24.8348069822878,197.995844207518,-48.9086333813486));
#5370=CARTESIAN_POINT('Ctrl Pts',(-22.5729354771999,197.99852301679,-48.10206181895));
#5371=CARTESIAN_POINT('Ctrl Pts',(-20.5628760442066,198.01632689158,-45.5543963021395));
#5372=CARTESIAN_POINT('Ctrl Pts',(-20.1366866367354,198.039877220296,-43.7731688676679));
#5373=CARTESIAN_POINT('Ctrl Pts',(-20.1110405772597,198.055129638802,-42.8822549199553));
#5374=CARTESIAN_POINT('Ctrl Pts',(-26.1981818562908,198.055134644218,-48.8198667369593));
#5375=CARTESIAN_POINT('Ctrl Pts',(-24.8545726069267,198.055134644218,-48.8198667369593));
#5376=CARTESIAN_POINT('Ctrl Pts',(-22.6254424030635,198.065664185069,-48.0189180882499));
#5377=CARTESIAN_POINT('Ctrl Pts',(-20.6599807233176,198.129328787102,-45.5032699072708));
#5378=CARTESIAN_POINT('Ctrl Pts',(-20.2376711604987,198.206272210777,-43.754474612821));
#5379=CARTESIAN_POINT('Ctrl Pts',(-20.202665465688,198.250879927945,-42.8768547710638));
#5380=CARTESIAN_POINT('Ctrl Pts',(-26.1981818562908,198.092158668702,-48.7828427124746));
#5381=CARTESIAN_POINT('Ctrl Pts',(-24.8628055671824,198.092158668702,-48.7828427124746));
#5382=CARTESIAN_POINT('Ctrl Pts',(-22.6481241717225,198.107125758416,-47.9853981572633));
#5383=CARTESIAN_POINT('Ctrl Pts',(-20.6932256697757,198.196093290986,-45.4880498978875));
#5384=CARTESIAN_POINT('Ctrl Pts',(-20.2570000769444,198.297016241846,-43.752619462906));
#5385=CARTESIAN_POINT('Ctrl Pts',(-20.2085756996288,198.351507817375,-42.8765064361975));
#5386=CARTESIAN_POINT('Ctrl Pts',(-20.2099150264545,198.350047433214,-42.8999999941104));
#5387=CARTESIAN_POINT('Ctrl Pts',(-20.2609132486038,198.296115057721,-43.7681269072776));
#5388=CARTESIAN_POINT('Ctrl Pts',(-20.698218671212,198.195866059231,-45.4944283689097));
#5389=CARTESIAN_POINT('Ctrl Pts',(-22.6481241717225,198.107125758416,-47.9853981572633));
#5390=CARTESIAN_POINT('Ctrl Pts',(-24.8628055671824,198.092158668702,-48.7828427124746));
#5391=CARTESIAN_POINT('Ctrl Pts',(-26.1981818562908,198.092158668702,-48.7828427124746));
#5392=CARTESIAN_POINT('Ctrl Pts',(-26.1981818562908,197.975001381177,-49.0656854249493));
#5393=CARTESIAN_POINT('Ctrl Pts',(-24.7998553252181,197.975001381177,-49.0656854249493));
#5394=CARTESIAN_POINT('Ctrl Pts',(-22.4796159620503,197.975001381177,-48.2532737800239));
#5395=CARTESIAN_POINT('Ctrl Pts',(-20.3624448865515,197.975001381177,-45.6669579880784));
#5396=CARTESIAN_POINT('Ctrl Pts',(-19.8648055369151,197.975001381177,-43.8306046022366));
#5397=CARTESIAN_POINT('Ctrl Pts',(-19.8099579567726,197.975001381177,-42.9));
#5398=CARTESIAN_POINT('Origin',(-46.0999999953409,197.975001381177,-52.9));
#5399=CARTESIAN_POINT('',(-68.1981767671059,197.975001381177,-50.3443145750508));
#5400=CARTESIAN_POINT('Ctrl Pts',(-68.1981769382639,197.975001381177,-50.3443145750493));
#5401=CARTESIAN_POINT('Ctrl Pts',(-69.9218936646773,197.975001381177,-50.3443156181305));
#5402=CARTESIAN_POINT('Ctrl Pts',(-72.7874820251365,197.975001381177,-49.3971656079108));
#5403=CARTESIAN_POINT('Ctrl Pts',(-75.4904924873577,197.975001381177,-46.2960220823854));
#5404=CARTESIAN_POINT('Ctrl Pts',(-76.1375508564777,197.975001381177,-44.0408900240433));
#5405=CARTESIAN_POINT('Ctrl Pts',(-76.197662257754,197.975001381177,-42.8999999679989));
#5406=CARTESIAN_POINT('',(-26.1981866887387,197.975001381177,-50.3443145750513));
#5407=CARTESIAN_POINT('',(-57.1490883812234,197.975001381177,-50.3443145750508));
#5408=CARTESIAN_POINT('Ctrl Pts',(-18.198701060564,197.975001381177,-42.8999999817102));
#5409=CARTESIAN_POINT('Ctrl Pts',(-18.2436751350838,197.975001381177,-43.7540174336332));
#5410=CARTESIAN_POINT('Ctrl Pts',(-18.6265460674626,197.975001381177,-45.4523240716736));
#5411=CARTESIAN_POINT('Ctrl Pts',(-20.1535605251722,197.975001381177,-47.9247147811307));
#5412=CARTESIAN_POINT('Ctrl Pts',(-22.7512802902678,197.975001381177,-49.8495369199592));
#5413=CARTESIAN_POINT('Ctrl Pts',(-25.049042103275,197.975001381177,-50.3443156181326));
#5414=CARTESIAN_POINT('Ctrl Pts',(-26.1981866887387,197.975001381177,-50.3443145750513));
#5415=CARTESIAN_POINT('Ctrl Pts',(-74.1864487803194,201.162524210844,-40.0875228296667));
#5416=CARTESIAN_POINT('Ctrl Pts',(-73.8341574185314,203.975001381177,-42.9));
#5417=CARTESIAN_POINT('Ctrl Pts',(-68.1981818562908,203.975001381177,-42.9));
#5418=CARTESIAN_POINT('Ctrl Pts',(-74.1864487803194,195.279681498369,-45.9703655421414));
#5419=CARTESIAN_POINT('Ctrl Pts',(-73.8341574185314,198.092158668702,-48.7828427124746));
#5420=CARTESIAN_POINT('Ctrl Pts',(-68.1981818562908,198.092158668702,-48.7828427124746));
#5421=CARTESIAN_POINT('',(-68.1981818562908,203.975001381177,-42.9));
#5422=CARTESIAN_POINT('Ctrl Pts',(-18.1976735349073,197.975001381177,-42.8799797966117));
#5423=CARTESIAN_POINT('Ctrl Pts',(-18.240703253317,197.975001381177,-43.7407959900063));
#5424=CARTESIAN_POINT('Ctrl Pts',(-18.6229861197833,197.975001381177,-45.4465601566538));
#5425=CARTESIAN_POINT('Ctrl Pts',(-20.1535605251722,197.975001381177,-47.9247147811307));
#5426=CARTESIAN_POINT('Ctrl Pts',(-22.7512802902678,197.975001381177,-49.8495369199592));
#5427=CARTESIAN_POINT('Ctrl Pts',(-25.049042103275,197.975001381177,-50.3443156181326));
#5428=CARTESIAN_POINT('Ctrl Pts',(-26.1981866887387,197.975001381177,-50.3443145750513));
#5429=CARTESIAN_POINT('Ctrl Pts',(-18.1360103474277,197.975001381177,-42.8830621614811));
#5430=CARTESIAN_POINT('Ctrl Pts',(-18.1751027872183,197.974981946078,-43.7510720614935));
#5431=CARTESIAN_POINT('Ctrl Pts',(-18.552542430336,197.974990122944,-45.4741646344452));
#5432=CARTESIAN_POINT('Ctrl Pts',(-20.090564217962,197.97494093658,-47.982502471217));
#5433=CARTESIAN_POINT('Ctrl Pts',(-22.7132458535854,197.974911715916,-49.9326144714822));
#5434=CARTESIAN_POINT('Ctrl Pts',(-25.0363651652202,197.975001381137,-50.434075422172));
#5435=CARTESIAN_POINT('Ctrl Pts',(-26.1981867702138,197.975001381177,-50.4340743651538));
#5436=CARTESIAN_POINT('Ctrl Pts',(-18.0127428691974,198.004156578023,-42.8892239471422));
#5437=CARTESIAN_POINT('Ctrl Pts',(-18.043959098175,198.008282729483,-43.7716215748819));
#5438=CARTESIAN_POINT('Ctrl Pts',(-18.4117140254536,198.017227894161,-45.5292896616423));
#5439=CARTESIAN_POINT('Ctrl Pts',(-19.9646062530771,198.028960855611,-48.0979335951067));
#5440=CARTESIAN_POINT('Ctrl Pts',(-22.6372171549326,198.036294078164,-50.0985784355158));
#5441=CARTESIAN_POINT('Ctrl Pts',(-25.0110043559527,198.037963462644,-50.6132342784431));
#5442=CARTESIAN_POINT('Ctrl Pts',(-26.1981869328367,198.037963459089,-50.6132331935358));
#5443=CARTESIAN_POINT('Ctrl Pts',(-17.8666853851754,198.125869024608,-42.8965249394531));
#5444=CARTESIAN_POINT('Ctrl Pts',(-17.8938980415587,198.145978285998,-43.7956939840359));
#5445=CARTESIAN_POINT('Ctrl Pts',(-18.2638998650842,198.188254391339,-45.5895363421421));
#5446=CARTESIAN_POINT('Ctrl Pts',(-19.8482845546756,198.240809881658,-48.207667106865));
#5447=CARTESIAN_POINT('Ctrl Pts',(-22.5728717876966,198.272201528718,-50.2422634091445));
#5448=CARTESIAN_POINT('Ctrl Pts',(-24.9895602978168,198.279107618084,-50.7651664728662));
#5449=CARTESIAN_POINT('Ctrl Pts',(-26.1981870707459,198.279107603065,-50.7651653705307));
#5450=CARTESIAN_POINT('Ctrl Pts',(-17.8031596942686,198.271075264221,-42.8997004054963));
#5451=CARTESIAN_POINT('Ctrl Pts',(-17.837751535163,198.306967715018,-43.8057169457116));
#5452=CARTESIAN_POINT('Ctrl Pts',(-18.2312335599582,198.378894807532,-45.6068993601655));
#5453=CARTESIAN_POINT('Ctrl Pts',(-19.8495180293047,198.460509586653,-48.2120613715631));
#5454=CARTESIAN_POINT('Ctrl Pts',(-22.5841935257129,198.505523017149,-50.2229726631069));
#5455=CARTESIAN_POINT('Ctrl Pts',(-24.9933114705588,198.514988464889,-50.7383689387268));
#5456=CARTESIAN_POINT('Ctrl Pts',(-26.1981870464218,198.514988443911,-50.7383678514096));
#5457=CARTESIAN_POINT('Ctrl Pts',(-17.7971319431492,198.364114762958,-42.9000017153872));
#5458=CARTESIAN_POINT('Ctrl Pts',(-17.8411076037778,198.407199002009,-43.8062257730667));
#5459=CARTESIAN_POINT('Ctrl Pts',(-18.2571492030268,198.489596733339,-45.6002628446267));
#5460=CARTESIAN_POINT('Ctrl Pts',(-19.8944429161543,198.574544448733,-48.1746895798458));
#5461=CARTESIAN_POINT('Ctrl Pts',(-22.6179728907265,198.61737963368,-50.1525828795246));
#5462=CARTESIAN_POINT('Ctrl Pts',(-25.0045882456307,198.62610923482,-50.6588932338221));
#5463=CARTESIAN_POINT('Ctrl Pts',(-26.1981869742815,198.626109215522,-50.6588921656555));
#5464=CARTESIAN_POINT('Ctrl Pts',(-17.7986692889871,198.394946452469,-42.8999248679033));
#5465=CARTESIAN_POINT('Ctrl Pts',(-17.8462038750843,198.440006741006,-43.8058013498353));
#5466=CARTESIAN_POINT('Ctrl Pts',(-18.2703236063412,198.524683601464,-45.5962423769405));
#5467=CARTESIAN_POINT('Ctrl Pts',(-19.9132832236564,198.60884126775,-48.1585546677039));
#5468=CARTESIAN_POINT('Ctrl Pts',(-22.631389837677,198.649704805346,-50.1242403441283));
#5469=CARTESIAN_POINT('Ctrl Pts',(-25.0090496343788,198.657844111802,-50.6271583487579));
#5470=CARTESIAN_POINT('Ctrl Pts',(-26.1981869454757,198.657844093652,-50.6271572875258));
#5471=CARTESIAN_POINT('',(-26.1981869454757,198.657844093651,-50.6271572875258));
#5472=CARTESIAN_POINT('Origin',(-26.1981866887387,198.375001381177,-50.3443145750513));
#5473=CARTESIAN_POINT('Ctrl Pts',(-26.1981869454757,198.657844093652,-50.6271572875258));
#5474=CARTESIAN_POINT('Ctrl Pts',(-25.0090496343788,198.657844111802,-50.6271583487579));
#5475=CARTESIAN_POINT('Ctrl Pts',(-22.631389837677,198.649704805346,-50.1242403441283));
#5476=CARTESIAN_POINT('Ctrl Pts',(-19.9132832236564,198.60884126775,-48.1585546677039));
#5477=CARTESIAN_POINT('Ctrl Pts',(-18.2703372328165,198.524684299456,-45.5962636283971));
#5478=CARTESIAN_POINT('Ctrl Pts',(-17.846215600489,198.440009081992,-43.8058508486711));
#5479=CARTESIAN_POINT('Ctrl Pts',(-17.7986732318159,198.394950189699,-42.8999999999962));
#5480=CARTESIAN_POINT('Origin',(-57.1490883812234,198.375001381177,-50.3443145750508));
#5481=CARTESIAN_POINT('',(-68.1981767671059,198.657844093652,-50.6271572875254));
#5482=CARTESIAN_POINT('Origin',(-68.1981767671059,198.375001381177,-50.3443145750508));
#5483=CARTESIAN_POINT('',(-57.1490883812234,198.657844093652,-50.6271572875254));
#5484=CARTESIAN_POINT('Ctrl Pts',(-68.1981769382639,197.975001381177,-50.3443145750493));
#5485=CARTESIAN_POINT('Ctrl Pts',(-69.9218936646773,197.975001381177,-50.3443156181305));
#5486=CARTESIAN_POINT('Ctrl Pts',(-72.7874820251365,197.975001381177,-49.3971656079108));
#5487=CARTESIAN_POINT('Ctrl Pts',(-75.4949906800987,197.975001381177,-46.2908613397651));
#5488=CARTESIAN_POINT('Ctrl Pts',(-76.1413167406452,197.975001381177,-44.0277344753177));
#5489=CARTESIAN_POINT('Ctrl Pts',(-76.1986900569879,197.975001381177,-42.8799796695253));
#5490=CARTESIAN_POINT('Ctrl Pts',(-68.1981768839471,197.975001381177,-50.4340743651518));
#5491=CARTESIAN_POINT('Ctrl Pts',(-69.9409091379811,197.975001381137,-50.43407542217));
#5492=CARTESIAN_POINT('Ctrl Pts',(-72.8381038318296,197.974887066861,-49.4740715377528));
#5493=CARTESIAN_POINT('Ctrl Pts',(-75.56653386653,197.974999250231,-46.3279798894299));
#5494=CARTESIAN_POINT('Ctrl Pts',(-76.2082296398259,197.9749754677,-44.0404084712307));
#5495=CARTESIAN_POINT('Ctrl Pts',(-76.260353255496,197.975001381177,-42.8830620545233));
#5496=CARTESIAN_POINT('Ctrl Pts',(-68.1981767755317,198.037965651539,-50.613233425816));
#5497=CARTESIAN_POINT('Ctrl Pts',(-69.9789504840515,198.037965655093,-50.6132345107233));
#5498=CARTESIAN_POINT('Ctrl Pts',(-72.9393218127054,198.034959986057,-49.6277423120476));
#5499=CARTESIAN_POINT('Ctrl Pts',(-75.7095858074918,198.021706322244,-46.402068978744));
#5500=CARTESIAN_POINT('Ctrl Pts',(-76.341998783037,198.00965857775,-44.065753940124));
#5501=CARTESIAN_POINT('Ctrl Pts',(-76.383620792593,198.004157042365,-42.8892238822629));
#5502=CARTESIAN_POINT('Ctrl Pts',(-68.1981766835922,198.279108597264,-50.7651656622687));
#5503=CARTESIAN_POINT('Ctrl Pts',(-70.0111166833472,198.279108612282,-50.7651667646041));
#5504=CARTESIAN_POINT('Ctrl Pts',(-73.025141000667,198.266743009638,-49.7643585740686));
#5505=CARTESIAN_POINT('Ctrl Pts',(-75.8525081689495,198.208872463997,-46.4804175357251));
#5506=CARTESIAN_POINT('Ctrl Pts',(-76.4933943752089,198.152681619193,-44.0954168694373));
#5507=CARTESIAN_POINT('Ctrl Pts',(-76.5296783002763,198.125869271461,-42.8965249221281));
#5508=CARTESIAN_POINT('Ctrl Pts',(-68.1981766998084,198.51498927734,-50.7383680918848));
#5509=CARTESIAN_POINT('Ctrl Pts',(-70.0054899044595,198.514989298317,-50.7383691792019));
#5510=CARTESIAN_POINT('Ctrl Pts',(-73.0102269630795,198.498264659554,-49.7527539566031));
#5511=CARTESIAN_POINT('Ctrl Pts',(-75.8713562247865,198.412472077553,-46.4981446989526));
#5512=CARTESIAN_POINT('Ctrl Pts',(-76.5470811142076,198.318932121861,-44.1077223405506));
#5513=CARTESIAN_POINT('Ctrl Pts',(-76.5932039605923,198.271075525856,-42.8997004068107));
#5514=CARTESIAN_POINT('Ctrl Pts',(-68.198176747902,198.626109215522,-50.6588921656535));
#5515=CARTESIAN_POINT('Ctrl Pts',(-69.9885746832244,198.62610923482,-50.6588932338201));
#5516=CARTESIAN_POINT('Ctrl Pts',(-72.9651170606483,198.611003863157,-49.6911932469488));
#5517=CARTESIAN_POINT('Ctrl Pts',(-75.8341261419548,198.526365684434,-46.4846777792631));
#5518=CARTESIAN_POINT('Ctrl Pts',(-76.5405970371827,198.421560525247,-44.1083003308387));
#5519=CARTESIAN_POINT('Ctrl Pts',(-76.599231646135,198.36411488349,-42.9000017153373));
#5520=CARTESIAN_POINT('Ctrl Pts',(-68.1981767671059,198.657844093652,-50.6271572875239));
#5521=CARTESIAN_POINT('Ctrl Pts',(-69.9818825766867,198.657844111802,-50.6271583487558));
#5522=CARTESIAN_POINT('Ctrl Pts',(-72.9471986604353,198.643858822098,-49.6660230488317));
#5523=CARTESIAN_POINT('Ctrl Pts',(-75.8171116415622,198.561816962241,-46.4776769208292));
#5524=CARTESIAN_POINT('Ctrl Pts',(-76.5343144467994,198.455026950879,-44.1077600450193));
#5525=CARTESIAN_POINT('Ctrl Pts',(-76.5976942903064,198.394946578518,-42.899924866866));
#5526=CARTESIAN_POINT('Ctrl Pts',(-76.5976903473947,198.394950315797,-42.8999999999911));
#5527=CARTESIAN_POINT('Ctrl Pts',(-76.5342995755461,198.455029165156,-44.1078091850347));
#5528=CARTESIAN_POINT('Ctrl Pts',(-75.8170946394304,198.561817448279,-46.4776958094441));
#5529=CARTESIAN_POINT('Ctrl Pts',(-72.9471986604353,198.643858822098,-49.6660230488317));
#5530=CARTESIAN_POINT('Ctrl Pts',(-69.9818825766867,198.657844111802,-50.6271583487558));
#5531=CARTESIAN_POINT('Ctrl Pts',(-68.1981767671059,198.657844093652,-50.6271572875239));
#5532=CARTESIAN_POINT('Ctrl Pts',(-26.1981869454757,206.385002059624,-42.8999993215529));
#5533=CARTESIAN_POINT('Ctrl Pts',(-18.1981484180511,206.385005690452,-42.9000029523801));
#5534=CARTESIAN_POINT('Ctrl Pts',(-17.7986732318086,202.389976463887,-38.904973725815));
#5535=CARTESIAN_POINT('Ctrl Pts',(-26.1981869454757,198.657843905326,-50.6271574758509));
#5536=CARTESIAN_POINT('Ctrl Pts',(-18.1981484180511,198.657847536154,-50.627161106678));
#5537=CARTESIAN_POINT('Ctrl Pts',(-17.7986732318086,194.662818309589,-46.632131880113));
#5538=CARTESIAN_POINT('',(-26.1981869454757,206.385001381177,-42.9));
#5539=CARTESIAN_POINT('Origin',(-68.1981767671059,206.385001381177,-42.9));
#5540=CARTESIAN_POINT('',(-68.1981767671059,206.385001381177,-42.9));
#5541=CARTESIAN_POINT('Ctrl Pts',(-76.5976903474055,202.389976293792,-38.9049740220096));
#5542=CARTESIAN_POINT('Ctrl Pts',(-76.1982127507024,206.38500424703,-42.9000019752471));
#5543=CARTESIAN_POINT('Ctrl Pts',(-68.1981767671059,206.385001826479,-42.8999995546964));
#5544=CARTESIAN_POINT('Ctrl Pts',(-76.5976903474055,194.662818435415,-46.6321318803872));
#5545=CARTESIAN_POINT('Ctrl Pts',(-76.1982127507024,198.657846388652,-50.6271598336247));
#5546=CARTESIAN_POINT('Ctrl Pts',(-68.1981767671059,198.657843968101,-50.627157413074));
#5547=CARTESIAN_POINT('Origin',(-26.1981818562908,203.975001381177,-42.9));
#5548=CARTESIAN_POINT('',(-26.1981818562908,203.975001381177,-42.9));
#5549=CARTESIAN_POINT('Ctrl Pts',(-26.1981818562908,203.975001381177,-42.9));
#5550=CARTESIAN_POINT('Ctrl Pts',(-20.5622062940502,203.975001381177,-42.9));
#5551=CARTESIAN_POINT('Ctrl Pts',(-20.2099149322622,201.162524210844,-40.0875228296667));
#5552=CARTESIAN_POINT('Ctrl Pts',(-26.1981818562908,198.092158668702,-48.7828427124747));
#5553=CARTESIAN_POINT('Ctrl Pts',(-20.5622062940502,198.092158668702,-48.7828427124747));
#5554=CARTESIAN_POINT('Ctrl Pts',(-20.2099149322622,195.279681498369,-45.9703655421414));
#5555=CARTESIAN_POINT('Ctrl Pts',(-74.5864057579535,206.385001381177,-42.9));
#5556=CARTESIAN_POINT('Ctrl Pts',(-74.531558177811,206.385001381177,-43.8306046022365));
#5557=CARTESIAN_POINT('Ctrl Pts',(-74.0339117467897,206.385001381177,-45.6669434983833));
#5558=CARTESIAN_POINT('Ctrl Pts',(-71.9167363063449,206.385001381177,-48.253244200437));
#5559=CARTESIAN_POINT('Ctrl Pts',(-69.5965083895079,206.385001381177,-49.0656854249492));
#5560=CARTESIAN_POINT('Ctrl Pts',(-68.1981818584353,206.385001381177,-49.0656854249492));
#5561=CARTESIAN_POINT('Ctrl Pts',(-74.4857784714259,206.385001381177,-42.8940692715799));
#5562=CARTESIAN_POINT('Ctrl Pts',(-74.4409029994782,206.385265313868,-43.8113884918991));
#5563=CARTESIAN_POINT('Ctrl Pts',(-73.9671787712805,206.385280922911,-45.629382512755));
#5564=CARTESIAN_POINT('Ctrl Pts',(-71.8857506255994,206.385364078458,-48.2028280703129));
#5565=CARTESIAN_POINT('Ctrl Pts',(-69.5848538653928,206.385001381177,-49.0133255473894));
#5566=CARTESIAN_POINT('Ctrl Pts',(-68.1981818584353,206.385001381177,-49.0133255473894));
#5567=CARTESIAN_POINT('Ctrl Pts',(-74.2853264748758,206.465133184483,-42.8822551166541));
#5568=CARTESIAN_POINT('Ctrl Pts',(-74.2596804154001,206.449880765977,-43.7731690643666));
#5569=CARTESIAN_POINT('Ctrl Pts',(-73.8334805054417,206.426328825678,-45.5543828756865));
#5570=CARTESIAN_POINT('Ctrl Pts',(-71.8234165585994,206.408524268546,-48.1020326938514));
#5571=CARTESIAN_POINT('Ctrl Pts',(-69.5615567324382,206.40584455928,-48.9086335270532));
#5572=CARTESIAN_POINT('Ctrl Pts',(-68.1981818584353,206.40584455928,-48.9086335270532));
#5573=CARTESIAN_POINT('Ctrl Pts',(-74.1936982490381,206.660879927945,-42.8768547710638));
#5574=CARTESIAN_POINT('Ctrl Pts',(-74.1586925542274,206.616272210777,-43.7544746128208));
#5575=CARTESIAN_POINT('Ctrl Pts',(-73.7363801404743,206.53933053981,-45.5032565228403));
#5576=CARTESIAN_POINT('Ctrl Pts',(-71.7709148406637,206.475665206906,-48.018888663452));
#5577=CARTESIAN_POINT('Ctrl Pts',(-69.5417911077993,206.465134644218,-48.8198667369593));
#5578=CARTESIAN_POINT('Ctrl Pts',(-68.1981818584353,206.465134644218,-48.8198667369593));
#5579=CARTESIAN_POINT('Ctrl Pts',(-74.1877880150973,206.761507817374,-42.8765064361975));
#5580=CARTESIAN_POINT('Ctrl Pts',(-74.1393636377817,206.707016241846,-43.7526194629058));
#5581=CARTESIAN_POINT('Ctrl Pts',(-73.7031340373977,206.606094722602,-45.4880368398085));
#5582=CARTESIAN_POINT('Ctrl Pts',(-71.7482310999159,206.517125759439,-47.9853685786985));
#5583=CARTESIAN_POINT('Ctrl Pts',(-69.5335581475435,206.502158668702,-48.7828427124746));
#5584=CARTESIAN_POINT('Ctrl Pts',(-68.1981818584353,206.502158668702,-48.7828427124746));
#5585=CARTESIAN_POINT('',(-68.1981818584353,206.385001381177,-49.0656854249492));
#5586=CARTESIAN_POINT('Ctrl Pts',(-74.5864057579535,206.385001381177,-42.9));
#5587=CARTESIAN_POINT('Ctrl Pts',(-74.531558177811,206.385001381177,-43.8306046022365));
#5588=CARTESIAN_POINT('Ctrl Pts',(-74.0339117467897,206.385001381177,-45.6669434983833));
#5589=CARTESIAN_POINT('Ctrl Pts',(-71.9167363063449,206.385001381177,-48.253244200437));
#5590=CARTESIAN_POINT('Ctrl Pts',(-69.5965083895079,206.385001381177,-49.0656854249492));
#5591=CARTESIAN_POINT('Ctrl Pts',(-68.1981818584353,206.385001381177,-49.0656854249492));
#5592=CARTESIAN_POINT('',(-68.1981818584353,206.502158668702,-48.7828427124746));
#5593=CARTESIAN_POINT('Origin',(-68.1981818584353,206.785001381177,-49.0656854249492));
#5594=CARTESIAN_POINT('Ctrl Pts',(-68.1981818584353,206.502158668702,-48.7828427124746));
#5595=CARTESIAN_POINT('Ctrl Pts',(-69.5335581475435,206.502158668702,-48.7828427124746));
#5596=CARTESIAN_POINT('Ctrl Pts',(-71.7482310999159,206.517125759439,-47.9853685786985));
#5597=CARTESIAN_POINT('Ctrl Pts',(-73.6981410243086,206.605867487178,-45.4944152690496));
#5598=CARTESIAN_POINT('Ctrl Pts',(-74.135450430072,206.706115070415,-43.768126791625));
#5599=CARTESIAN_POINT('Ctrl Pts',(-74.1864486877034,206.76004743329,-42.8999999940748));
#5600=CARTESIAN_POINT('Origin',(-36.1490909279604,206.785001381177,-49.0656854249493));
#5601=CARTESIAN_POINT('',(-26.1981818584353,206.385001381177,-49.0656854249493));
#5602=CARTESIAN_POINT('',(-26.1981818584353,206.502158668702,-48.7828427124747));
#5603=CARTESIAN_POINT('Origin',(-26.1981818584353,206.785001381177,-49.0656854249493));
#5604=CARTESIAN_POINT('',(-36.1490909279604,206.502158668702,-48.7828427124747));
#5605=CARTESIAN_POINT('',(-36.1490909279604,206.385001381177,-49.0656854249493));
#5606=CARTESIAN_POINT('Ctrl Pts',(-26.1981818584353,206.385001381177,-49.0656854249493));
#5607=CARTESIAN_POINT('Ctrl Pts',(-24.7998553273627,206.385001381177,-49.0656854249493));
#5608=CARTESIAN_POINT('Ctrl Pts',(-22.4796180521238,206.385001381177,-48.2532683820023));
#5609=CARTESIAN_POINT('Ctrl Pts',(-20.3624461797784,206.385001381177,-45.6669553489354));
#5610=CARTESIAN_POINT('Ctrl Pts',(-19.8648055390597,206.385001381177,-43.8306046022366));
#5611=CARTESIAN_POINT('Ctrl Pts',(-19.8099579589172,206.385001381177,-42.9));
#5612=CARTESIAN_POINT('Ctrl Pts',(-26.1981818584353,206.385001381177,-49.0133255473894));
#5613=CARTESIAN_POINT('Ctrl Pts',(-24.8115098514778,206.385001381177,-49.0133255473894));
#5614=CARTESIAN_POINT('Ctrl Pts',(-22.510604221161,206.38536118137,-48.2028522402434));
#5615=CARTESIAN_POINT('Ctrl Pts',(-20.4291794861497,206.38527856158,-45.6293942279588));
#5616=CARTESIAN_POINT('Ctrl Pts',(-19.9554607173924,206.385265313868,-43.8113884918992));
#5617=CARTESIAN_POINT('Ctrl Pts',(-19.9105852454447,206.385001381177,-42.8940692715799));
#5618=CARTESIAN_POINT('Ctrl Pts',(-26.1981818584353,206.405844271655,-48.9086334079153));
#5619=CARTESIAN_POINT('Ctrl Pts',(-24.8348069844325,206.405844271655,-48.9086334079153));
#5620=CARTESIAN_POINT('Ctrl Pts',(-22.5729376120211,206.408523242456,-48.1020565035212));
#5621=CARTESIAN_POINT('Ctrl Pts',(-20.5628773554925,206.426327242503,-45.5543938575892));
#5622=CARTESIAN_POINT('Ctrl Pts',(-20.1366860303633,206.449877866787,-43.7731689035324));
#5623=CARTESIAN_POINT('Ctrl Pts',(-20.1110399708876,206.465130285293,-42.8822549558198));
#5624=CARTESIAN_POINT('Ctrl Pts',(-26.1981818584353,206.465134644218,-48.8198667369593));
#5625=CARTESIAN_POINT('Ctrl Pts',(-24.8545726090713,206.465134644218,-48.8198667369593));
#5626=CARTESIAN_POINT('Ctrl Pts',(-22.6254435863108,206.475664370757,-48.0189127178278));
#5627=CARTESIAN_POINT('Ctrl Pts',(-20.6599812444516,206.53932910743,-45.5032674703364));
#5628=CARTESIAN_POINT('Ctrl Pts',(-20.2376711626432,206.616272210777,-43.754474612821));
#5629=CARTESIAN_POINT('Ctrl Pts',(-20.2026654678325,206.660879927945,-42.8768547710638));
#5630=CARTESIAN_POINT('Ctrl Pts',(-26.1981818584353,206.502158668702,-48.7828427124746));
#5631=CARTESIAN_POINT('Ctrl Pts',(-24.8628055693271,206.502158668702,-48.7828427124746));
#5632=CARTESIAN_POINT('Ctrl Pts',(-22.6481257147392,206.517125757702,-47.985392758527));
#5633=CARTESIAN_POINT('Ctrl Pts',(-20.6932264017414,206.606093552986,-45.4880475207443));
#5634=CARTESIAN_POINT('Ctrl Pts',(-20.257000079089,206.707016241846,-43.752619462906));
#5635=CARTESIAN_POINT('Ctrl Pts',(-20.2085757017733,206.761507817374,-42.8765064361975));
#5636=CARTESIAN_POINT('Ctrl Pts',(-20.2099150287025,206.760047433228,-42.8999999941039));
#5637=CARTESIAN_POINT('Ctrl Pts',(-20.2609132573135,206.706115060044,-43.7681268862236));
#5638=CARTESIAN_POINT('Ctrl Pts',(-20.6982194053082,206.605866320557,-45.4944259841244));
#5639=CARTESIAN_POINT('Ctrl Pts',(-22.6481257147392,206.517125757702,-47.985392758527));
#5640=CARTESIAN_POINT('Ctrl Pts',(-24.8628055693271,206.502158668702,-48.7828427124746));
#5641=CARTESIAN_POINT('Ctrl Pts',(-26.1981818584353,206.502158668702,-48.7828427124746));
#5642=CARTESIAN_POINT('Ctrl Pts',(-26.1981818584353,206.385001381177,-49.0656854249493));
#5643=CARTESIAN_POINT('Ctrl Pts',(-24.7998553273627,206.385001381177,-49.0656854249493));
#5644=CARTESIAN_POINT('Ctrl Pts',(-22.4796180521238,206.385001381177,-48.2532683820023));
#5645=CARTESIAN_POINT('Ctrl Pts',(-20.3624461797784,206.385001381177,-45.6669553489354));
#5646=CARTESIAN_POINT('Ctrl Pts',(-19.8648055390597,206.385001381177,-43.8306046022366));
#5647=CARTESIAN_POINT('Ctrl Pts',(-19.8099579589172,206.385001381177,-42.9));
#5648=CARTESIAN_POINT('Origin',(-46.0999999974855,206.385001381177,-52.9));
#5649=CARTESIAN_POINT('',(-68.1981767692504,206.385001381177,-50.3443145750508));
#5650=CARTESIAN_POINT('Ctrl Pts',(-68.1981769404084,206.385001381177,-50.3443145750493));
#5651=CARTESIAN_POINT('Ctrl Pts',(-69.9218936668219,206.385001381177,-50.3443156181305));
#5652=CARTESIAN_POINT('Ctrl Pts',(-72.7874791599735,206.385001381177,-49.397159307846));
#5653=CARTESIAN_POINT('Ctrl Pts',(-75.4904902075676,206.385001381177,-46.2960187092981));
#5654=CARTESIAN_POINT('Ctrl Pts',(-76.1375508453446,206.385001381177,-44.0408900045795));
#5655=CARTESIAN_POINT('Ctrl Pts',(-76.1976622597746,206.385001381177,-42.8999999679924));
#5656=CARTESIAN_POINT('',(-26.1981866908832,206.385001381177,-50.3443145750513));
#5657=CARTESIAN_POINT('',(-57.149088383368,206.385001381177,-50.3443145750508));
#5658=CARTESIAN_POINT('Ctrl Pts',(-18.1987010628645,206.385001381177,-42.899999981702));
#5659=CARTESIAN_POINT('Ctrl Pts',(-18.2436751246869,206.385001381177,-43.7540169267832));
#5660=CARTESIAN_POINT('Ctrl Pts',(-18.6265443351942,206.385001381177,-45.4522580192895));
#5661=CARTESIAN_POINT('Ctrl Pts',(-20.1535580660934,206.385001381177,-47.9246082247318));
#5662=CARTESIAN_POINT('Ctrl Pts',(-22.7512750581946,206.385001381177,-49.8492870605993));
#5663=CARTESIAN_POINT('Ctrl Pts',(-25.0490421054196,206.385001381177,-50.3443156181326));
#5664=CARTESIAN_POINT('Ctrl Pts',(-26.1981866908832,206.385001381177,-50.3443145750513));
#5665=CARTESIAN_POINT('Ctrl Pts',(-74.1864487824639,209.572524210844,-40.0875228296667));
#5666=CARTESIAN_POINT('Ctrl Pts',(-73.834157420676,212.385001381177,-42.9));
#5667=CARTESIAN_POINT('Ctrl Pts',(-68.1981818584353,212.385001381177,-42.9));
#5668=CARTESIAN_POINT('Ctrl Pts',(-74.1864487824639,203.689681498369,-45.9703655421414));
#5669=CARTESIAN_POINT('Ctrl Pts',(-73.834157420676,206.502158668702,-48.7828427124746));
#5670=CARTESIAN_POINT('Ctrl Pts',(-68.1981818584353,206.502158668702,-48.7828427124746));
#5671=CARTESIAN_POINT('',(-68.1981818584353,212.385001381177,-42.9));
#5672=CARTESIAN_POINT('Ctrl Pts',(-18.1976735370519,206.385001381177,-42.8799797966117));
#5673=CARTESIAN_POINT('Ctrl Pts',(-18.2407032554616,206.385001381177,-43.7407959900063));
#5674=CARTESIAN_POINT('Ctrl Pts',(-18.6229843881544,206.385001381177,-45.4464941969891));
#5675=CARTESIAN_POINT('Ctrl Pts',(-20.1535580660934,206.385001381177,-47.9246082247318));
#5676=CARTESIAN_POINT('Ctrl Pts',(-22.7512750581946,206.385001381177,-49.8492870605993));
#5677=CARTESIAN_POINT('Ctrl Pts',(-25.0490421054196,206.385001381177,-50.3443156181326));
#5678=CARTESIAN_POINT('Ctrl Pts',(-26.1981866908832,206.385001381177,-50.3443145750513));
#5679=CARTESIAN_POINT('Ctrl Pts',(-18.1360103495723,206.385001381177,-42.8830621614811));
#5680=CARTESIAN_POINT('Ctrl Pts',(-18.1751027893628,206.384981946078,-43.7510720614935));
#5681=CARTESIAN_POINT('Ctrl Pts',(-18.5525404217702,206.384995677378,-45.4740993822115));
#5682=CARTESIAN_POINT('Ctrl Pts',(-20.0905616029286,206.384949326462,-47.9823969704763));
#5683=CARTESIAN_POINT('Ctrl Pts',(-22.7132397902302,206.384932752737,-49.9323674919566));
#5684=CARTESIAN_POINT('Ctrl Pts',(-25.0363651673647,206.385001381137,-50.434075422172));
#5685=CARTESIAN_POINT('Ctrl Pts',(-26.1981867723584,206.385001381177,-50.4340743651538));
#5686=CARTESIAN_POINT('Ctrl Pts',(-18.0127428636958,206.414156672189,-42.8892239475244));
#5687=CARTESIAN_POINT('Ctrl Pts',(-18.0439590926734,206.418282823649,-43.7716215752641));
#5688=CARTESIAN_POINT('Ctrl Pts',(-18.411709963048,206.42723104528,-45.5292171641498));
#5689=CARTESIAN_POINT('Ctrl Pts',(-19.9646001754991,206.438965617995,-48.0978169073341));
#5690=CARTESIAN_POINT('Ctrl Pts',(-22.6372033350748,206.446305619341,-50.0983040185304));
#5691=CARTESIAN_POINT('Ctrl Pts',(-25.0110043580973,206.447963918582,-50.6132343266318));
#5692=CARTESIAN_POINT('Ctrl Pts',(-26.1981869349813,206.447963915027,-50.6132332417245));
#5693=CARTESIAN_POINT('Ctrl Pts',(-17.8666853770636,206.535869064171,-42.8965249399658));
#5694=CARTESIAN_POINT('Ctrl Pts',(-17.8938980334469,206.555978325561,-43.7956939845486));
#5695=CARTESIAN_POINT('Ctrl Pts',(-18.2638952239694,206.598261218668,-45.5894704318731));
#5696=CARTESIAN_POINT('Ctrl Pts',(-19.8482784663274,206.650820352911,-48.2075604896412));
#5697=CARTESIAN_POINT('Ctrl Pts',(-22.5728566000793,206.682227177663,-50.2420141198294));
#5698=CARTESIAN_POINT('Ctrl Pts',(-24.9895602999613,206.689107824537,-50.765166533576));
#5699=CARTESIAN_POINT('Ctrl Pts',(-26.1981870728905,206.689107809518,-50.7651654312404));
#5700=CARTESIAN_POINT('Ctrl Pts',(-17.8031596882192,206.681075297702,-42.8997004059059));
#5701=CARTESIAN_POINT('Ctrl Pts',(-17.8377515291136,206.716967748499,-43.8057169461212));
#5702=CARTESIAN_POINT('Ctrl Pts',(-18.2312269613663,206.788899953255,-45.6068341131528));
#5703=CARTESIAN_POINT('Ctrl Pts',(-19.8495086671136,206.87051742358,-48.2119557553763));
#5704=CARTESIAN_POINT('Ctrl Pts',(-22.5841710172265,206.915541882024,-50.2227251705112));
#5705=CARTESIAN_POINT('Ctrl Pts',(-24.9933114727033,206.924988637985,-50.7383689887633));
#5706=CARTESIAN_POINT('Ctrl Pts',(-26.1981870485664,206.924988617008,-50.7383679014461));
#5707=CARTESIAN_POINT('Ctrl Pts',(-17.7971319452938,206.774114762958,-42.9000017153872));
#5708=CARTESIAN_POINT('Ctrl Pts',(-17.8411076059223,206.817199002009,-43.8062257730667));
#5709=CARTESIAN_POINT('Ctrl Pts',(-18.2571448628891,206.89960777713,-45.6002082037374));
#5710=CARTESIAN_POINT('Ctrl Pts',(-19.8944376615433,206.984561079139,-48.1746000472828));
#5711=CARTESIAN_POINT('Ctrl Pts',(-22.6179594250631,207.027420679297,-50.1523752009266));
#5712=CARTESIAN_POINT('Ctrl Pts',(-25.0045882477752,207.03610923482,-50.6588932338221));
#5713=CARTESIAN_POINT('Ctrl Pts',(-26.198186976426,207.036109215522,-50.6588921656555));
#5714=CARTESIAN_POINT('Ctrl Pts',(-17.7986692911317,206.804946452469,-42.8999248679033));
#5715=CARTESIAN_POINT('Ctrl Pts',(-17.8462038772288,206.850006741006,-43.8058013498352));
#5716=CARTESIAN_POINT('Ctrl Pts',(-18.2703186475659,206.934692657896,-45.5961854737076));
#5717=CARTESIAN_POINT('Ctrl Pts',(-19.9132766225833,207.018854786929,-48.1584616304837));
#5718=CARTESIAN_POINT('Ctrl Pts',(-22.6313737785735,207.059738097731,-50.1240237771529));
#5719=CARTESIAN_POINT('Ctrl Pts',(-25.0090496365233,207.067844111802,-50.6271583487579));
#5720=CARTESIAN_POINT('Ctrl Pts',(-26.1981869476202,207.067844093652,-50.6271572875258));
#5721=CARTESIAN_POINT('',(-26.1981869476203,207.067844093651,-50.6271572875258));
#5722=CARTESIAN_POINT('Origin',(-26.1981866908832,206.785001381177,-50.3443145750513));
#5723=CARTESIAN_POINT('Ctrl Pts',(-26.1981869476202,207.067844093652,-50.6271572875258));
#5724=CARTESIAN_POINT('Ctrl Pts',(-25.0090496365233,207.067844111802,-50.6271583487579));
#5725=CARTESIAN_POINT('Ctrl Pts',(-22.6313737785735,207.059738097731,-50.1240237771529));
#5726=CARTESIAN_POINT('Ctrl Pts',(-19.9132766225833,207.018854786929,-48.1584616304837));
#5727=CARTESIAN_POINT('Ctrl Pts',(-18.2703322740276,206.934693355924,-45.5962067248645));
#5728=CARTESIAN_POINT('Ctrl Pts',(-17.8462156024964,206.850009082243,-43.805850847098));
#5729=CARTESIAN_POINT('Ctrl Pts',(-17.7986732339604,206.804950189699,-42.8999999999961));
#5730=CARTESIAN_POINT('Origin',(-57.149088383368,206.785001381177,-50.3443145750508));
#5731=CARTESIAN_POINT('',(-68.1981767692504,207.067844093652,-50.6271572875254));
#5732=CARTESIAN_POINT('Origin',(-68.1981767692504,206.785001381177,-50.3443145750508));
#5733=CARTESIAN_POINT('',(-57.149088383368,207.067844093652,-50.6271572875254));
#5734=CARTESIAN_POINT('Ctrl Pts',(-68.1981769404084,206.385001381177,-50.3443145750493));
#5735=CARTESIAN_POINT('Ctrl Pts',(-69.9218936668219,206.385001381177,-50.3443156181305));
#5736=CARTESIAN_POINT('Ctrl Pts',(-72.7874791599735,206.385001381177,-49.397159307846));
#5737=CARTESIAN_POINT('Ctrl Pts',(-75.4949884013196,206.385001381177,-46.2908579715064));
#5738=CARTESIAN_POINT('Ctrl Pts',(-76.1413167427897,206.385001381177,-44.0277344753177));
#5739=CARTESIAN_POINT('Ctrl Pts',(-76.1986900591325,206.385001381177,-42.8799796695253));
#5740=CARTESIAN_POINT('Ctrl Pts',(-68.1981768860917,206.385001381177,-50.4340743651518));
#5741=CARTESIAN_POINT('Ctrl Pts',(-69.9409091401257,206.385001381137,-50.43407542217));
#5742=CARTESIAN_POINT('Ctrl Pts',(-72.8381007112377,206.384886911274,-49.4740651734361));
#5743=CARTESIAN_POINT('Ctrl Pts',(-75.5665313656983,206.384999168987,-46.3279765312398));
#5744=CARTESIAN_POINT('Ctrl Pts',(-76.2082296419704,206.3849754677,-44.0404084712307));
#5745=CARTESIAN_POINT('Ctrl Pts',(-76.2603532576405,206.385001381177,-42.8830620545233));
#5746=CARTESIAN_POINT('Ctrl Pts',(-68.1981767776762,206.447965993358,-50.6132334621573));
#5747=CARTESIAN_POINT('Ctrl Pts',(-69.9789504861961,206.447965996913,-50.6132345470646));
#5748=CARTESIAN_POINT('Ctrl Pts',(-72.9393185843836,206.444960094821,-49.6277359309884));
#5749=CARTESIAN_POINT('Ctrl Pts',(-75.7095831242993,206.431706424602,-46.4020656487975));
#5750=CARTESIAN_POINT('Ctrl Pts',(-76.341998790951,206.41965864833,-44.0657539404124));
#5751=CARTESIAN_POINT('Ctrl Pts',(-76.383620800507,206.414157112946,-42.8892238825513));
#5752=CARTESIAN_POINT('Ctrl Pts',(-68.1981766857367,206.689108752593,-50.7651657077096));
#5753=CARTESIAN_POINT('Ctrl Pts',(-70.0111166854919,206.689108767612,-50.765166810045));
#5754=CARTESIAN_POINT('Ctrl Pts',(-73.0251371043887,206.67674291689,-49.764351991491));
#5755=CARTESIAN_POINT('Ctrl Pts',(-75.8525049045094,206.618872293534,-46.4804140387286));
#5756=CARTESIAN_POINT('Ctrl Pts',(-76.4933943850283,206.562681648979,-44.095416869821));
#5757=CARTESIAN_POINT('Ctrl Pts',(-76.5296783100958,206.535869301247,-42.8965249225118));
#5758=CARTESIAN_POINT('Ctrl Pts',(-68.1981767019529,206.924989407519,-50.7383681293472));
#5759=CARTESIAN_POINT('Ctrl Pts',(-70.0054899066041,206.924989428497,-50.7383692166643));
#5760=CARTESIAN_POINT('Ctrl Pts',(-73.010223174005,206.90826437159,-49.7527472378497));
#5761=CARTESIAN_POINT('Ctrl Pts',(-75.871353020628,206.822471553685,-46.498140798011));
#5762=CARTESIAN_POINT('Ctrl Pts',(-76.5470811224874,206.728932147052,-44.1077223408573));
#5763=CARTESIAN_POINT('Ctrl Pts',(-76.5932039688721,206.681075551047,-42.8997004071174));
#5764=CARTESIAN_POINT('Ctrl Pts',(-68.1981767500466,207.036109215522,-50.6588921656535));
#5765=CARTESIAN_POINT('Ctrl Pts',(-69.988574685369,207.03610923482,-50.6588932338201));
#5766=CARTESIAN_POINT('Ctrl Pts',(-72.9651130989952,207.021003094026,-49.6911861412418));
#5767=CARTESIAN_POINT('Ctrl Pts',(-75.8341229036597,206.936364710206,-46.4846734452681));
#5768=CARTESIAN_POINT('Ctrl Pts',(-76.5405970393272,206.831560525247,-44.1083003308387));
#5769=CARTESIAN_POINT('Ctrl Pts',(-76.5992316482796,206.77411488349,-42.9000017153373));
#5770=CARTESIAN_POINT('Ctrl Pts',(-68.1981767692504,207.067844093652,-50.6271572875239));
#5771=CARTESIAN_POINT('Ctrl Pts',(-69.9818825788313,207.067844111802,-50.6271583487558));
#5772=CARTESIAN_POINT('Ctrl Pts',(-72.9471949457887,207.053857977656,-49.666015904325));
#5773=CARTESIAN_POINT('Ctrl Pts',(-75.8171086184982,206.971815872895,-46.4776724632247));
#5774=CARTESIAN_POINT('Ctrl Pts',(-76.5343144489439,206.865026950879,-44.1077600450193));
#5775=CARTESIAN_POINT('Ctrl Pts',(-76.5976942924509,206.804946578518,-42.899924866866));
#5776=CARTESIAN_POINT('Ctrl Pts',(-76.5976903495392,206.804950315797,-42.8999999999911));
#5777=CARTESIAN_POINT('Ctrl Pts',(-76.5342995776279,206.865029165134,-44.1078091849423));
#5778=CARTESIAN_POINT('Ctrl Pts',(-75.8170916163623,206.971816358935,-46.4776913518237));
#5779=CARTESIAN_POINT('Ctrl Pts',(-72.9471949457887,207.053857977656,-49.666015904325));
#5780=CARTESIAN_POINT('Ctrl Pts',(-69.9818825788313,207.067844111802,-50.6271583487558));
#5781=CARTESIAN_POINT('Ctrl Pts',(-68.1981767692504,207.067844093652,-50.6271572875239));
#5782=CARTESIAN_POINT('Ctrl Pts',(-26.1981869476202,214.795002059624,-42.8999993215529));
#5783=CARTESIAN_POINT('Ctrl Pts',(-18.1981484201957,214.795005690452,-42.9000029523801));
#5784=CARTESIAN_POINT('Ctrl Pts',(-17.7986732339532,210.799976463887,-38.904973725815));
#5785=CARTESIAN_POINT('Ctrl Pts',(-26.1981869476202,207.067843905326,-50.6271574758509));
#5786=CARTESIAN_POINT('Ctrl Pts',(-18.1981484201957,207.067847536154,-50.6271611066781));
#5787=CARTESIAN_POINT('Ctrl Pts',(-17.7986732339532,203.072818309589,-46.632131880113));
#5788=CARTESIAN_POINT('',(-26.1981869476202,214.795001381177,-42.9));
#5789=CARTESIAN_POINT('Origin',(-68.1981767692504,214.795001381177,-42.9));
#5790=CARTESIAN_POINT('',(-68.1981767692504,214.795001381177,-42.9));
#5791=CARTESIAN_POINT('Ctrl Pts',(-76.59769034955,210.799976293792,-38.9049740220096));
#5792=CARTESIAN_POINT('Ctrl Pts',(-76.198212752847,214.79500424703,-42.9000019752471));
#5793=CARTESIAN_POINT('Ctrl Pts',(-68.1981767692504,214.795001826479,-42.8999995546964));
#5794=CARTESIAN_POINT('Ctrl Pts',(-76.59769034955,203.072818435415,-46.6321318803872));
#5795=CARTESIAN_POINT('Ctrl Pts',(-76.198212752847,207.067846388652,-50.6271598336247));
#5796=CARTESIAN_POINT('Ctrl Pts',(-68.1981767692505,207.067843968101,-50.627157413074));
#5797=CARTESIAN_POINT('Origin',(-26.1981818584353,212.385001381177,-42.9));
#5798=CARTESIAN_POINT('',(-26.1981818584353,212.385001381177,-42.9));
#5799=CARTESIAN_POINT('Ctrl Pts',(-26.1981818584353,212.385001381177,-42.9));
#5800=CARTESIAN_POINT('Ctrl Pts',(-20.5622062961947,212.385001381177,-42.9));
#5801=CARTESIAN_POINT('Ctrl Pts',(-20.2099149344067,209.572524210844,-40.0875228296667));
#5802=CARTESIAN_POINT('Ctrl Pts',(-26.1981818584353,206.502158668702,-48.7828427124747));
#5803=CARTESIAN_POINT('Ctrl Pts',(-20.5622062961947,206.502158668702,-48.7828427124747));
#5804=CARTESIAN_POINT('Ctrl Pts',(-20.2099149344067,203.689681498369,-45.9703655421414));
#5805=CARTESIAN_POINT('Ctrl Pts',(-74.5864057622425,223.205001381177,-42.9));
#5806=CARTESIAN_POINT('Ctrl Pts',(-74.5315581821,223.205001381177,-43.8306046022366));
#5807=CARTESIAN_POINT('Ctrl Pts',(-74.0339099405841,223.205001381177,-45.6669397881992));
#5808=CARTESIAN_POINT('Ctrl Pts',(-71.9167333863484,223.205001381177,-48.253236648628));
#5809=CARTESIAN_POINT('Ctrl Pts',(-69.596508393797,223.205001381177,-49.0656854249492));
#5810=CARTESIAN_POINT('Ctrl Pts',(-68.1981818627244,223.205001381177,-49.0656854249492));
#5811=CARTESIAN_POINT('Ctrl Pts',(-74.485778475715,223.205001381177,-42.8940692715799));
#5812=CARTESIAN_POINT('Ctrl Pts',(-74.4409030037673,223.205265313868,-43.8113884918991));
#5813=CARTESIAN_POINT('Ctrl Pts',(-73.9671770684836,223.205281660369,-45.629378844694));
#5814=CARTESIAN_POINT('Ctrl Pts',(-71.8857478582232,223.205364984531,-48.2028205223198));
#5815=CARTESIAN_POINT('Ctrl Pts',(-69.5848538696819,223.205001381177,-49.0133255473894));
#5816=CARTESIAN_POINT('Ctrl Pts',(-68.1981818627244,223.205001381177,-49.0133255473894));
#5817=CARTESIAN_POINT('Ctrl Pts',(-74.2853273323601,223.285134090922,-42.8822551669393));
#5818=CARTESIAN_POINT('Ctrl Pts',(-74.2596812728844,223.269881672416,-43.7731691146519));
#5819=CARTESIAN_POINT('Ctrl Pts',(-73.8334786838534,223.246329323835,-45.5543794357544));
#5820=CARTESIAN_POINT('Ctrl Pts',(-71.8234135841851,223.228524594083,-48.1020252588137));
#5821=CARTESIAN_POINT('Ctrl Pts',(-69.5615567367274,223.225844649207,-48.908633564302));
#5822=CARTESIAN_POINT('Ctrl Pts',(-68.1981818627244,223.225844649207,-48.908633564302));
#5823=CARTESIAN_POINT('Ctrl Pts',(-74.1936982533272,223.480879927945,-42.8768547710638));
#5824=CARTESIAN_POINT('Ctrl Pts',(-74.1586925585165,223.436272210777,-43.7544746128208));
#5825=CARTESIAN_POINT('Ctrl Pts',(-73.7363794141695,223.359330986275,-45.5032530937524));
#5826=CARTESIAN_POINT('Ctrl Pts',(-71.770913193305,223.295665469471,-48.018881152546));
#5827=CARTESIAN_POINT('Ctrl Pts',(-69.5417911120886,223.285134644218,-48.8198667369593));
#5828=CARTESIAN_POINT('Ctrl Pts',(-68.1981818627244,223.285134644218,-48.8198667369593));
#5829=CARTESIAN_POINT('Ctrl Pts',(-74.1877880193864,223.581507817375,-42.8765064361975));
#5830=CARTESIAN_POINT('Ctrl Pts',(-74.1393636420707,223.527016241846,-43.7526194629058));
#5831=CARTESIAN_POINT('Ctrl Pts',(-73.7031330152873,223.426095086516,-45.4880334935381));
#5832=CARTESIAN_POINT('Ctrl Pts',(-71.7482289488173,223.337125761624,-47.9853610290753));
#5833=CARTESIAN_POINT('Ctrl Pts',(-69.5335581518329,223.322158668702,-48.7828427124746));
#5834=CARTESIAN_POINT('Ctrl Pts',(-68.1981818627244,223.322158668702,-48.7828427124746));
#5835=CARTESIAN_POINT('',(-68.1981818627244,223.205001381177,-49.0656854249492));
#5836=CARTESIAN_POINT('Ctrl Pts',(-74.5864057622425,223.205001381177,-42.9));
#5837=CARTESIAN_POINT('Ctrl Pts',(-74.5315581821,223.205001381177,-43.8306046022366));
#5838=CARTESIAN_POINT('Ctrl Pts',(-74.0339099405841,223.205001381177,-45.6669397881992));
#5839=CARTESIAN_POINT('Ctrl Pts',(-71.9167333863484,223.205001381177,-48.253236648628));
#5840=CARTESIAN_POINT('Ctrl Pts',(-69.596508393797,223.205001381177,-49.0656854249492));
#5841=CARTESIAN_POINT('Ctrl Pts',(-68.1981818627244,223.205001381177,-49.0656854249492));
#5842=CARTESIAN_POINT('',(-68.1981818627244,223.322158668702,-48.7828427124746));
#5843=CARTESIAN_POINT('Origin',(-68.1981818627244,223.605001381177,-49.0656854249492));
#5844=CARTESIAN_POINT('Ctrl Pts',(-68.1981818627244,223.322158668702,-48.7828427124746));
#5845=CARTESIAN_POINT('Ctrl Pts',(-69.5335581518329,223.322158668702,-48.7828427124746));
#5846=CARTESIAN_POINT('Ctrl Pts',(-71.7482289488173,223.337125761624,-47.9853610290753));
#5847=CARTESIAN_POINT('Ctrl Pts',(-73.6981399992317,223.425867850164,-45.4944119121496));
#5848=CARTESIAN_POINT('Ctrl Pts',(-74.1354504251281,223.526115073642,-43.7681267619881));
#5849=CARTESIAN_POINT('Ctrl Pts',(-74.1864486918469,223.580047433309,-42.8999999940656));
#5850=CARTESIAN_POINT('Origin',(-36.1490909322495,223.605001381177,-49.0656854249493));
#5851=CARTESIAN_POINT('',(-26.1981818627244,223.205001381177,-49.0656854249493));
#5852=CARTESIAN_POINT('',(-26.1981818627244,223.322158668702,-48.7828427124747));
#5853=CARTESIAN_POINT('Origin',(-26.1981818627244,223.605001381177,-49.0656854249493));
#5854=CARTESIAN_POINT('',(-36.1490909322495,223.322158668702,-48.7828427124747));
#5855=CARTESIAN_POINT('',(-36.1490909322495,223.205001381177,-49.0656854249493));
#5856=CARTESIAN_POINT('Ctrl Pts',(-26.1981818627244,223.205001381177,-49.0656854249492));
#5857=CARTESIAN_POINT('Ctrl Pts',(-24.7998553316518,223.205001381177,-49.0656854249492));
#5858=CARTESIAN_POINT('Ctrl Pts',(-22.4796218969312,223.205001381177,-48.2532584557333));
#5859=CARTESIAN_POINT('Ctrl Pts',(-20.3624485596158,223.205001381177,-45.6669504899282));
#5860=CARTESIAN_POINT('Ctrl Pts',(-19.8648055433488,223.205001381177,-43.8306046022366));
#5861=CARTESIAN_POINT('Ctrl Pts',(-19.8099579632063,223.205001381177,-42.9));
#5862=CARTESIAN_POINT('Ctrl Pts',(-26.1981818627244,223.205001381177,-49.0133255473894));
#5863=CARTESIAN_POINT('Ctrl Pts',(-24.8115098557669,223.205001381177,-49.0133255473894));
#5864=CARTESIAN_POINT('Ctrl Pts',(-22.5106078656063,223.205362369808,-48.2028423186423));
#5865=CARTESIAN_POINT('Ctrl Pts',(-20.4291817302204,223.205279530866,-45.6293894245971));
#5866=CARTESIAN_POINT('Ctrl Pts',(-19.9554607216815,223.205265313868,-43.8113884918992));
#5867=CARTESIAN_POINT('Ctrl Pts',(-19.9105852497338,223.205001381177,-42.8940692715799));
#5868=CARTESIAN_POINT('Ctrl Pts',(-26.1981818627244,223.225844389661,-48.9086334567949));
#5869=CARTESIAN_POINT('Ctrl Pts',(-24.8348069887215,223.225844389661,-48.9086334567949));
#5870=CARTESIAN_POINT('Ctrl Pts',(-22.5729415364378,223.228523660652,-48.1020467295366));
#5871=CARTESIAN_POINT('Ctrl Pts',(-20.5628797652919,223.246327890174,-45.5543893557592));
#5872=CARTESIAN_POINT('Ctrl Pts',(-20.1366849150473,223.269879056262,-43.7731689695192));
#5873=CARTESIAN_POINT('Ctrl Pts',(-20.1110388555716,223.285131474767,-42.8822550218066));
#5874=CARTESIAN_POINT('Ctrl Pts',(-26.1981818627244,223.285134644218,-48.8198667369593));
#5875=CARTESIAN_POINT('Ctrl Pts',(-24.8545726133603,223.285134644218,-48.8198667369593));
#5876=CARTESIAN_POINT('Ctrl Pts',(-22.6254457622617,223.295664713135,-48.0189028430679));
#5877=CARTESIAN_POINT('Ctrl Pts',(-20.6599822045932,223.359329695918,-45.5032629825722));
#5878=CARTESIAN_POINT('Ctrl Pts',(-20.2376711669323,223.436272210777,-43.754474612821));
#5879=CARTESIAN_POINT('Ctrl Pts',(-20.2026654721216,223.480879927945,-42.8768547710638));
#5880=CARTESIAN_POINT('Ctrl Pts',(-26.1981818627244,223.322158668702,-48.7828427124746));
#5881=CARTESIAN_POINT('Ctrl Pts',(-24.8628055736161,223.322158668702,-48.7828427124746));
#5882=CARTESIAN_POINT('Ctrl Pts',(-22.6481285523999,223.33712575744,-47.9853828319967));
#5883=CARTESIAN_POINT('Ctrl Pts',(-20.6932277498573,223.426094033903,-45.488043142654));
#5884=CARTESIAN_POINT('Ctrl Pts',(-20.2570000833781,223.527016241846,-43.752619462906));
#5885=CARTESIAN_POINT('Ctrl Pts',(-20.2085757060624,223.581507817375,-42.8765064361975));
#5886=CARTESIAN_POINT('Ctrl Pts',(-20.2099150331821,223.580047433253,-42.8999999940919));
#5887=CARTESIAN_POINT('Ctrl Pts',(-20.2609132736912,223.526115064309,-43.7681268474477));
#5888=CARTESIAN_POINT('Ctrl Pts',(-20.6982207573372,223.42586680024,-45.4944215920016));
#5889=CARTESIAN_POINT('Ctrl Pts',(-22.6481285523999,223.33712575744,-47.9853828319967));
#5890=CARTESIAN_POINT('Ctrl Pts',(-24.8628055736161,223.322158668702,-48.7828427124746));
#5891=CARTESIAN_POINT('Ctrl Pts',(-26.1981818627244,223.322158668702,-48.7828427124746));
#5892=CARTESIAN_POINT('Ctrl Pts',(-26.1981818627244,223.205001381177,-49.0656854249492));
#5893=CARTESIAN_POINT('Ctrl Pts',(-24.7998553316518,223.205001381177,-49.0656854249492));
#5894=CARTESIAN_POINT('Ctrl Pts',(-22.4796218969312,223.205001381177,-48.2532584557333));
#5895=CARTESIAN_POINT('Ctrl Pts',(-20.3624485596158,223.205001381177,-45.6669504899282));
#5896=CARTESIAN_POINT('Ctrl Pts',(-19.8648055433488,223.205001381177,-43.8306046022366));
#5897=CARTESIAN_POINT('Ctrl Pts',(-19.8099579632063,223.205001381177,-42.9));
#5898=CARTESIAN_POINT('Origin',(-46.1000000017745,223.205001381177,-52.9));
#5899=CARTESIAN_POINT('',(-68.1981767735395,223.205001381177,-50.3443145750508));
#5900=CARTESIAN_POINT('Ctrl Pts',(-68.1981769446976,223.205001381177,-50.3443145750493));
#5901=CARTESIAN_POINT('Ctrl Pts',(-69.921893671111,223.205001381177,-50.3443156181305));
#5902=CARTESIAN_POINT('Ctrl Pts',(-72.7874738166766,223.205001381177,-49.397147565825));
#5903=CARTESIAN_POINT('Ctrl Pts',(-75.4904859589761,223.205001381177,-46.2960124162591));
#5904=CARTESIAN_POINT('Ctrl Pts',(-76.137550824888,223.205001381177,-44.0408899682665));
#5905=CARTESIAN_POINT('Ctrl Pts',(-76.1976622638325,223.205001381177,-42.8999999679802));
#5906=CARTESIAN_POINT('',(-26.1981866951723,223.205001381177,-50.3443145750513));
#5907=CARTESIAN_POINT('',(-57.149088387657,223.205001381177,-50.3443145750508));
#5908=CARTESIAN_POINT('Ctrl Pts',(-18.1987010673047,223.205001381177,-42.8999999816941));
#5909=CARTESIAN_POINT('Ctrl Pts',(-18.2436751411113,223.205001381177,-43.7540169088146));
#5910=CARTESIAN_POINT('Ctrl Pts',(-18.6265459034465,223.205001381177,-45.4522556800541));
#5911=CARTESIAN_POINT('Ctrl Pts',(-20.1535592302301,223.205001381177,-47.9246059676126));
#5912=CARTESIAN_POINT('Ctrl Pts',(-22.7512771654761,223.205001381177,-49.8492802794567));
#5913=CARTESIAN_POINT('Ctrl Pts',(-25.0490421097087,223.205001381177,-50.3443156181326));
#5914=CARTESIAN_POINT('Ctrl Pts',(-26.1981866951723,223.205001381177,-50.3443145750513));
#5915=CARTESIAN_POINT('Ctrl Pts',(-74.186448786753,226.392524210844,-40.0875228296668));
#5916=CARTESIAN_POINT('Ctrl Pts',(-73.834157424965,229.205001381177,-42.9));
#5917=CARTESIAN_POINT('Ctrl Pts',(-68.1981818627244,229.205001381177,-42.9));
#5918=CARTESIAN_POINT('Ctrl Pts',(-74.186448786753,220.509681498369,-45.9703655421414));
#5919=CARTESIAN_POINT('Ctrl Pts',(-73.834157424965,223.322158668702,-48.7828427124746));
#5920=CARTESIAN_POINT('Ctrl Pts',(-68.1981818627244,223.322158668702,-48.7828427124746));
#5921=CARTESIAN_POINT('',(-68.1981818627244,229.205001381177,-42.9));
#5922=CARTESIAN_POINT('Ctrl Pts',(-18.197673541341,223.205001381177,-42.8799797966117));
#5923=CARTESIAN_POINT('Ctrl Pts',(-18.2407032597507,223.205001381177,-43.7407959900063));
#5924=CARTESIAN_POINT('Ctrl Pts',(-18.6229859573128,223.205001381177,-45.4464918575038));
#5925=CARTESIAN_POINT('Ctrl Pts',(-20.1535592302301,223.205001381177,-47.9246059676126));
#5926=CARTESIAN_POINT('Ctrl Pts',(-22.7512771654761,223.205001381177,-49.8492802794567));
#5927=CARTESIAN_POINT('Ctrl Pts',(-25.0490421097087,223.205001381177,-50.3443156181326));
#5928=CARTESIAN_POINT('Ctrl Pts',(-26.1981866951723,223.205001381177,-50.3443145750513));
#5929=CARTESIAN_POINT('Ctrl Pts',(-18.1360103538614,223.205001381177,-42.8830621614811));
#5930=CARTESIAN_POINT('Ctrl Pts',(-18.1751027936519,223.204981946078,-43.7510720614935));
#5931=CARTESIAN_POINT('Ctrl Pts',(-18.5525423791192,223.204995376978,-45.4740971310639));
#5932=CARTESIAN_POINT('Ctrl Pts',(-20.0905630995935,223.204949025166,-47.9823947461139));
#5933=CARTESIAN_POINT('Ctrl Pts',(-22.7132424283277,223.204932167384,-49.9323605914834));
#5934=CARTESIAN_POINT('Ctrl Pts',(-25.0363651716538,223.205001381137,-50.434075422172));
#5935=CARTESIAN_POINT('Ctrl Pts',(-26.1981867766475,223.205001381177,-50.4340743651538));
#5936=CARTESIAN_POINT('Ctrl Pts',(-18.0127428538913,223.234156845405,-42.8892239482289));
#5937=CARTESIAN_POINT('Ctrl Pts',(-18.0439590828689,223.238282996866,-43.7716215759686));
#5938=CARTESIAN_POINT('Ctrl Pts',(-18.4117117062026,223.247231221842,-45.5292150993016));
#5939=CARTESIAN_POINT('Ctrl Pts',(-19.9646014150617,223.258965929848,-48.0978148515512));
#5940=CARTESIAN_POINT('Ctrl Pts',(-22.6372054872477,223.266305969035,-50.098297355561));
#5941=CARTESIAN_POINT('Ctrl Pts',(-25.0110043623865,223.267964757328,-50.6132344154397));
#5942=CARTESIAN_POINT('Ctrl Pts',(-26.1981869392705,223.267964753773,-50.6132333305324));
#5943=CARTESIAN_POINT('Ctrl Pts',(-17.8666853624958,223.355869137046,-42.8965249409084));
#5944=CARTESIAN_POINT('Ctrl Pts',(-17.8938980188791,223.375978398436,-43.7956939854912));
#5945=CARTESIAN_POINT('Ctrl Pts',(-18.2638982462288,223.418261116321,-45.5894682634977));
#5946=CARTESIAN_POINT('Ctrl Pts',(-19.8482807500055,223.470820335549,-48.207558305855));
#5947=CARTESIAN_POINT('Ctrl Pts',(-22.5728602876746,223.50222710758,-50.2420070690737));
#5948=CARTESIAN_POINT('Ctrl Pts',(-24.9895603042506,223.509108204739,-50.7651666452029));
#5949=CARTESIAN_POINT('Ctrl Pts',(-26.1981870771797,223.50910818972,-50.7651655428674));
#5950=CARTESIAN_POINT('Ctrl Pts',(-17.8031596774405,223.501075359362,-42.899700406659));
#5951=CARTESIAN_POINT('Ctrl Pts',(-17.837751518335,223.536967810159,-43.8057169468744));
#5952=CARTESIAN_POINT('Ctrl Pts',(-18.2312298373814,223.608899565858,-45.6068314451078));
#5953=CARTESIAN_POINT('Ctrl Pts',(-19.8495106943713,223.690517266913,-48.211953304526));
#5954=CARTESIAN_POINT('Ctrl Pts',(-22.5841740910376,223.735541904898,-50.2227182228154));
#5955=CARTESIAN_POINT('Ctrl Pts',(-24.9933114769926,223.744988956719,-50.7383690807732));
#5956=CARTESIAN_POINT('Ctrl Pts',(-26.1981870528555,223.744988935742,-50.738367993456));
#5957=CARTESIAN_POINT('Ctrl Pts',(-17.7971319495828,223.594114762958,-42.9000017153872));
#5958=CARTESIAN_POINT('Ctrl Pts',(-17.8411076102114,223.637199002009,-43.8062257730667));
#5959=CARTESIAN_POINT('Ctrl Pts',(-18.2571485798251,223.719606681811,-45.6002048005035));
#5960=CARTESIAN_POINT('Ctrl Pts',(-19.8944404145296,223.804560288125,-48.1745970052756));
#5961=CARTESIAN_POINT('Ctrl Pts',(-22.6179635864147,223.847419775573,-50.1523674376572));
#5962=CARTESIAN_POINT('Ctrl Pts',(-25.0045882520644,223.85610923482,-50.6588932338221));
#5963=CARTESIAN_POINT('Ctrl Pts',(-26.1981869807151,223.856109215522,-50.6588921656555));
#5964=CARTESIAN_POINT('Ctrl Pts',(-17.7986692954208,223.624946452469,-42.8999248679033));
#5965=CARTESIAN_POINT('Ctrl Pts',(-17.8462038815179,223.670006741006,-43.8058013498352));
#5966=CARTESIAN_POINT('Ctrl Pts',(-18.2703218767186,223.754691431962,-45.5961819082887));
#5967=CARTESIAN_POINT('Ctrl Pts',(-19.9132789325977,223.838853940908,-48.1584585273436));
#5968=CARTESIAN_POINT('Ctrl Pts',(-22.6313772262996,223.879737242833,-50.1240161411123));
#5969=CARTESIAN_POINT('Ctrl Pts',(-25.0090496408125,223.887844111802,-50.6271583487579));
#5970=CARTESIAN_POINT('Ctrl Pts',(-26.1981869519093,223.887844093652,-50.6271572875258));
#5971=CARTESIAN_POINT('',(-26.1981869519094,223.887844093651,-50.6271572875258));
#5972=CARTESIAN_POINT('Origin',(-26.1981866951723,223.605001381177,-50.3443145750513));
#5973=CARTESIAN_POINT('Ctrl Pts',(-26.1981869519093,223.887844093652,-50.6271572875258));
#5974=CARTESIAN_POINT('Ctrl Pts',(-25.0090496408125,223.887844111802,-50.6271583487579));
#5975=CARTESIAN_POINT('Ctrl Pts',(-22.6313772262996,223.879737242833,-50.1240161411123));
#5976=CARTESIAN_POINT('Ctrl Pts',(-19.9132789325977,223.838853940908,-48.1584585273436));
#5977=CARTESIAN_POINT('Ctrl Pts',(-18.2703355031726,223.754692129994,-45.5962031594495));
#5978=CARTESIAN_POINT('Ctrl Pts',(-17.8462156068746,223.670009082209,-43.8058508469994));
#5979=CARTESIAN_POINT('Ctrl Pts',(-17.7986732382495,223.624950189699,-42.8999999999961));
#5980=CARTESIAN_POINT('Origin',(-57.149088387657,223.605001381177,-50.3443145750508));
#5981=CARTESIAN_POINT('',(-68.1981767735395,223.887844093652,-50.6271572875254));
#5982=CARTESIAN_POINT('Origin',(-68.1981767735395,223.605001381177,-50.3443145750508));
#5983=CARTESIAN_POINT('',(-57.149088387657,223.887844093652,-50.6271572875254));
#5984=CARTESIAN_POINT('Ctrl Pts',(-68.1981769446976,223.205001381177,-50.3443145750493));
#5985=CARTESIAN_POINT('Ctrl Pts',(-69.921893671111,223.205001381177,-50.3443156181305));
#5986=CARTESIAN_POINT('Ctrl Pts',(-72.7874738166766,223.205001381177,-49.397147565825));
#5987=CARTESIAN_POINT('Ctrl Pts',(-75.4949841546187,223.205001381177,-46.2908516874564));
#5988=CARTESIAN_POINT('Ctrl Pts',(-76.1413167470788,223.205001381177,-44.0277344753177));
#5989=CARTESIAN_POINT('Ctrl Pts',(-76.1986900634215,223.205001381177,-42.8799796695253));
#5990=CARTESIAN_POINT('Ctrl Pts',(-68.1981768903808,223.205001381177,-50.4340743651518));
#5991=CARTESIAN_POINT('Ctrl Pts',(-69.9409091444147,223.205001381137,-50.43407542217));
#5992=CARTESIAN_POINT('Ctrl Pts',(-72.8380948914719,223.204886621302,-49.4740533118717));
#5993=CARTESIAN_POINT('Ctrl Pts',(-75.5665267052302,223.204999017402,-46.3279702657099));
#5994=CARTESIAN_POINT('Ctrl Pts',(-76.2082296462595,223.2049754677,-44.0404084712307));
#5995=CARTESIAN_POINT('Ctrl Pts',(-76.2603532619296,223.205001381177,-42.8830620545233));
#5996=CARTESIAN_POINT('Ctrl Pts',(-68.1981767819653,223.267966629098,-50.6132335298378));
#5997=CARTESIAN_POINT('Ctrl Pts',(-69.978950490485,223.267966632652,-50.613234614745));
#5998=CARTESIAN_POINT('Ctrl Pts',(-72.9393125630398,223.264960295796,-49.6277240382976));
#5999=CARTESIAN_POINT('Ctrl Pts',(-75.709578124223,223.251706614272,-46.4020594357253));
#6000=CARTESIAN_POINT('Ctrl Pts',(-76.3419988059861,223.239658779594,-44.0657539409495));
#6001=CARTESIAN_POINT('Ctrl Pts',(-76.3836208155421,223.234157244209,-42.8892238830885));
#6002=CARTESIAN_POINT('Ctrl Pts',(-68.1981766900258,223.509109041717,-50.7651657921925));
#6003=CARTESIAN_POINT('Ctrl Pts',(-70.0111166897808,223.509109056735,-50.765166894528));
#6004=CARTESIAN_POINT('Ctrl Pts',(-73.0251298369845,223.496742742721,-49.7643397228439));
#6005=CARTESIAN_POINT('Ctrl Pts',(-75.8524988212999,223.438871975893,-46.4804075142897));
#6006=CARTESIAN_POINT('Ctrl Pts',(-76.4933944035856,223.382681704429,-44.0954168705342));
#6007=CARTESIAN_POINT('Ctrl Pts',(-76.5296783286531,223.355869356697,-42.896524923225));
#6008=CARTESIAN_POINT('Ctrl Pts',(-68.1981767062419,223.744989649808,-50.7383681990011));
#6009=CARTESIAN_POINT('Ctrl Pts',(-70.0054899108931,223.744989670786,-50.7383692863182));
#6010=CARTESIAN_POINT('Ctrl Pts',(-73.0102161064712,223.728263832513,-49.7527347138782));
#6011=CARTESIAN_POINT('Ctrl Pts',(-75.8713470499001,223.642470578234,-46.4981335219329));
#6012=CARTESIAN_POINT('Ctrl Pts',(-76.5470811381839,223.548932193942,-44.1077223414275));
#6013=CARTESIAN_POINT('Ctrl Pts',(-76.5932039845686,223.501075597937,-42.8997004076876));
#6014=CARTESIAN_POINT('Ctrl Pts',(-68.1981767543357,223.856109215522,-50.6588921656535));
#6015=CARTESIAN_POINT('Ctrl Pts',(-69.988574689658,223.85610923482,-50.6588932338201));
#6016=CARTESIAN_POINT('Ctrl Pts',(-72.9651057103118,223.841001657877,-49.6911728951548));
#6017=CARTESIAN_POINT('Ctrl Pts',(-75.8341168690441,223.756362895973,-46.4846653626619));
#6018=CARTESIAN_POINT('Ctrl Pts',(-76.5405970436163,223.651560525247,-44.1083003308387));
#6019=CARTESIAN_POINT('Ctrl Pts',(-76.5992316525687,223.59411488349,-42.9000017153373));
#6020=CARTESIAN_POINT('Ctrl Pts',(-68.1981767735395,223.887844093652,-50.6271572875239));
#6021=CARTESIAN_POINT('Ctrl Pts',(-69.9818825831203,223.887844111802,-50.6271583487558));
#6022=CARTESIAN_POINT('Ctrl Pts',(-72.9471880178654,223.873856400792,-49.6660025854396));
#6023=CARTESIAN_POINT('Ctrl Pts',(-75.8171029849369,223.791813844338,-46.477664150617));
#6024=CARTESIAN_POINT('Ctrl Pts',(-76.534314453233,223.685026950879,-44.1077600450193));
#6025=CARTESIAN_POINT('Ctrl Pts',(-76.59769429674,223.624946578518,-42.899924866866));
#6026=CARTESIAN_POINT('Ctrl Pts',(-76.5976903538283,223.624950315797,-42.8999999999911));
#6027=CARTESIAN_POINT('Ctrl Pts',(-76.5342995818001,223.685029165091,-44.1078091847699));
#6028=CARTESIAN_POINT('Ctrl Pts',(-75.8170859827933,223.79181433038,-46.4776830391863));
#6029=CARTESIAN_POINT('Ctrl Pts',(-72.9471880178654,223.873856400792,-49.6660025854396));
#6030=CARTESIAN_POINT('Ctrl Pts',(-69.9818825831203,223.887844111802,-50.6271583487558));
#6031=CARTESIAN_POINT('Ctrl Pts',(-68.1981767735395,223.887844093652,-50.6271572875239));
#6032=CARTESIAN_POINT('Ctrl Pts',(-26.1981869519093,231.615002059624,-42.8999993215529));
#6033=CARTESIAN_POINT('Ctrl Pts',(-18.1981484244848,231.615005690452,-42.9000029523801));
#6034=CARTESIAN_POINT('Ctrl Pts',(-17.7986732382423,227.619976463887,-38.904973725815));
#6035=CARTESIAN_POINT('Ctrl Pts',(-26.1981869519093,223.887843905326,-50.6271574758509));
#6036=CARTESIAN_POINT('Ctrl Pts',(-18.1981484244848,223.887847536154,-50.6271611066781));
#6037=CARTESIAN_POINT('Ctrl Pts',(-17.7986732382423,219.892818309589,-46.632131880113));
#6038=CARTESIAN_POINT('',(-26.1981869519093,231.615001381177,-42.9));
#6039=CARTESIAN_POINT('Origin',(-68.1981767735395,231.615001381177,-42.9));
#6040=CARTESIAN_POINT('',(-68.1981767735395,231.615001381177,-42.9));
#6041=CARTESIAN_POINT('Ctrl Pts',(-76.5976903538391,227.619976293792,-38.9049740220096));
#6042=CARTESIAN_POINT('Ctrl Pts',(-76.1982127571361,231.61500424703,-42.9000019752471));
#6043=CARTESIAN_POINT('Ctrl Pts',(-68.1981767735395,231.615001826479,-42.8999995546964));
#6044=CARTESIAN_POINT('Ctrl Pts',(-76.5976903538391,219.892818435415,-46.6321318803872));
#6045=CARTESIAN_POINT('Ctrl Pts',(-76.1982127571361,223.887846388652,-50.6271598336247));
#6046=CARTESIAN_POINT('Ctrl Pts',(-68.1981767735395,223.887843968101,-50.627157413074));
#6047=CARTESIAN_POINT('Origin',(-26.1981818627244,229.205001381177,-42.9));
#6048=CARTESIAN_POINT('',(-26.1981818627244,229.205001381177,-42.9));
#6049=CARTESIAN_POINT('Ctrl Pts',(-26.1981818627244,229.205001381177,-42.9));
#6050=CARTESIAN_POINT('Ctrl Pts',(-20.5622063004838,229.205001381177,-42.9));
#6051=CARTESIAN_POINT('Ctrl Pts',(-20.2099149386958,226.392524210844,-40.0875228296667));
#6052=CARTESIAN_POINT('Ctrl Pts',(-26.1981818627244,223.322158668702,-48.7828427124747));
#6053=CARTESIAN_POINT('Ctrl Pts',(-20.5622063004838,223.322158668702,-48.7828427124747));
#6054=CARTESIAN_POINT('Ctrl Pts',(-20.2099149386958,220.509681498369,-45.9703655421414));
#6055=CARTESIAN_POINT('Ctrl Pts',(-74.5864057643871,231.615001381177,-42.9));
#6056=CARTESIAN_POINT('Ctrl Pts',(-74.5315581842446,231.615001381177,-43.8306046022365));
#6057=CARTESIAN_POINT('Ctrl Pts',(-74.0339090994917,231.615001381177,-45.6669380594114));
#6058=CARTESIAN_POINT('Ctrl Pts',(-71.91673202681,231.615001381177,-48.2532331328608));
#6059=CARTESIAN_POINT('Ctrl Pts',(-69.5965083959416,231.615001381177,-49.0656854249492));
#6060=CARTESIAN_POINT('Ctrl Pts',(-68.198181864869,231.615001381177,-49.0656854249492));
#6061=CARTESIAN_POINT('Ctrl Pts',(-74.4857784778595,231.615001381177,-42.8940692715799));
#6062=CARTESIAN_POINT('Ctrl Pts',(-74.4409030059119,231.615265313868,-43.8113884918991));
#6063=CARTESIAN_POINT('Ctrl Pts',(-73.9671762755466,231.615282003699,-45.6293771354932));
#6064=CARTESIAN_POINT('Ctrl Pts',(-71.8857465697584,231.61536540657,-48.2028170083585));
#6065=CARTESIAN_POINT('Ctrl Pts',(-69.5848538718265,231.615001381177,-49.0133255473894));
#6066=CARTESIAN_POINT('Ctrl Pts',(-68.198181864869,231.615001381177,-49.0133255473894));
#6067=CARTESIAN_POINT('Ctrl Pts',(-74.2853277318694,231.695134513084,-42.882255190359));
#6068=CARTESIAN_POINT('Ctrl Pts',(-74.2596816723937,231.679882094579,-43.7731691380716));
#6069=CARTESIAN_POINT('Ctrl Pts',(-73.8334778364299,231.656329556361,-45.5543778326177));
#6070=CARTESIAN_POINT('Ctrl Pts',(-71.8234122000051,231.638524746465,-48.1020217975107));
#6071=CARTESIAN_POINT('Ctrl Pts',(-69.5615567388719,231.635844691089,-48.9086335816501));
#6072=CARTESIAN_POINT('Ctrl Pts',(-68.1981818648689,231.635844691089,-48.9086335816501));
#6073=CARTESIAN_POINT('Ctrl Pts',(-74.1936982554717,231.890879927945,-42.8768547710638));
#6074=CARTESIAN_POINT('Ctrl Pts',(-74.158692560661,231.846272210777,-43.7544746128208));
#6075=CARTESIAN_POINT('Ctrl Pts',(-73.736379075807,231.769331193988,-45.5032514956806));
#6076=CARTESIAN_POINT('Ctrl Pts',(-71.770912426579,231.70566559194,-48.0188776560119));
#6077=CARTESIAN_POINT('Ctrl Pts',(-69.5417911142331,231.695134644218,-48.8198667369593));
#6078=CARTESIAN_POINT('Ctrl Pts',(-68.198181864869,231.695134644218,-48.8198667369593));
#6079=CARTESIAN_POINT('Ctrl Pts',(-74.187788021531,231.991507817374,-42.8765064361975));
#6080=CARTESIAN_POINT('Ctrl Pts',(-74.1393636442153,231.937016241846,-43.7526194629058));
#6081=CARTESIAN_POINT('Ctrl Pts',(-73.7031325391407,231.836095255719,-45.4880319339532));
#6082=CARTESIAN_POINT('Ctrl Pts',(-71.7482279475383,231.747125762907,-47.9853575145908));
#6083=CARTESIAN_POINT('Ctrl Pts',(-69.5335581539774,231.732158668702,-48.7828427124746));
#6084=CARTESIAN_POINT('Ctrl Pts',(-68.198181864869,231.732158668702,-48.7828427124746));
#6085=CARTESIAN_POINT('',(-68.198181864869,231.615001381177,-49.0656854249492));
#6086=CARTESIAN_POINT('Ctrl Pts',(-74.5864057643871,231.615001381177,-42.9));
#6087=CARTESIAN_POINT('Ctrl Pts',(-74.5315581842446,231.615001381177,-43.8306046022365));
#6088=CARTESIAN_POINT('Ctrl Pts',(-74.0339090994917,231.615001381177,-45.6669380594114));
#6089=CARTESIAN_POINT('Ctrl Pts',(-71.91673202681,231.615001381177,-48.2532331328608));
#6090=CARTESIAN_POINT('Ctrl Pts',(-69.5965083959416,231.615001381177,-49.0656854249492));
#6091=CARTESIAN_POINT('Ctrl Pts',(-68.198181864869,231.615001381177,-49.0656854249492));
#6092=CARTESIAN_POINT('',(-68.198181864869,231.732158668702,-48.7828427124746));
#6093=CARTESIAN_POINT('Origin',(-68.198181864869,232.015001381177,-49.0656854249492));
#6094=CARTESIAN_POINT('Ctrl Pts',(-68.198181864869,231.732158668702,-48.7828427124746));
#6095=CARTESIAN_POINT('Ctrl Pts',(-69.5335581539774,231.732158668702,-48.7828427124746));
#6096=CARTESIAN_POINT('Ctrl Pts',(-71.7482279475383,231.747125762907,-47.9853575145908));
#6097=CARTESIAN_POINT('Ctrl Pts',(-73.6981395217051,231.835868018937,-45.4944103476211));
#6098=CARTESIAN_POINT('Ctrl Pts',(-74.1354504229701,231.936115075142,-43.7681267481754));
#6099=CARTESIAN_POINT('Ctrl Pts',(-74.1864486939237,231.990047433318,-42.8999999940614));
#6100=CARTESIAN_POINT('Origin',(-36.149090934394,232.015001381177,-49.0656854249493));
#6101=CARTESIAN_POINT('',(-26.198181864869,231.615001381177,-49.0656854249493));
#6102=CARTESIAN_POINT('',(-26.198181864869,231.732158668702,-48.7828427124747));
#6103=CARTESIAN_POINT('Origin',(-26.198181864869,232.015001381177,-49.0656854249493));
#6104=CARTESIAN_POINT('',(-36.149090934394,231.732158668702,-48.7828427124747));
#6105=CARTESIAN_POINT('',(-36.149090934394,231.615001381177,-49.0656854249493));
#6106=CARTESIAN_POINT('Ctrl Pts',(-26.198181864869,231.615001381177,-49.0656854249493));
#6107=CARTESIAN_POINT('Ctrl Pts',(-24.7998553337963,231.615001381177,-49.0656854249493));
#6108=CARTESIAN_POINT('Ctrl Pts',(-22.4796236691508,231.615001381177,-48.2532538819851));
#6109=CARTESIAN_POINT('Ctrl Pts',(-20.3624496569609,231.615001381177,-45.6669482484435));
#6110=CARTESIAN_POINT('Ctrl Pts',(-19.8648055454933,231.615001381177,-43.8306046022365));
#6111=CARTESIAN_POINT('Ctrl Pts',(-19.8099579653508,231.615001381177,-42.9));
#6112=CARTESIAN_POINT('Ctrl Pts',(-26.198181864869,231.615001381177,-49.0133255473894));
#6113=CARTESIAN_POINT('Ctrl Pts',(-24.8115098579114,231.615001381177,-49.0133255473894));
#6114=CARTESIAN_POINT('Ctrl Pts',(-22.5106095454689,231.615362917776,-48.2028377470957));
#6115=CARTESIAN_POINT('Ctrl Pts',(-20.4291827649851,231.615279977493,-45.6293872087116));
#6116=CARTESIAN_POINT('Ctrl Pts',(-19.955460723826,231.615265313868,-43.8113884918992));
#6117=CARTESIAN_POINT('Ctrl Pts',(-19.9105852518783,231.615001381177,-42.8940692715799));
#6118=CARTESIAN_POINT('Ctrl Pts',(-26.198181864869,231.635844444064,-48.9086334793292));
#6119=CARTESIAN_POINT('Ctrl Pts',(-24.834806990866,231.635844444064,-48.9086334793292));
#6120=CARTESIAN_POINT('Ctrl Pts',(-22.5729433441692,231.638523854751,-48.102042226133));
#6121=CARTESIAN_POINT('Ctrl Pts',(-20.5628808750271,231.656328189636,-45.5543872785674));
#6122=CARTESIAN_POINT('Ctrl Pts',(-20.1366844010389,231.679879604625,-43.77316899994));
#6123=CARTESIAN_POINT('Ctrl Pts',(-20.1110383415632,231.695132023131,-42.8822550522274));
#6124=CARTESIAN_POINT('Ctrl Pts',(-26.198181864869,231.695134644218,-48.8198667369593));
#6125=CARTESIAN_POINT('Ctrl Pts',(-24.8545726155048,231.695134644218,-48.8198667369593));
#6126=CARTESIAN_POINT('Ctrl Pts',(-22.6254467649456,231.705664871293,-48.0188982933827));
#6127=CARTESIAN_POINT('Ctrl Pts',(-20.6599826478184,231.769329966837,-45.5032609118884));
#6128=CARTESIAN_POINT('Ctrl Pts',(-20.2376711690769,231.846272210777,-43.754474612821));
#6129=CARTESIAN_POINT('Ctrl Pts',(-20.2026654742662,231.890879927945,-42.8768547710638));
#6130=CARTESIAN_POINT('Ctrl Pts',(-26.198181864869,231.732158668702,-48.7828427124746));
#6131=CARTESIAN_POINT('Ctrl Pts',(-24.8628055757606,231.732158668702,-48.7828427124746));
#6132=CARTESIAN_POINT('Ctrl Pts',(-22.6481298600421,231.747125757777,-47.9853782585856));
#6133=CARTESIAN_POINT('Ctrl Pts',(-20.6932283719727,231.836094255119,-45.4880411223857));
#6134=CARTESIAN_POINT('Ctrl Pts',(-20.2570000855226,231.937016241846,-43.752619462906));
#6135=CARTESIAN_POINT('Ctrl Pts',(-20.2085757082069,231.991507817374,-42.8765064361975));
#6136=CARTESIAN_POINT('Ctrl Pts',(-20.2099150354145,231.990047433265,-42.8999999940864));
#6137=CARTESIAN_POINT('Ctrl Pts',(-20.2609132814127,231.93611506627,-43.7681268295547));
#6138=CARTESIAN_POINT('Ctrl Pts',(-20.6982213812536,231.83586702089,-45.4944195652764));
#6139=CARTESIAN_POINT('Ctrl Pts',(-22.6481298600421,231.747125757777,-47.9853782585856));
#6140=CARTESIAN_POINT('Ctrl Pts',(-24.8628055757606,231.732158668702,-48.7828427124746));
#6141=CARTESIAN_POINT('Ctrl Pts',(-26.198181864869,231.732158668702,-48.7828427124746));
#6142=CARTESIAN_POINT('Ctrl Pts',(-26.198181864869,231.615001381177,-49.0656854249493));
#6143=CARTESIAN_POINT('Ctrl Pts',(-24.7998553337963,231.615001381177,-49.0656854249493));
#6144=CARTESIAN_POINT('Ctrl Pts',(-22.4796236691508,231.615001381177,-48.2532538819851));
#6145=CARTESIAN_POINT('Ctrl Pts',(-20.3624496569609,231.615001381177,-45.6669482484435));
#6146=CARTESIAN_POINT('Ctrl Pts',(-19.8648055454933,231.615001381177,-43.8306046022365));
#6147=CARTESIAN_POINT('Ctrl Pts',(-19.8099579653508,231.615001381177,-42.9));
#6148=CARTESIAN_POINT('Origin',(-46.1000000039191,231.615001381177,-52.9));
#6149=CARTESIAN_POINT('',(-68.1981767756841,231.615001381177,-50.3443145750508));
#6150=CARTESIAN_POINT('Ctrl Pts',(-68.1981769468421,231.615001381177,-50.3443145750493));
#6151=CARTESIAN_POINT('Ctrl Pts',(-69.9218936732555,231.615001381177,-50.3443156181305));
#6152=CARTESIAN_POINT('Ctrl Pts',(-72.7874713215165,231.615001381177,-49.3971420857643));
#6153=CARTESIAN_POINT('Ctrl Pts',(-75.4904839763572,231.615001381177,-46.2960094764723));
#6154=CARTESIAN_POINT('Ctrl Pts',(-76.137550815484,231.615001381177,-44.0408899513029));
#6155=CARTESIAN_POINT('Ctrl Pts',(-76.1976622658692,231.615001381177,-42.8999999679746));
#6156=CARTESIAN_POINT('',(-26.1981866973168,231.615001381177,-50.3443145750513));
#6157=CARTESIAN_POINT('',(-57.1490883898016,231.615001381177,-50.3443145750508));
#6158=CARTESIAN_POINT('Ctrl Pts',(-18.1987010695195,231.615001381177,-42.8999999816904));
#6159=CARTESIAN_POINT('Ctrl Pts',(-18.2436751488901,231.615001381177,-43.7540169004364));
#6160=CARTESIAN_POINT('Ctrl Pts',(-18.6265466316999,231.615001381177,-45.4522545893382));
#6161=CARTESIAN_POINT('Ctrl Pts',(-20.153559771917,231.615001381177,-47.9246049156701));
#6162=CARTESIAN_POINT('Ctrl Pts',(-22.7512781454099,231.615001381177,-49.8492771333662));
#6163=CARTESIAN_POINT('Ctrl Pts',(-25.0490421118532,231.615001381177,-50.3443156181326));
#6164=CARTESIAN_POINT('Ctrl Pts',(-26.1981866973168,231.615001381177,-50.3443145750513));
#6165=CARTESIAN_POINT('Ctrl Pts',(-74.1864487888976,234.802524210844,-40.0875228296667));
#6166=CARTESIAN_POINT('Ctrl Pts',(-73.8341574271095,237.615001381177,-42.9));
#6167=CARTESIAN_POINT('Ctrl Pts',(-68.1981818648689,237.615001381177,-42.9));
#6168=CARTESIAN_POINT('Ctrl Pts',(-74.1864487888976,228.919681498369,-45.9703655421414));
#6169=CARTESIAN_POINT('Ctrl Pts',(-73.8341574271095,231.732158668702,-48.7828427124746));
#6170=CARTESIAN_POINT('Ctrl Pts',(-68.1981818648689,231.732158668702,-48.7828427124746));
#6171=CARTESIAN_POINT('',(-68.198181864869,237.615001381177,-42.9));
#6172=CARTESIAN_POINT('Ctrl Pts',(-18.1976735434855,231.615001381177,-42.8799797966117));
#6173=CARTESIAN_POINT('Ctrl Pts',(-18.2407032618952,231.615001381177,-43.7407959900063));
#6174=CARTESIAN_POINT('Ctrl Pts',(-18.6229866859844,231.615001381177,-45.4464907666704));
#6175=CARTESIAN_POINT('Ctrl Pts',(-20.153559771917,231.615001381177,-47.9246049156701));
#6176=CARTESIAN_POINT('Ctrl Pts',(-22.7512781454099,231.615001381177,-49.8492771333662));
#6177=CARTESIAN_POINT('Ctrl Pts',(-25.0490421118532,231.615001381177,-50.3443156181326));
#6178=CARTESIAN_POINT('Ctrl Pts',(-26.1981866973168,231.615001381177,-50.3443145750513));
#6179=CARTESIAN_POINT('Ctrl Pts',(-18.1360103560059,231.615001381177,-42.8830621614811));
#6180=CARTESIAN_POINT('Ctrl Pts',(-18.1751027957965,231.614981946078,-43.7510720614935));
#6181=CARTESIAN_POINT('Ctrl Pts',(-18.5525432881179,231.614995237169,-45.4740960809406));
#6182=CARTESIAN_POINT('Ctrl Pts',(-20.090563795809,231.614948885107,-47.9823937092749));
#6183=CARTESIAN_POINT('Ctrl Pts',(-22.7132436551669,231.61493189542,-49.9323573903598));
#6184=CARTESIAN_POINT('Ctrl Pts',(-25.0363651737984,231.615001381137,-50.434075422172));
#6185=CARTESIAN_POINT('Ctrl Pts',(-26.198186778792,231.615001381177,-50.4340743651538));
#6186=CARTESIAN_POINT('Ctrl Pts',(-18.0127428495274,231.644156925243,-42.8892239485542));
#6187=CARTESIAN_POINT('Ctrl Pts',(-18.043959078505,231.648283076704,-43.7716215762939));
#6188=CARTESIAN_POINT('Ctrl Pts',(-18.411712515537,231.657231302034,-45.529214135591));
#6189=CARTESIAN_POINT('Ctrl Pts',(-19.9646019919968,231.668966072485,-48.0978138929131));
#6190=CARTESIAN_POINT('Ctrl Pts',(-22.6372064886224,231.676306128153,-50.0982942647315));
#6191=CARTESIAN_POINT('Ctrl Pts',(-25.011004364531,231.677965143944,-50.6132344564449));
#6192=CARTESIAN_POINT('Ctrl Pts',(-26.1981869414151,231.677965140389,-50.6132333715375));
#6193=CARTESIAN_POINT('Ctrl Pts',(-17.866685355953,231.765869170677,-42.8965249413427));
#6194=CARTESIAN_POINT('Ctrl Pts',(-17.8938980123363,231.785978432067,-43.7956939859254));
#6195=CARTESIAN_POINT('Ctrl Pts',(-18.2638996495012,231.828261068064,-45.589467251308));
#6196=CARTESIAN_POINT('Ctrl Pts',(-19.8482818121488,231.880820326597,-48.2075572875213));
#6197=CARTESIAN_POINT('Ctrl Pts',(-22.5728620037163,231.912227073475,-50.2420037982266));
#6198=CARTESIAN_POINT('Ctrl Pts',(-24.9895603063951,231.91910838017,-50.765166696633));
#6199=CARTESIAN_POINT('Ctrl Pts',(-26.1981870793243,231.919108365152,-50.7651655942974));
#6200=CARTESIAN_POINT('Ctrl Pts',(-17.8031596726422,231.911075387812,-42.8997004070061));
#6201=CARTESIAN_POINT('Ctrl Pts',(-17.8377515135366,231.946967838609,-43.8057169472215));
#6202=CARTESIAN_POINT('Ctrl Pts',(-18.2312311719943,232.018899386019,-45.6068302019499));
#6203=CARTESIAN_POINT('Ctrl Pts',(-19.8495116372945,232.100517193508,-48.2119521624398));
#6204=CARTESIAN_POINT('Ctrl Pts',(-22.5841755221717,232.145541913365,-50.2227149984854));
#6205=CARTESIAN_POINT('Ctrl Pts',(-24.9933114791371,232.154989103771,-50.7383691231684));
#6206=CARTESIAN_POINT('Ctrl Pts',(-26.1981870550001,232.154989082793,-50.7383680358512));
#6207=CARTESIAN_POINT('Ctrl Pts',(-17.7971319517274,232.004114762958,-42.9000017153872));
#6208=CARTESIAN_POINT('Ctrl Pts',(-17.8411076123559,232.047199002009,-43.8062257730667));
#6209=CARTESIAN_POINT('Ctrl Pts',(-18.2571503048215,232.129606173889,-45.6002032162506));
#6210=CARTESIAN_POINT('Ctrl Pts',(-19.8944416944361,232.214559920694,-48.174595588686));
#6211=CARTESIAN_POINT('Ctrl Pts',(-22.6179655232685,232.257419354154,-50.1523638339214));
#6212=CARTESIAN_POINT('Ctrl Pts',(-25.0045882542089,232.26610923482,-50.6588932338221));
#6213=CARTESIAN_POINT('Ctrl Pts',(-26.1981869828597,232.266109215522,-50.6588921656555));
#6214=CARTESIAN_POINT('Ctrl Pts',(-17.7986692975653,232.034946452469,-42.8999248679033));
#6215=CARTESIAN_POINT('Ctrl Pts',(-17.8462038836625,232.080006741006,-43.8058013498352));
#6216=CARTESIAN_POINT('Ctrl Pts',(-18.2703233750263,232.164690863707,-45.5961802492003));
#6217=CARTESIAN_POINT('Ctrl Pts',(-19.9132800066833,232.248853547974,-48.1584570824673));
#6218=CARTESIAN_POINT('Ctrl Pts',(-22.6313788312614,232.289736843722,-50.124012595911));
#6219=CARTESIAN_POINT('Ctrl Pts',(-25.009049642957,232.297844111802,-50.6271583487579));
#6220=CARTESIAN_POINT('Ctrl Pts',(-26.1981869540538,232.297844093652,-50.6271572875258));
#6221=CARTESIAN_POINT('',(-26.1981869540539,232.297844093651,-50.6271572875258));
#6222=CARTESIAN_POINT('Origin',(-26.1981866973168,232.015001381177,-50.3443145750513));
#6223=CARTESIAN_POINT('Ctrl Pts',(-26.1981869540538,232.297844093652,-50.6271572875258));
#6224=CARTESIAN_POINT('Ctrl Pts',(-25.009049642957,232.297844111802,-50.6271583487579));
#6225=CARTESIAN_POINT('Ctrl Pts',(-22.6313788312614,232.289736843722,-50.124012595911));
#6226=CARTESIAN_POINT('Ctrl Pts',(-19.9132800066833,232.248853547974,-48.1584570824673));
#6227=CARTESIAN_POINT('Ctrl Pts',(-18.2703370014768,232.16469156174,-45.5962015003628));
#6228=CARTESIAN_POINT('Ctrl Pts',(-17.8462156090605,232.080009082193,-43.8058508469535));
#6229=CARTESIAN_POINT('Ctrl Pts',(-17.7986732403941,232.034950189699,-42.8999999999961));
#6230=CARTESIAN_POINT('Origin',(-57.1490883898016,232.015001381177,-50.3443145750508));
#6231=CARTESIAN_POINT('',(-68.1981767756841,232.297844093652,-50.6271572875254));
#6232=CARTESIAN_POINT('Origin',(-68.1981767756841,232.015001381177,-50.3443145750508));
#6233=CARTESIAN_POINT('',(-57.1490883898016,232.297844093652,-50.6271572875254));
#6234=CARTESIAN_POINT('Ctrl Pts',(-68.1981769468421,231.615001381177,-50.3443145750493));
#6235=CARTESIAN_POINT('Ctrl Pts',(-69.9218936732555,231.615001381177,-50.3443156181305));
#6236=CARTESIAN_POINT('Ctrl Pts',(-72.7874713215165,231.615001381177,-49.3971420857643));
#6237=CARTESIAN_POINT('Ctrl Pts',(-75.4949821728849,231.615001381177,-46.2908487518601));
#6238=CARTESIAN_POINT('Ctrl Pts',(-76.1413167492233,231.615001381177,-44.0277344753177));
#6239=CARTESIAN_POINT('Ctrl Pts',(-76.1986900655661,231.615001381177,-42.8799796695253));
#6240=CARTESIAN_POINT('Ctrl Pts',(-68.1981768925253,231.615001381177,-50.4340743651518));
#6241=CARTESIAN_POINT('Ctrl Pts',(-69.9409091465593,231.615001381137,-50.43407542217));
#6242=CARTESIAN_POINT('Ctrl Pts',(-72.8380921737631,231.614886485975,-49.4740477761121));
#6243=CARTESIAN_POINT('Ctrl Pts',(-75.5665245304304,231.614998946584,-46.3279673386481));
#6244=CARTESIAN_POINT('Ctrl Pts',(-76.208229648404,231.6149754677,-44.0404084712307));
#6245=CARTESIAN_POINT('Ctrl Pts',(-76.2603532640742,231.615001381177,-42.8830620545233));
#6246=CARTESIAN_POINT('Ctrl Pts',(-68.1981767841098,231.677966925204,-50.6132335614011));
#6247=CARTESIAN_POINT('Ctrl Pts',(-69.9789504926296,231.677966928759,-50.6132346463084));
#6248=CARTESIAN_POINT('Ctrl Pts',(-72.939309750902,231.674960388819,-49.6277184880458));
#6249=CARTESIAN_POINT('Ctrl Pts',(-75.7095757910482,231.661706702301,-46.4020565330646));
#6250=CARTESIAN_POINT('Ctrl Pts',(-76.3419988131428,231.649658840729,-44.0657539412001));
#6251=CARTESIAN_POINT('Ctrl Pts',(-76.3836208226988,231.644157305344,-42.889223883339));
#6252=CARTESIAN_POINT('Ctrl Pts',(-68.1981766921703,231.919109176484,-50.7651658315281));
#6253=CARTESIAN_POINT('Ctrl Pts',(-70.0111166919254,231.919109191503,-50.7651669338636));
#6254=CARTESIAN_POINT('Ctrl Pts',(-73.0251264428043,231.906742660855,-49.7643339969683));
#6255=CARTESIAN_POINT('Ctrl Pts',(-75.8524959827068,231.848871827677,-46.4804044663038));
#6256=CARTESIAN_POINT('Ctrl Pts',(-76.4933944123731,231.792681730279,-44.0954168708663));
#6257=CARTESIAN_POINT('Ctrl Pts',(-76.5296783374406,231.765869382547,-42.8965249235571));
#6258=CARTESIAN_POINT('Ctrl Pts',(-68.1981767083865,232.154989762735,-50.7383682314342));
#6259=CARTESIAN_POINT('Ctrl Pts',(-70.0054899130376,232.154989783713,-50.7383693187513));
#6260=CARTESIAN_POINT('Ctrl Pts',(-73.0102128056004,232.138263579871,-49.7527288681673));
#6261=CARTESIAN_POINT('Ctrl Pts',(-75.87134426386,232.052470123397,-46.4981301236993));
#6262=CARTESIAN_POINT('Ctrl Pts',(-76.5470811456403,231.958932215799,-44.107722341693));
#6263=CARTESIAN_POINT('Ctrl Pts',(-76.593203992025,231.911075619794,-42.8997004079532));
#6264=CARTESIAN_POINT('Ctrl Pts',(-68.1981767564802,232.266109215522,-50.6588921656535));
#6265=CARTESIAN_POINT('Ctrl Pts',(-69.9885746918026,232.26610923482,-50.6588932338201));
#6266=CARTESIAN_POINT('Ctrl Pts',(-72.9651022597813,232.251000986446,-49.6911667120235));
#6267=CARTESIAN_POINT('Ctrl Pts',(-75.8341140530702,232.166362049939,-46.4846615882809));
#6268=CARTESIAN_POINT('Ctrl Pts',(-76.5405970457609,232.061560525247,-44.1083003308387));
#6269=CARTESIAN_POINT('Ctrl Pts',(-76.5992316547132,232.00411488349,-42.9000017153373));
#6270=CARTESIAN_POINT('Ctrl Pts',(-68.1981767756841,232.297844093652,-50.6271572875239));
#6271=CARTESIAN_POINT('Ctrl Pts',(-69.9818825852649,232.297844111802,-50.6271583487558));
#6272=CARTESIAN_POINT('Ctrl Pts',(-72.9471847825474,232.283855663531,-49.6659963681185));
#6273=CARTESIAN_POINT('Ctrl Pts',(-75.8171003560962,232.201812898379,-46.477660269062));
#6274=CARTESIAN_POINT('Ctrl Pts',(-76.5343144553776,232.095026950879,-44.1077600450193));
#6275=CARTESIAN_POINT('Ctrl Pts',(-76.5976942988846,232.034946578518,-42.899924866866));
#6276=CARTESIAN_POINT('Ctrl Pts',(-76.5976903559728,232.034950315797,-42.8999999999911));
#6277=CARTESIAN_POINT('Ctrl Pts',(-76.5342995838901,232.095029165072,-44.1078091846894));
#6278=CARTESIAN_POINT('Ctrl Pts',(-75.817083353949,232.201813384422,-46.4776791576175));
#6279=CARTESIAN_POINT('Ctrl Pts',(-72.9471847825474,232.283855663531,-49.6659963681185));
#6280=CARTESIAN_POINT('Ctrl Pts',(-69.9818825852649,232.297844111802,-50.6271583487558));
#6281=CARTESIAN_POINT('Ctrl Pts',(-68.1981767756841,232.297844093652,-50.6271572875239));
#6282=CARTESIAN_POINT('Ctrl Pts',(-26.1981869540539,240.025002059624,-42.8999993215529));
#6283=CARTESIAN_POINT('Ctrl Pts',(-18.1981484266293,240.025005690452,-42.9000029523801));
#6284=CARTESIAN_POINT('Ctrl Pts',(-17.7986732403868,236.029976463886,-38.904973725815));
#6285=CARTESIAN_POINT('Ctrl Pts',(-26.1981869540539,232.297843905326,-50.6271574758509));
#6286=CARTESIAN_POINT('Ctrl Pts',(-18.1981484266293,232.297847536154,-50.6271611066781));
#6287=CARTESIAN_POINT('Ctrl Pts',(-17.7986732403868,228.302818309589,-46.632131880113));
#6288=CARTESIAN_POINT('',(-26.1981869540538,240.025001381177,-42.9));
#6289=CARTESIAN_POINT('Origin',(-68.1981767756841,240.025001381177,-42.9));
#6290=CARTESIAN_POINT('',(-68.1981767756841,240.025001381177,-42.9));
#6291=CARTESIAN_POINT('Ctrl Pts',(-76.5976903559836,236.029976293792,-38.9049740220096));
#6292=CARTESIAN_POINT('Ctrl Pts',(-76.1982127592806,240.02500424703,-42.9000019752471));
#6293=CARTESIAN_POINT('Ctrl Pts',(-68.1981767756841,240.025001826479,-42.8999995546964));
#6294=CARTESIAN_POINT('Ctrl Pts',(-76.5976903559836,228.302818435415,-46.6321318803872));
#6295=CARTESIAN_POINT('Ctrl Pts',(-76.1982127592806,232.297846388652,-50.6271598336247));
#6296=CARTESIAN_POINT('Ctrl Pts',(-68.1981767756841,232.297843968101,-50.627157413074));
#6297=CARTESIAN_POINT('Origin',(-26.198181864869,237.615001381177,-42.9));
#6298=CARTESIAN_POINT('',(-26.198181864869,237.615001381177,-42.9));
#6299=CARTESIAN_POINT('Ctrl Pts',(-26.198181864869,237.615001381177,-42.9));
#6300=CARTESIAN_POINT('Ctrl Pts',(-20.5622063026283,237.615001381177,-42.9));
#6301=CARTESIAN_POINT('Ctrl Pts',(-20.2099149408403,234.802524210844,-40.0875228296667));
#6302=CARTESIAN_POINT('Ctrl Pts',(-26.198181864869,231.732158668702,-48.7828427124747));
#6303=CARTESIAN_POINT('Ctrl Pts',(-20.5622063026283,231.732158668702,-48.7828427124747));
#6304=CARTESIAN_POINT('Ctrl Pts',(-20.2099149408403,228.919681498369,-45.9703655421414));
#6305=CARTESIAN_POINT('Ctrl Pts',(-74.586405760098,214.795001381177,-42.9));
#6306=CARTESIAN_POINT('Ctrl Pts',(-74.5315581799555,214.795001381177,-43.8306046022366));
#6307=CARTESIAN_POINT('Ctrl Pts',(-74.0339108220277,214.795001381177,-45.6669415991888));
#6308=CARTESIAN_POINT('Ctrl Pts',(-71.9167348112526,214.795001381177,-48.2532403336451));
#6309=CARTESIAN_POINT('Ctrl Pts',(-69.5965083916525,214.795001381177,-49.0656854249492));
#6310=CARTESIAN_POINT('Ctrl Pts',(-68.1981818605799,214.795001381177,-49.0656854249492));
#6311=CARTESIAN_POINT('Ctrl Pts',(-74.4857784735704,214.795001381177,-42.8940692715799));
#6312=CARTESIAN_POINT('Ctrl Pts',(-74.4409030016228,214.795265313868,-43.8113884918991));
#6313=CARTESIAN_POINT('Ctrl Pts',(-73.9671778994626,214.795281300514,-45.6293806351376));
#6314=CARTESIAN_POINT('Ctrl Pts',(-71.8857492086464,214.795364542321,-48.2028242054642));
#6315=CARTESIAN_POINT('Ctrl Pts',(-69.5848538675374,214.795001381177,-49.0133255473894));
#6316=CARTESIAN_POINT('Ctrl Pts',(-68.1981818605799,214.795001381177,-49.0133255473894));
#6317=CARTESIAN_POINT('Ctrl Pts',(-74.2853269138287,214.87513364855,-42.8822551423985));
#6318=CARTESIAN_POINT('Ctrl Pts',(-74.2596808543529,214.859881230045,-43.773169090111));
#6319=CARTESIAN_POINT('Ctrl Pts',(-73.8334795724992,214.83632908053,-45.5543811149312));
#6320=CARTESIAN_POINT('Ctrl Pts',(-71.8234150353897,214.818524434929,-48.1020288868135));
#6321=CARTESIAN_POINT('Ctrl Pts',(-69.5615567345829,214.815844605319,-48.9086335461234));
#6322=CARTESIAN_POINT('Ctrl Pts',(-68.1981818605799,214.815844605319,-48.9086335461234));
#6323=CARTESIAN_POINT('Ctrl Pts',(-74.1936982511826,215.070879927945,-42.8768547710638));
#6324=CARTESIAN_POINT('Ctrl Pts',(-74.1586925563719,215.026272210777,-43.7544746128208));
#6325=CARTESIAN_POINT('Ctrl Pts',(-73.7363797686674,214.949330768467,-45.5032547676316));
#6326=CARTESIAN_POINT('Ctrl Pts',(-71.7709139970849,214.885665341264,-48.0188848175339));
#6327=CARTESIAN_POINT('Ctrl Pts',(-69.5417911099441,214.875134644218,-48.8198667369593));
#6328=CARTESIAN_POINT('Ctrl Pts',(-68.1981818605799,214.875134644218,-48.8198667369593));
#6329=CARTESIAN_POINT('Ctrl Pts',(-74.1877880172419,215.171507817375,-42.8765064361975));
#6330=CARTESIAN_POINT('Ctrl Pts',(-74.1393636399262,215.117016241846,-43.7526194629058));
#6331=CARTESIAN_POINT('Ctrl Pts',(-73.7031335141539,215.016094909019,-45.4880351270306));
#6332=CARTESIAN_POINT('Ctrl Pts',(-71.7482299984175,214.927125760461,-47.9853647129287));
#6333=CARTESIAN_POINT('Ctrl Pts',(-69.5335581496884,214.912158668702,-48.7828427124746));
#6334=CARTESIAN_POINT('Ctrl Pts',(-68.1981818605799,214.912158668702,-48.7828427124746));
#6335=CARTESIAN_POINT('',(-68.1981818605799,214.795001381177,-49.0656854249492));
#6336=CARTESIAN_POINT('Ctrl Pts',(-74.586405760098,214.795001381177,-42.9));
#6337=CARTESIAN_POINT('Ctrl Pts',(-74.5315581799555,214.795001381177,-43.8306046022366));
#6338=CARTESIAN_POINT('Ctrl Pts',(-74.0339108220277,214.795001381177,-45.6669415991888));
#6339=CARTESIAN_POINT('Ctrl Pts',(-71.9167348112526,214.795001381177,-48.2532403336451));
#6340=CARTESIAN_POINT('Ctrl Pts',(-69.5965083916525,214.795001381177,-49.0656854249492));
#6341=CARTESIAN_POINT('Ctrl Pts',(-68.1981818605799,214.795001381177,-49.0656854249492));
#6342=CARTESIAN_POINT('',(-68.1981818605799,214.912158668702,-48.7828427124746));
#6343=CARTESIAN_POINT('Origin',(-68.1981818605799,215.195001381177,-49.0656854249492));
#6344=CARTESIAN_POINT('Ctrl Pts',(-68.1981818605799,214.912158668702,-48.7828427124746));
#6345=CARTESIAN_POINT('Ctrl Pts',(-69.5335581496884,214.912158668702,-48.7828427124746));
#6346=CARTESIAN_POINT('Ctrl Pts',(-71.7482299984175,214.927125760461,-47.9853647129287));
#6347=CARTESIAN_POINT('Ctrl Pts',(-73.6981404995454,215.015867673119,-45.4944135508271));
#6348=CARTESIAN_POINT('Ctrl Pts',(-74.1354504274904,215.116115072068,-43.7681267764554));
#6349=CARTESIAN_POINT('Ctrl Pts',(-74.1864486897734,215.1700474333,-42.8999999940701));
#6350=CARTESIAN_POINT('Origin',(-36.1490909301049,215.195001381177,-49.0656854249493));
#6351=CARTESIAN_POINT('',(-26.1981818605799,214.795001381177,-49.0656854249493));
#6352=CARTESIAN_POINT('',(-26.1981818605799,214.912158668702,-48.7828427124747));
#6353=CARTESIAN_POINT('Origin',(-26.1981818605799,215.195001381177,-49.0656854249493));
#6354=CARTESIAN_POINT('',(-36.1490909301049,214.912158668702,-48.7828427124747));
#6355=CARTESIAN_POINT('',(-36.1490909301049,214.795001381177,-49.0656854249493));
#6356=CARTESIAN_POINT('Ctrl Pts',(-26.1981818605799,214.795001381177,-49.0656854249493));
#6357=CARTESIAN_POINT('Ctrl Pts',(-24.7998553295072,214.795001381177,-49.0656854249493));
#6358=CARTESIAN_POINT('Ctrl Pts',(-22.4796200273428,214.795001381177,-48.2532632819077));
#6359=CARTESIAN_POINT('Ctrl Pts',(-20.362447402246,214.795001381177,-45.6669528533513));
#6360=CARTESIAN_POINT('Ctrl Pts',(-19.8648055412042,214.795001381177,-43.8306046022366));
#6361=CARTESIAN_POINT('Ctrl Pts',(-19.8099579610617,214.795001381177,-42.9));
#6362=CARTESIAN_POINT('Ctrl Pts',(-26.1981818605799,214.795001381177,-49.0133255473894));
#6363=CARTESIAN_POINT('Ctrl Pts',(-24.8115098536223,214.795001381177,-49.0133255473894));
#6364=CARTESIAN_POINT('Ctrl Pts',(-22.5106060934477,214.79536179185,-48.2028471425282));
#6365=CARTESIAN_POINT('Ctrl Pts',(-20.4291806388692,214.795279059595,-45.6293917609802));
#6366=CARTESIAN_POINT('Ctrl Pts',(-19.9554607195369,214.795265313868,-43.8113884918992));
#6367=CARTESIAN_POINT('Ctrl Pts',(-19.9105852475893,214.795001381177,-42.8940692715799));
#6368=CARTESIAN_POINT('Ctrl Pts',(-26.1981818605799,214.815844332276,-48.9086334330251));
#6369=CARTESIAN_POINT('Ctrl Pts',(-24.8348069865769,214.815844332276,-48.9086334330251));
#6370=CARTESIAN_POINT('Ctrl Pts',(-22.5729396285768,214.818523456802,-48.1020514816043));
#6371=CARTESIAN_POINT('Ctrl Pts',(-20.5628785938798,214.836327574892,-45.5543915456276));
#6372=CARTESIAN_POINT('Ctrl Pts',(-20.1366854573577,214.85987847783,-43.7731689374303));
#6373=CARTESIAN_POINT('Ctrl Pts',(-20.1110393978819,214.875130896336,-42.8822549897177));
#6374=CARTESIAN_POINT('Ctrl Pts',(-26.1981818605799,214.875134644218,-48.8198667369593));
#6375=CARTESIAN_POINT('Ctrl Pts',(-24.8545726112158,214.875134644218,-48.8198667369593));
#6376=CARTESIAN_POINT('Ctrl Pts',(-22.6254447042883,214.885664546521,-48.018907644076));
#6377=CARTESIAN_POINT('Ctrl Pts',(-20.6599817374692,214.949329409883,-45.5032651655917));
#6378=CARTESIAN_POINT('Ctrl Pts',(-20.2376711647878,215.026272210777,-43.754474612821));
#6379=CARTESIAN_POINT('Ctrl Pts',(-20.2026654699771,215.070879927945,-42.8768547710638));
#6380=CARTESIAN_POINT('Ctrl Pts',(-26.1981818605799,214.912158668702,-48.7828427124746));
#6381=CARTESIAN_POINT('Ctrl Pts',(-24.8628055714715,214.912158668702,-48.7828427124746));
#6382=CARTESIAN_POINT('Ctrl Pts',(-22.648127172679,214.927125757397,-47.985387658128));
#6383=CARTESIAN_POINT('Ctrl Pts',(-20.6932270940537,215.01609380022,-45.4880452723942));
#6384=CARTESIAN_POINT('Ctrl Pts',(-20.2570000812335,215.117016241846,-43.752619462906));
#6385=CARTESIAN_POINT('Ctrl Pts',(-20.2085757039178,215.171507817375,-42.8765064361975));
#6386=CARTESIAN_POINT('Ctrl Pts',(-20.2099150309449,215.170047433241,-42.8999999940977));
#6387=CARTESIAN_POINT('Ctrl Pts',(-20.2609132656666,215.116115062237,-43.7681268663104));
#6388=CARTESIAN_POINT('Ctrl Pts',(-20.6982200996318,215.015866567156,-45.4944237285612));
#6389=CARTESIAN_POINT('Ctrl Pts',(-22.648127172679,214.927125757397,-47.985387658128));
#6390=CARTESIAN_POINT('Ctrl Pts',(-24.8628055714715,214.912158668702,-48.7828427124746));
#6391=CARTESIAN_POINT('Ctrl Pts',(-26.1981818605799,214.912158668702,-48.7828427124746));
#6392=CARTESIAN_POINT('Ctrl Pts',(-26.1981818605799,214.795001381177,-49.0656854249493));
#6393=CARTESIAN_POINT('Ctrl Pts',(-24.7998553295072,214.795001381177,-49.0656854249493));
#6394=CARTESIAN_POINT('Ctrl Pts',(-22.4796200273428,214.795001381177,-48.2532632819077));
#6395=CARTESIAN_POINT('Ctrl Pts',(-20.362447402246,214.795001381177,-45.6669528533513));
#6396=CARTESIAN_POINT('Ctrl Pts',(-19.8648055412042,214.795001381177,-43.8306046022366));
#6397=CARTESIAN_POINT('Ctrl Pts',(-19.8099579610617,214.795001381177,-42.9));
#6398=CARTESIAN_POINT('Origin',(-46.09999999963,214.795001381177,-52.9));
#6399=CARTESIAN_POINT('',(-68.198176771395,214.795001381177,-50.3443145750508));
#6400=CARTESIAN_POINT('Ctrl Pts',(-68.198176942553,214.795001381177,-50.3443145750493));
#6401=CARTESIAN_POINT('Ctrl Pts',(-69.9218936689664,214.795001381177,-50.3443156181305));
#6402=CARTESIAN_POINT('Ctrl Pts',(-72.7874764267886,214.795001381177,-49.3971533004634));
#6403=CARTESIAN_POINT('Ctrl Pts',(-75.4904880338504,214.795001381177,-46.2960154907131));
#6404=CARTESIAN_POINT('Ctrl Pts',(-76.1375508348287,214.795001381177,-44.0408899860072));
#6405=CARTESIAN_POINT('Ctrl Pts',(-76.1976622618009,214.795001381177,-42.8999999679862));
#6406=CARTESIAN_POINT('',(-26.1981866930277,214.795001381177,-50.3443145750513));
#6407=CARTESIAN_POINT('',(-57.1490883855125,214.795001381177,-50.3443145750508));
#6408=CARTESIAN_POINT('Ctrl Pts',(-18.1987010650865,214.795001381177,-42.8999999816979));
#6409=CARTESIAN_POINT('Ctrl Pts',(-18.2436751330509,214.795001381177,-43.7540169175874));
#6410=CARTESIAN_POINT('Ctrl Pts',(-18.6265451388779,214.795001381177,-45.4522568221412));
#6411=CARTESIAN_POINT('Ctrl Pts',(-20.1535586622762,214.795001381177,-47.9246070694301));
#6412=CARTESIAN_POINT('Ctrl Pts',(-22.7512761376086,214.795001381177,-49.8492835844096));
#6413=CARTESIAN_POINT('Ctrl Pts',(-25.0490421075641,214.795001381177,-50.3443156181326));
#6414=CARTESIAN_POINT('Ctrl Pts',(-26.1981866930277,214.795001381177,-50.3443145750513));
#6415=CARTESIAN_POINT('Ctrl Pts',(-74.1864487846085,217.982524210844,-40.0875228296667));
#6416=CARTESIAN_POINT('Ctrl Pts',(-73.8341574228205,220.795001381177,-42.9));
#6417=CARTESIAN_POINT('Ctrl Pts',(-68.1981818605799,220.795001381177,-42.9));
#6418=CARTESIAN_POINT('Ctrl Pts',(-74.1864487846085,212.099681498369,-45.9703655421414));
#6419=CARTESIAN_POINT('Ctrl Pts',(-73.8341574228205,214.912158668702,-48.7828427124746));
#6420=CARTESIAN_POINT('Ctrl Pts',(-68.1981818605799,214.912158668702,-48.7828427124746));
#6421=CARTESIAN_POINT('',(-68.1981818605799,220.795001381177,-42.9));
#6422=CARTESIAN_POINT('Ctrl Pts',(-18.1976735391964,214.795001381177,-42.8799797966117));
#6423=CARTESIAN_POINT('Ctrl Pts',(-18.2407032576061,214.795001381177,-43.7407959900063));
#6424=CARTESIAN_POINT('Ctrl Pts',(-18.6229851923034,214.795001381177,-45.4464929997133));
#6425=CARTESIAN_POINT('Ctrl Pts',(-20.1535586622762,214.795001381177,-47.9246070694301));
#6426=CARTESIAN_POINT('Ctrl Pts',(-22.7512761376086,214.795001381177,-49.8492835844096));
#6427=CARTESIAN_POINT('Ctrl Pts',(-25.0490421075641,214.795001381177,-50.3443156181326));
#6428=CARTESIAN_POINT('Ctrl Pts',(-26.1981866930277,214.795001381177,-50.3443145750513));
#6429=CARTESIAN_POINT('Ctrl Pts',(-18.1360103517168,214.795001381177,-42.8830621614811));
#6430=CARTESIAN_POINT('Ctrl Pts',(-18.1751027915074,214.794981946078,-43.7510720614935));
#6431=CARTESIAN_POINT('Ctrl Pts',(-18.552541424832,214.794995523547,-45.474098230321));
#6432=CARTESIAN_POINT('Ctrl Pts',(-20.0905623694806,214.794949172111,-47.9823958320012));
#6433=CARTESIAN_POINT('Ctrl Pts',(-22.71324114152,214.794932452814,-49.9323639544732));
#6434=CARTESIAN_POINT('Ctrl Pts',(-25.0363651695093,214.795001381137,-50.434075422172));
#6435=CARTESIAN_POINT('Ctrl Pts',(-26.1981867745029,214.795001381177,-50.4340743651538));
#6436=CARTESIAN_POINT('Ctrl Pts',(-18.0127428586045,214.824156761178,-42.8892239478861));
#6437=CARTESIAN_POINT('Ctrl Pts',(-18.043959087582,214.828282912638,-43.7716215756258));
#6438=CARTESIAN_POINT('Ctrl Pts',(-18.4117108564152,214.837231136426,-45.5292161077686));
#6439=CARTESIAN_POINT('Ctrl Pts',(-19.9646008102533,214.848965778614,-48.0978158552812));
#6440=CARTESIAN_POINT('Ctrl Pts',(-22.637204437275,214.856305799755,-50.0983006027588));
#6441=CARTESIAN_POINT('Ctrl Pts',(-25.0110043602419,214.857964349474,-50.6132343722296));
#6442=CARTESIAN_POINT('Ctrl Pts',(-26.1981869371259,214.857964345919,-50.6132332873223));
#6443=CARTESIAN_POINT('Ctrl Pts',(-17.866685369519,214.945869101594,-42.8965249404501));
#6444=CARTESIAN_POINT('Ctrl Pts',(-17.8938980259023,214.965978362984,-43.7956939850329));
#6445=CARTESIAN_POINT('Ctrl Pts',(-18.2638967728538,215.008261166488,-45.5894693225864));
#6446=CARTESIAN_POINT('Ctrl Pts',(-19.8482796360291,215.060820344342,-48.2075593720845));
#6447=CARTESIAN_POINT('Ctrl Pts',(-22.5728584885237,215.092227142323,-50.2420105053076));
#6448=CARTESIAN_POINT('Ctrl Pts',(-24.9895603021059,215.099108019793,-50.7651665909313));
#6449=CARTESIAN_POINT('Ctrl Pts',(-26.1981870750351,215.099108004774,-50.7651654885958));
#6450=CARTESIAN_POINT('Ctrl Pts',(-17.803159682622,215.091075329368,-42.8997004062928));
#6451=CARTESIAN_POINT('Ctrl Pts',(-17.8377515235164,215.126967780165,-43.8057169465082));
#6452=CARTESIAN_POINT('Ctrl Pts',(-18.231228435581,215.198899754705,-45.6068327474082));
#6453=CARTESIAN_POINT('Ctrl Pts',(-19.8495097054614,215.280517343533,-48.21195450086));
#6454=CARTESIAN_POINT('Ctrl Pts',(-22.5841725910826,215.325541894541,-50.222721609299));
#6455=CARTESIAN_POINT('Ctrl Pts',(-24.9933114748479,215.33498880168,-50.7383690360379));
#6456=CARTESIAN_POINT('Ctrl Pts',(-26.1981870507109,215.334988780703,-50.7383679487207));
#6457=CARTESIAN_POINT('Ctrl Pts',(-17.7971319474383,215.184114762958,-42.9000017153872));
#6458=CARTESIAN_POINT('Ctrl Pts',(-17.8411076080668,215.227199002009,-43.8062257730667));
#6459=CARTESIAN_POINT('Ctrl Pts',(-18.2571467680928,215.309607215549,-45.6002064611183));
#6460=CARTESIAN_POINT('Ctrl Pts',(-19.8944390718138,215.394560673808,-48.1745984898121));
#6461=CARTESIAN_POINT('Ctrl Pts',(-22.6179615559933,215.437420216813,-50.1523712220074));
#6462=CARTESIAN_POINT('Ctrl Pts',(-25.0045882499198,215.44610923482,-50.6588932338221));
#6463=CARTESIAN_POINT('Ctrl Pts',(-26.1981869785706,215.446109215522,-50.6588921656555));
#6464=CARTESIAN_POINT('Ctrl Pts',(-17.7986692932762,215.214946452469,-42.8999248679033));
#6465=CARTESIAN_POINT('Ctrl Pts',(-17.8462038793734,215.260006741006,-43.8058013498352));
#6466=CARTESIAN_POINT('Ctrl Pts',(-18.2703203028606,215.344692029261,-45.596183647797));
#6467=CARTESIAN_POINT('Ctrl Pts',(-19.9132778058875,215.428854353394,-48.1584600416467));
#6468=CARTESIAN_POINT('Ctrl Pts',(-22.6313755439787,215.469737660404,-50.1240198636362));
#6469=CARTESIAN_POINT('Ctrl Pts',(-25.0090496386679,215.477844111802,-50.6271583487579));
#6470=CARTESIAN_POINT('Ctrl Pts',(-26.1981869497648,215.477844093652,-50.6271572875258));
#6471=CARTESIAN_POINT('',(-26.1981869497648,215.477844093651,-50.6271572875258));
#6472=CARTESIAN_POINT('Origin',(-26.1981866930277,215.195001381177,-50.3443145750513));
#6473=CARTESIAN_POINT('Ctrl Pts',(-26.1981869497648,215.477844093652,-50.6271572875258));
#6474=CARTESIAN_POINT('Ctrl Pts',(-25.0090496386679,215.477844111802,-50.6271583487579));
#6475=CARTESIAN_POINT('Ctrl Pts',(-22.6313755439787,215.469737660404,-50.1240198636362));
#6476=CARTESIAN_POINT('Ctrl Pts',(-19.9132778058875,215.428854353394,-48.1584600416467));
#6477=CARTESIAN_POINT('Ctrl Pts',(-18.2703339293184,215.344692727291,-45.5962048989559));
#6478=CARTESIAN_POINT('Ctrl Pts',(-17.8462156046866,215.260009082225,-43.8058508470475));
#6479=CARTESIAN_POINT('Ctrl Pts',(-17.798673236105,215.214950189699,-42.8999999999961));
#6480=CARTESIAN_POINT('Origin',(-57.1490883855125,215.195001381177,-50.3443145750508));
#6481=CARTESIAN_POINT('',(-68.198176771395,215.477844093652,-50.6271572875254));
#6482=CARTESIAN_POINT('Origin',(-68.198176771395,215.195001381177,-50.3443145750508));
#6483=CARTESIAN_POINT('',(-57.1490883855125,215.477844093652,-50.6271572875254));
#6484=CARTESIAN_POINT('Ctrl Pts',(-68.198176942553,214.795001381177,-50.3443145750493));
#6485=CARTESIAN_POINT('Ctrl Pts',(-69.9218936689664,214.795001381177,-50.3443156181305));
#6486=CARTESIAN_POINT('Ctrl Pts',(-72.7874764267886,214.795001381177,-49.3971533004634));
#6487=CARTESIAN_POINT('Ctrl Pts',(-75.4949862285686,214.795001381177,-46.290854757522));
#6488=CARTESIAN_POINT('Ctrl Pts',(-76.1413167449342,214.795001381177,-44.0277344753177));
#6489=CARTESIAN_POINT('Ctrl Pts',(-76.198690061277,214.795001381177,-42.8799796695253));
#6490=CARTESIAN_POINT('Ctrl Pts',(-68.1981768882362,214.795001381177,-50.4340743651518));
#6491=CARTESIAN_POINT('Ctrl Pts',(-69.9409091422702,214.795001381137,-50.43407542217));
#6492=CARTESIAN_POINT('Ctrl Pts',(-72.8380977343498,214.794886762919,-49.4740591048595));
#6493=CARTESIAN_POINT('Ctrl Pts',(-75.5665289812431,214.794999091461,-46.3279733267704));
#6494=CARTESIAN_POINT('Ctrl Pts',(-76.2082296441149,214.7949754677,-44.0404084712307));
#6495=CARTESIAN_POINT('Ctrl Pts',(-76.2603532597851,214.795001381177,-42.8830620545233));
#6496=CARTESIAN_POINT('Ctrl Pts',(-68.1981767798208,214.857966318829,-50.6132334967921));
#6497=CARTESIAN_POINT('Ctrl Pts',(-69.9789504883407,214.857966322384,-50.6132345816994));
#6498=CARTESIAN_POINT('Ctrl Pts',(-72.9393155044941,214.854960197925,-49.6277298464745));
#6499=CARTESIAN_POINT('Ctrl Pts',(-75.7095805660513,214.841706521819,-46.4020624711959));
#6500=CARTESIAN_POINT('Ctrl Pts',(-76.3419987985945,214.829658715532,-44.0657539406873));
#6501=CARTESIAN_POINT('Ctrl Pts',(-76.3836208081505,214.824157180148,-42.8892238828262));
#6502=CARTESIAN_POINT('Ctrl Pts',(-68.1981766878812,215.099108900574,-50.7651657509662));
#6503=CARTESIAN_POINT('Ctrl Pts',(-70.0111166876364,215.099108915593,-50.7651668533016));
#6504=CARTESIAN_POINT('Ctrl Pts',(-73.02513338718,215.086742827995,-49.7643457146921));
#6505=CARTESIAN_POINT('Ctrl Pts',(-75.852501792084,215.028872131013,-46.4804107018306));
#6506=CARTESIAN_POINT('Ctrl Pts',(-76.4933943944785,214.972681677358,-44.0954168701862));
#6507=CARTESIAN_POINT('Ctrl Pts',(-76.529678319546,214.945869329626,-42.8965249228769));
#6508=CARTESIAN_POINT('Ctrl Pts',(-68.1981767040974,215.334989531533,-50.7383681650104));
#6509=CARTESIAN_POINT('Ctrl Pts',(-70.0054899087488,215.33498955251,-50.7383692523275));
#6510=CARTESIAN_POINT('Ctrl Pts',(-73.0102195590422,215.318264096176,-49.75274083067));
#6511=CARTESIAN_POINT('Ctrl Pts',(-75.8713499657288,215.23247105448,-46.4981370763641));
#6512=CARTESIAN_POINT('Ctrl Pts',(-76.5470811304726,215.138932171052,-44.1077223411492));
#6513=CARTESIAN_POINT('Ctrl Pts',(-76.5932039768573,215.091075575047,-42.8997004074094));
#6514=CARTESIAN_POINT('Ctrl Pts',(-68.1981767521911,215.446109215522,-50.6588921656535));
#6515=CARTESIAN_POINT('Ctrl Pts',(-69.9885746875136,215.44610923482,-50.6588932338201));
#6516=CARTESIAN_POINT('Ctrl Pts',(-72.9651093196465,215.431002359702,-49.6911793647659));
#6517=CARTESIAN_POINT('Ctrl Pts',(-75.8341198161175,215.346363781771,-46.4846693108938));
#6518=CARTESIAN_POINT('Ctrl Pts',(-76.5405970414718,215.241560525247,-44.1083003308387));
#6519=CARTESIAN_POINT('Ctrl Pts',(-76.5992316504241,215.18411488349,-42.9000017153373));
#6520=CARTESIAN_POINT('Ctrl Pts',(-68.198176771395,215.477844093652,-50.6271572875238));
#6521=CARTESIAN_POINT('Ctrl Pts',(-69.9818825809759,215.477844111802,-50.6271583487558));
#6522=CARTESIAN_POINT('Ctrl Pts',(-72.9471914021079,215.463857171396,-49.6660090906828));
#6523=CARTESIAN_POINT('Ctrl Pts',(-75.8171057361559,215.381814834771,-46.4776682111165));
#6524=CARTESIAN_POINT('Ctrl Pts',(-76.5343144510885,215.275026950879,-44.1077600450193));
#6525=CARTESIAN_POINT('Ctrl Pts',(-76.5976942945955,215.214946578518,-42.899924866866));
#6526=CARTESIAN_POINT('Ctrl Pts',(-76.5976903516837,215.214950315797,-42.8999999999911));
#6527=CARTESIAN_POINT('Ctrl Pts',(-76.5342995797127,215.275029165112,-44.1078091848541));
#6528=CARTESIAN_POINT('Ctrl Pts',(-75.8170887340161,215.381815320812,-46.4776870997004));
#6529=CARTESIAN_POINT('Ctrl Pts',(-72.9471914021079,215.463857171396,-49.6660090906828));
#6530=CARTESIAN_POINT('Ctrl Pts',(-69.9818825809759,215.477844111802,-50.6271583487558));
#6531=CARTESIAN_POINT('Ctrl Pts',(-68.198176771395,215.477844093652,-50.6271572875238));
#6532=CARTESIAN_POINT('Ctrl Pts',(-26.1981869497648,223.205002059624,-42.8999993215529));
#6533=CARTESIAN_POINT('Ctrl Pts',(-18.1981484223402,223.205005690452,-42.9000029523801));
#6534=CARTESIAN_POINT('Ctrl Pts',(-17.7986732360977,219.209976463887,-38.904973725815));
#6535=CARTESIAN_POINT('Ctrl Pts',(-26.1981869497648,215.477843905326,-50.6271574758509));
#6536=CARTESIAN_POINT('Ctrl Pts',(-18.1981484223402,215.477847536154,-50.6271611066781));
#6537=CARTESIAN_POINT('Ctrl Pts',(-17.7986732360977,211.482818309589,-46.632131880113));
#6538=CARTESIAN_POINT('',(-26.1981869497648,223.205001381177,-42.9));
#6539=CARTESIAN_POINT('Origin',(-68.198176771395,223.205001381177,-42.9));
#6540=CARTESIAN_POINT('',(-68.198176771395,223.205001381177,-42.9));
#6541=CARTESIAN_POINT('Ctrl Pts',(-76.5976903516945,219.209976293792,-38.9049740220096));
#6542=CARTESIAN_POINT('Ctrl Pts',(-76.1982127549915,223.20500424703,-42.9000019752471));
#6543=CARTESIAN_POINT('Ctrl Pts',(-68.198176771395,223.205001826479,-42.8999995546964));
#6544=CARTESIAN_POINT('Ctrl Pts',(-76.5976903516945,211.482818435415,-46.6321318803872));
#6545=CARTESIAN_POINT('Ctrl Pts',(-76.1982127549915,215.477846388652,-50.6271598336247));
#6546=CARTESIAN_POINT('Ctrl Pts',(-68.198176771395,215.477843968101,-50.627157413074));
#6547=CARTESIAN_POINT('Origin',(-26.1981818605799,220.795001381177,-42.9));
#6548=CARTESIAN_POINT('',(-26.1981818605799,220.795001381177,-42.9));
#6549=CARTESIAN_POINT('Ctrl Pts',(-26.1981818605799,220.795001381177,-42.9));
#6550=CARTESIAN_POINT('Ctrl Pts',(-20.5622062983392,220.795001381177,-42.9));
#6551=CARTESIAN_POINT('Ctrl Pts',(-20.2099149365512,217.982524210844,-40.0875228296667));
#6552=CARTESIAN_POINT('Ctrl Pts',(-26.1981818605799,214.912158668702,-48.7828427124747));
#6553=CARTESIAN_POINT('Ctrl Pts',(-20.5622062983392,214.912158668702,-48.7828427124747));
#6554=CARTESIAN_POINT('Ctrl Pts',(-20.2099149365512,212.099681498369,-45.9703655421414));
#6555=CARTESIAN_POINT('Origin',(-13.5500000114875,236.500000009198,-41.55));
#6556=CARTESIAN_POINT('',(-12.19999999963,190.000000006609,-40.2));
#6557=CARTESIAN_POINT('',(-12.19999999963,190.000000006609,-40.2));
#6558=CARTESIAN_POINT('',(-12.2000000144199,248.000000006609,-40.2));
#6559=CARTESIAN_POINT('',(-14.90000001442,248.000000005921,-42.9));
#6560=CARTESIAN_POINT('',(-12.2000000114875,236.500000009542,-40.2));
#6561=CARTESIAN_POINT('Origin',(-18.19999999963,190.000000005079,-41.55));
#6562=CARTESIAN_POINT('',(-18.19999999963,184.000000005079,-40.2));
#6563=CARTESIAN_POINT('Origin',(-18.19999999963,190.000000005079,-40.2));
#6564=CARTESIAN_POINT('',(-18.19999999963,184.000000005079,-40.2));
#6565=CARTESIAN_POINT('Origin',(-29.6999999981,185.350000005079,-41.55));
#6566=CARTESIAN_POINT('',(-76.1999999981,184.000000005079,-40.2));
#6567=CARTESIAN_POINT('',(-76.1999999981,184.000000005079,-40.2));
#6568=CARTESIAN_POINT('',(-29.6999999981,184.000000005079,-40.2));
#6569=CARTESIAN_POINT('Origin',(-76.1999999981,190.000000005079,-41.55));
#6570=CARTESIAN_POINT('',(-82.1999999981,190.000000005079,-40.2));
#6571=CARTESIAN_POINT('Origin',(-76.1999999981,190.000000005079,-40.2));
#6572=CARTESIAN_POINT('',(-82.1999999981,190.000000005079,-40.2));
#6573=CARTESIAN_POINT('Origin',(-80.8499999981,201.500000005079,-41.55));
#6574=CARTESIAN_POINT('',(-82.1999999981,248.000000005079,-40.2));
#6575=CARTESIAN_POINT('',(-82.1999999981,248.000000005079,-40.2));
#6576=CARTESIAN_POINT('',(-82.1999999981,201.500000005079,-40.2));
#6577=CARTESIAN_POINT('Origin',(-76.1999999981,248.000000005079,-41.55));
#6578=CARTESIAN_POINT('',(-76.1999999981,254.000000005079,-40.2));
#6579=CARTESIAN_POINT('Origin',(-76.1999999981,248.000000005079,-40.2));
#6580=CARTESIAN_POINT('',(-76.1999999981,254.000000005079,-40.2));
#6581=CARTESIAN_POINT('Origin',(-64.6999999981,252.650000005079,-41.55));
#6582=CARTESIAN_POINT('',(-18.20000001442,254.000000005079,-40.2));
#6583=CARTESIAN_POINT('',(-18.20000001442,254.000000005079,-40.2));
#6584=CARTESIAN_POINT('',(-64.6999999981,254.000000005079,-40.2));
#6585=CARTESIAN_POINT('Origin',(-18.20000001442,248.000000005079,-41.55));
#6586=CARTESIAN_POINT('Origin',(-18.20000001442,248.000000005079,-40.2));
#6587=CARTESIAN_POINT('Origin',(-76.1999999981,190.000000005079,-40.));
#6588=CARTESIAN_POINT('',(-76.1999999981,184.000000005079,-40.));
#6589=CARTESIAN_POINT('',(-76.1999999981,184.000000005079,-40.));
#6590=CARTESIAN_POINT('',(-82.1999999981,190.000000005079,-40.));
#6591=CARTESIAN_POINT('Origin',(-76.1999999981,190.000000005079,-40.));
#6592=CARTESIAN_POINT('',(-82.1999999981,190.000000005079,-40.));
#6593=CARTESIAN_POINT('Origin',(-12.1999999981,184.000000005079,-40.));
#6594=CARTESIAN_POINT('',(-18.19999999963,184.000000005079,-40.));
#6595=CARTESIAN_POINT('',(-18.19999999963,184.000000005079,-40.));
#6596=CARTESIAN_POINT('',(-82.1999999981,184.000000005079,-40.));
#6597=CARTESIAN_POINT('Origin',(-18.19999999963,190.000000005079,-40.));
#6598=CARTESIAN_POINT('',(-12.19999999963,190.000000006609,-40.));
#6599=CARTESIAN_POINT('',(-12.19999999963,190.000000006609,-40.));
#6600=CARTESIAN_POINT('Origin',(-18.19999999963,190.000000005079,-40.));
#6601=CARTESIAN_POINT('Origin',(-12.2000000159499,254.000000005079,-40.));
#6602=CARTESIAN_POINT('',(-12.2000000144199,248.000000006609,-40.));
#6603=CARTESIAN_POINT('',(-12.2000000144199,248.000000006609,-40.));
#6604=CARTESIAN_POINT('',(-12.1999999981,184.000000005079,-40.));
#6605=CARTESIAN_POINT('Origin',(-47.1999999981,219.000000005079,-40.));
#6606=CARTESIAN_POINT('',(-18.20000001442,254.000000005079,-40.));
#6607=CARTESIAN_POINT('Origin',(-18.20000001442,248.000000005079,-40.));
#6608=CARTESIAN_POINT('',(-76.1999999981,254.000000005079,-40.));
#6609=CARTESIAN_POINT('',(-12.2000000159499,254.000000005079,-40.));
#6610=CARTESIAN_POINT('',(-82.1999999981,248.000000005079,-40.));
#6611=CARTESIAN_POINT('Origin',(-76.1999999981,248.000000005079,-40.));
#6612=CARTESIAN_POINT('',(-82.1999999981,254.000000005079,-40.));
#6613=CARTESIAN_POINT('Origin',(-76.1999999981,248.000000005079,-40.));
#6614=CARTESIAN_POINT('',(-82.1999999981,248.000000005079,-40.));
#6615=CARTESIAN_POINT('',(-76.1999999981,254.000000005079,-40.));
#6616=CARTESIAN_POINT('Origin',(-82.1999999981,254.000000005079,-40.));
#6617=CARTESIAN_POINT('',(-18.20000001442,254.000000005079,-40.));
#6618=CARTESIAN_POINT('Origin',(-18.20000001442,248.000000005079,-40.));
#6619=CARTESIAN_POINT('Origin',(-82.1999999981,184.000000005079,-40.));
#6620=UNCERTAINTY_MEASURE_WITH_UNIT(LENGTH_MEASURE(0.01),#6624,
'DISTANCE_ACCURACY_VALUE',
'Maximum model space distance between geometric entities at asserted c
onnectivities');
#6621=UNCERTAINTY_MEASURE_WITH_UNIT(LENGTH_MEASURE(0.01),#6624,
'DISTANCE_ACCURACY_VALUE',
'Maximum model space distance between geometric entities at asserted c
onnectivities');
#6622=(
GEOMETRIC_REPRESENTATION_CONTEXT(3)
GLOBAL_UNCERTAINTY_ASSIGNED_CONTEXT((#6620))
GLOBAL_UNIT_ASSIGNED_CONTEXT((#6624,#6626,#6627))
REPRESENTATION_CONTEXT('','3D')
);
#6623=(
GEOMETRIC_REPRESENTATION_CONTEXT(3)
GLOBAL_UNCERTAINTY_ASSIGNED_CONTEXT((#6621))
GLOBAL_UNIT_ASSIGNED_CONTEXT((#6624,#6626,#6627))
REPRESENTATION_CONTEXT('','3D')
);
#6624=(
LENGTH_UNIT()
NAMED_UNIT(*)
SI_UNIT(.MILLI.,.METRE.)
);
#6625=(
LENGTH_UNIT()
NAMED_UNIT(*)
SI_UNIT($,.METRE.)
);
#6626=(
NAMED_UNIT(*)
PLANE_ANGLE_UNIT()
SI_UNIT($,.RADIAN.)
);
#6627=(
NAMED_UNIT(*)
SI_UNIT($,.STERADIAN.)
SOLID_ANGLE_UNIT()
);
#6628=SHAPE_DEFINITION_REPRESENTATION(#6629,#6630);
#6629=PRODUCT_DEFINITION_SHAPE('',$,#6632);
#6630=SHAPE_REPRESENTATION('',(#2495),#6622);
#6631=PRODUCT_DEFINITION_CONTEXT('part definition',#6636,'design');
#6632=PRODUCT_DEFINITION('Fan_Grid','Fan_Grid',#6633,#6631);
#6633=PRODUCT_DEFINITION_FORMATION('',$,#6638);
#6634=PRODUCT_RELATED_PRODUCT_CATEGORY('Fan_Grid','Fan_Grid',(#6638));
#6635=APPLICATION_PROTOCOL_DEFINITION('international standard',
'automotive_design',2009,#6636);
#6636=APPLICATION_CONTEXT(
'Core Data for Automotive Mechanical Design Process');
#6637=PRODUCT_CONTEXT('part definition',#6636,'mechanical');
#6638=PRODUCT('Fan_Grid','Fan_Grid',$,(#6637));
#6639=PRESENTATION_STYLE_ASSIGNMENT((#6641));
#6640=PRESENTATION_STYLE_ASSIGNMENT((#6642));
#6641=SURFACE_STYLE_USAGE(.BOTH.,#6643);
#6642=SURFACE_STYLE_USAGE(.BOTH.,#6644);
#6643=SURFACE_SIDE_STYLE('',(#6645));
#6644=SURFACE_SIDE_STYLE('',(#6646));
#6645=SURFACE_STYLE_FILL_AREA(#6647);
#6646=SURFACE_STYLE_FILL_AREA(#6648);
#6647=FILL_AREA_STYLE('Steel - Satin',(#6649));
#6648=FILL_AREA_STYLE('Opaque(76,76,76)',(#6650));
#6649=FILL_AREA_STYLE_COLOUR('Steel - Satin',#6651);
#6650=FILL_AREA_STYLE_COLOUR('Opaque(76,76,76)',#6652);
#6651=COLOUR_RGB('Steel - Satin',0.627450980392157,0.627450980392157,0.627450980392157);
#6652=COLOUR_RGB('Opaque(76,76,76)',0.298039215686275,0.298039215686275,
0.298039215686275);
ENDSEC;
END-ISO-10303-21;
